Time,Temp(F),Humidity(%),WindSpeed(mph)
8/28/13 1:00,60.1,86,16.1
8/28/13 2:00,60.1,86,11.5
8/28/13 3:00,60.1,86,8.1
8/28/13 4:00,60.1,86,10.4
8/28/13 5:00,60.1,86,8.1
8/28/13 6:00,60.1,83,5.8
8/28/13 7:00,59,87,5.8
8/28/13 8:00,61,83,0
8/28/13 9:00,62.6,77,3.5
8/28/13 9:00,62.1,80,4.6
8/28/13 10:00,64,78,6.9
8/28/13 11:00,66,75,12.7
8/28/13 11:00,68,68,10.4
8/28/13 12:00,69.1,70,12.7
8/28/13 13:00,73,61,15
8/28/13 14:00,73,64,15
8/28/13 15:00,73,61,21.9
8/28/13 16:00,71.1,66,20.7
8/28/13 17:00,69.1,70,21.9
8/28/13 18:00,68,76,24.2
8/28/13 18:00,66.2,78,23
8/28/13 19:00,64.4,83,23
8/28/13 19:00,64,84,24.2
8/28/13 20:00,64,84,26.5
8/28/13 21:00,63,87,13.8
8/28/13 22:00,63,87,13.8
8/28/13 23:00,62.1,90,12.7
8/29/13 0:00,62.1,86,10.4
8/29/13 0:00,62.6,82,10.4
8/29/13 1:00,62.1,84,8.1
8/29/13 1:00,60.8,88,5.8
8/29/13 2:00,61,90,4.6
8/29/13 3:00,62.1,84,5.8
8/29/13 4:00,62.1,84,4.6
8/29/13 5:00,61,87,0
8/29/13 6:00,62.1,80,0
8/29/13 7:00,62.1,84,0
8/29/13 7:00,62.6,82,0
8/29/13 8:00,63,84,0
8/29/13 9:00,64.9,81,3.5
8/29/13 10:00,66.9,76,6.9
8/29/13 11:00,69.1,70,8.1
8/29/13 12:00,72,64,12.7
8/29/13 13:00,71.1,66,16.1
8/29/13 14:00,73,59,17.3
8/29/13 15:00,73,59,18.4
8/29/13 16:00,73,61,20.7
8/29/13 17:00,71.1,63,20.7
8/29/13 18:00,68,70,16.1
8/29/13 19:00,66.9,73,20.7
8/29/13 20:00,64.9,81,17.3
8/29/13 21:00,64.9,81,20.7
8/29/13 22:00,64.4,88,17.3
8/29/13 22:00,64,87,16.1
8/29/13 23:00,63,90,13.8
8/30/13 0:00,63,87,13.8
8/30/13 1:00,62.1,86,10.4
8/30/13 1:00,60.8,88,11.5
8/30/13 2:00,61,90,10.4
8/30/13 3:00,61,90,9.2
8/30/13 4:00,61,90,13.8
8/30/13 5:00,61,90,11.5
8/30/13 5:00,60.8,88,12.7
8/30/13 6:00,60.1,93,12.7
8/30/13 7:00,60.1,90,9.2
8/30/13 8:00,61,90,8.1
8/30/13 9:00,62.1,86,0
8/30/13 10:00,66.9,76,0
8/30/13 11:00,68,76,4.6
8/30/13 12:00,72,68,4.6
8/30/13 13:00,77,52,17.3
8/30/13 14:00,75.9,54,20.7
8/30/13 15:00,75.9,54,24.2
8/30/13 16:00,73.9,57,26.5
8/30/13 17:00,73,59,26.5
8/30/13 18:00,70,63,27.6
8/30/13 19:00,66.9,70,23
8/30/13 20:00,64,78,15
8/30/13 21:00,64,75,11.5
8/30/13 22:00,63,78,9.2
8/30/13 23:00,62.1,80,10.4
8/31/13 0:00,62.1,80,12.7
8/31/13 1:00,61,83,13.8
8/31/13 2:00,60.8,82,11.5
8/31/13 2:00,60.1,83,12.7
8/31/13 3:00,59,87,10.4
8/31/13 4:00,57.9,90,13.8
8/31/13 5:00,57,89,18.4
8/31/13 6:00,57.2,94,12.7
8/31/13 6:00,57,93,18.4
8/31/13 6:00,57.2,94,15
8/31/13 7:00,57.9,90,12.7
8/31/13 7:00,57.2,94,11.5
8/31/13 8:00,59,90,10.4
8/31/13 9:00,61,83,10.4
8/31/13 9:00,62.6,77,12.7
8/31/13 10:00,64,75,15
8/31/13 11:00,66,70,16.1
8/31/13 12:00,68,65,12.7
8/31/13 13:00,69.1,63,18.4
8/31/13 14:00,71.1,59,23
8/31/13 15:00,70,63,24.2
8/31/13 16:00,69.1,65,21.9
8/31/13 17:00,68,68,17.3
8/31/13 18:00,66,70,17.3
8/31/13 19:00,64,75,12.7
8/31/13 20:00,61,81,10.4
8/31/13 21:00,60.1,83,8.1
8/31/13 22:00,60.1,83,11.5
8/31/13 23:00,60.1,83,12.7
9/1/13 0:00,60.8,82,11.5
9/1/13 0:00,60.1,83,13.8
9/1/13 1:00,60.1,83,12.7
9/1/13 1:00,60.8,82,12.7
9/1/13 2:00,60.1,80,10.4
9/1/13 3:00,59,83,6.9
9/1/13 4:00,59,83,9.2
9/1/13 5:00,59,83,6.9
9/1/13 6:00,59,83,6.9
9/1/13 7:00,59,83,3.5
9/1/13 8:00,60.1,80,10.4
9/1/13 9:00,63,75,12.7
9/1/13 10:00,66,68,10.4
9/1/13 11:00,69.1,63,9.2
9/1/13 12:00,71.1,55,11.5
9/1/13 13:00,71.1,57,17.3
9/1/13 14:00,72,53,16.1
9/1/13 15:00,73,49,19.6
9/1/13 16:00,68,65,21.9
9/1/13 17:00,68,70,24.2
9/1/13 18:00,66.9,76,20.7
9/1/13 19:00,64.9,81,21.9
9/1/13 20:00,64.9,81,18.4
9/1/13 21:00,64.9,81,16.1
9/1/13 22:00,64.9,81,9.2
9/1/13 23:00,64.9,84,8.1
9/2/13 0:00,64.9,84,5.8
9/2/13 1:00,64.9,84,8.1
9/2/13 2:00,64,87,11.5
9/2/13 2:00,62.6,94,10.4
9/2/13 3:00,63,90,8.1
9/2/13 4:00,64,87,6.9
9/2/13 5:00,64.9,84,12.7
9/2/13 6:00,64.9,84,4.6
9/2/13 7:00,64.9,84,6.9
9/2/13 8:00,66,81,8.1
9/2/13 9:00,66,81,6.9
9/2/13 10:00,66.9,79,12.7
9/2/13 11:00,68,73,9.2
9/2/13 11:00,69.8,68,10.4
9/2/13 12:00,72,64,13.8
9/2/13 13:00,73.9,59,16.1
9/2/13 14:00,72,64,16.1
9/2/13 15:00,72,64,18.4
9/2/13 16:00,73,61,19.6
9/2/13 17:00,71.1,66,23
9/2/13 18:00,70,68,19.6
9/2/13 19:00,68,76,18.4
9/2/13 20:00,66.2,83,17.3
9/2/13 20:00,66,81,15
9/2/13 20:00,64.4,88,13.8
9/2/13 21:00,64,87,11.5
9/2/13 22:00,63,87,9.2
9/2/13 23:00,62.1,90,8.1
9/3/13 0:00,62.6,88,6.9
9/3/13 0:00,63,84,6.9
9/3/13 1:00,62.1,84,8.1
9/3/13 2:00,62.1,80,10.4
9/3/13 3:00,62.1,80,6.9
9/3/13 4:00,61,83,10.4
9/3/13 5:00,61,83,13.8
9/3/13 6:00,61,83,9.2
9/3/13 7:00,60.1,83,9.2
9/3/13 8:00,62.1,78,9.2
9/3/13 9:00,64,75,9.2
9/3/13 10:00,66.9,63,13.8
9/3/13 11:00,71.1,51,13.8
9/3/13 12:00,73,46,15
9/3/13 13:00,73,51,16.1
9/3/13 14:00,73,55,21.9
9/3/13 15:00,72,57,19.6
9/3/13 16:00,72,57,23
9/3/13 17:00,71.1,61,23
9/3/13 18:00,69.1,63,18.4
9/3/13 19:00,66.2,73,19.6
9/3/13 19:00,66,75,19.6
9/3/13 20:00,64.9,81,16.1
9/3/13 21:00,64.4,83,17.3
9/3/13 21:00,64.9,81,17.3
9/3/13 22:00,64,80,15
9/3/13 23:00,64,78,21.9
9/4/13 0:00,63,81,15
9/4/13 1:00,63,81,8.1
9/4/13 2:00,63,78,12.7
9/4/13 3:00,62.1,84,16.1
9/4/13 4:00,62.1,84,16.1
9/4/13 4:00,62.6,82,16.1
9/4/13 5:00,62.1,84,17.3
9/4/13 6:00,61,87,15
9/4/13 7:00,62.1,84,19.6
9/4/13 8:00,63,81,16.1
9/4/13 9:00,62.6,82,18.4
9/4/13 9:00,64,78,17.3
9/4/13 10:00,66,75,13.8
9/4/13 11:00,66.9,70,12.7
9/4/13 11:00,68,68,13.8
9/4/13 12:00,70,61,16.1
9/4/13 13:00,71.1,61,17.3
9/4/13 14:00,73,55,21.9
9/4/13 15:00,72,59,25.3
9/4/13 16:00,71.1,63,19.6
9/4/13 17:00,70,65,21.9
9/4/13 17:00,69.8,64,20.7
9/4/13 18:00,68,70,24.2
9/4/13 19:00,66,75,21.9
9/4/13 19:00,64.4,83,20.7
9/4/13 20:00,64,80,20.7
9/4/13 21:00,64,80,17.3
9/4/13 22:00,64,78,16.1
9/4/13 23:00,63,81,21.9
9/5/13 0:00,62.1,84,26.5
9/5/13 0:00,62.6,82,25.3
9/5/13 1:00,62.1,84,26.5
9/5/13 1:00,62.6,82,27.6
9/5/13 2:00,62.1,84,28.8
9/5/13 3:00,62.1,84,23
9/5/13 4:00,61,83,17.3
9/5/13 5:00,61,87,19.6
9/5/13 6:00,61,87,17.3
9/5/13 7:00,61,83,15
9/5/13 8:00,61,83,21.9
9/5/13 9:00,63,78,21.9
9/5/13 10:00,66,68,23
9/5/13 11:00,66.9,66,19.6
9/5/13 12:00,70,57,18.4
9/5/13 13:00,70,59,17.3
9/5/13 14:00,72,55,26.5
9/5/13 15:00,70,61,27.6
9/5/13 16:00,70,59,25.3
9/5/13 17:00,69.1,63,20.7
9/5/13 18:00,66.9,68,23
9/5/13 19:00,64.9,73,23
9/5/13 20:00,64,73,27.6
9/5/13 21:00,63,75,19.6
9/5/13 22:00,62.1,78,18.4
9/5/13 23:00,61,81,20.7
9/6/13 0:00,61,81,12.7
9/6/13 1:00,61,54.0 å¡F,0
9/6/13 2:00,60.1,54.0 å¡F,0
9/6/13 3:00,59,53.1 å¡F,0
9/6/13 4:00,57.9,52.0 å¡F,0
9/6/13 5:00,57.9,53.1 å¡F,0
9/6/13 6:00,57,52.0 å¡F,0
9/6/13 7:00,57,52.0 å¡F,0
9/6/13 8:00,60.1,53.1 å¡F,0
9/6/13 9:00,64,55.0 å¡F,0
9/6/13 10:00,68,57.0 å¡F,0
9/6/13 11:00,71.1,54.0 å¡F,0
9/6/13 12:00,75,53.1 å¡F,0
9/6/13 13:00,79,52.0 å¡F,0
9/6/13 14:00,82,55.0 å¡F,0
9/6/13 15:00,84,50.0 å¡F,0
9/6/13 16:00,84,48.0 å¡F,0
9/6/13 17:00,82,48.0 å¡F,0
9/6/13 18:00,80.1,48.0 å¡F,0
9/6/13 19:00,77,45.0 å¡F,0
9/6/13 20:00,75,45.0 å¡F,0
9/6/13 21:00,73,46.9 å¡F,0
9/6/13 22:00,72,46.9 å¡F,0
9/6/13 23:00,71.1,48.9 å¡F,0
9/7/13 0:00,70,46.9 å¡F,0
9/7/13 1:00,69.1,46.9 å¡F,0
9/7/13 2:00,66.9,53.1 å¡F,0
9/7/13 3:00,64.9,48.0 å¡F,0
9/7/13 4:00,64,48.0 å¡F,0
9/7/13 5:00,63,46.0 å¡F,0
9/7/13 6:00,63,48.0 å¡F,0
9/7/13 7:00,64,48.0 å¡F,0
9/7/13 8:00,66.9,53.1 å¡F,0
9/7/13 9:00,70,57.9 å¡F,0
9/7/13 10:00,72,60.1 å¡F,0
9/7/13 11:00,73,60.1 å¡F,0
9/7/13 12:00,73.9,62.1 å¡F,0
9/7/13 13:00,75.9,64.0 å¡F,0
9/7/13 14:00,88,54.0 å¡F,0
9/7/13 14:00,87.8,55.4 å¡F,0
9/7/13 15:00,86,54.0 å¡F,0
9/7/13 16:00,80.6,53.6 å¡F,0
9/7/13 17:00,75.9,54.0 å¡F,0
9/7/13 18:00,73.9,53.1 å¡F,0
9/7/13 19:00,68,54.0 å¡F,0
9/7/13 20:00,62.1,54.0 å¡F,0
9/7/13 21:00,60.1,55.0 å¡F,0
9/7/13 22:00,60.1,54.0 å¡F,0
9/7/13 23:00,57.9,54.0 å¡F,0
9/8/13 0:00,57.9,54.0 å¡F,0
9/8/13 1:00,57.9,87,10.4
9/8/13 2:00,57.9,87,8.1
9/8/13 3:00,57,89,10.4
9/8/13 4:00,57,87,9.2
9/8/13 5:00,57,87,8.1
9/8/13 6:00,57,87,5.8
9/8/13 7:00,55.4,94,5.8
9/8/13 7:00,57,87,5.8
9/8/13 8:00,57.9,87,6.9
9/8/13 9:00,61,81,6.9
9/8/13 10:00,64.9,73,3.5
9/8/13 11:00,66.9,70,4.6
9/8/13 12:00,69.1,68,5.8
9/8/13 13:00,73.9,53,11.5
9/8/13 14:00,73,55,12.7
9/8/13 15:00,71.1,59,20.7
9/8/13 16:00,71.6,57,17.3
9/8/13 17:00,69.8,60,18.4
9/8/13 18:00,62.6,72,23
9/8/13 19:00,62.6,72,18.4
9/8/13 20:00,59,81,16.1
9/8/13 21:00,59,81,15
9/8/13 22:00,57.2,88,10.4
9/8/13 23:00,57.2,82,11.5
9/9/13 0:00,57.2,88,10.4
9/9/13 1:00,57.2,88,9.2
9/9/13 2:00,57.2,88,6.9
9/9/13 3:00,57.2,88,10.4
9/9/13 4:00,57,87,10.4
9/9/13 5:00,55.4,88,6.9
9/9/13 6:00,55.4,88,9.2
9/9/13 7:00,55.9,87,9.2
9/9/13 8:00,57,89,8.1
9/9/13 9:00,61,78,5.8
9/9/13 10:00,64.9,70,3.5
9/9/13 11:00,66.9,68,4.6
9/9/13 12:00,71.1,63,5.8
9/9/13 13:00,71.1,57,15
9/9/13 14:00,75.9,48,12.7
9/9/13 15:00,72,55,20.7
9/9/13 16:00,68,65,20.7
9/9/13 17:00,69.1,63,20.7
9/9/13 18:00,64.9,75,18.4
9/9/13 19:00,63,81,18.4
9/9/13 20:00,62.1,86,15
9/9/13 21:00,61,87,15
9/9/13 22:00,61,87,11.5
9/9/13 23:00,60.1,90,9.2
9/10/13 0:00,60.1,90,9.2
9/10/13 1:00,59,90,5.8
9/10/13 2:00,59,87,8.1
9/10/13 3:00,57.9,90,8.1
9/10/13 4:00,57.9,87,8.1
9/10/13 5:00,57.9,87,5.8
9/10/13 6:00,57.9,87,5.8
9/10/13 7:00,57.9,87,3.5
9/10/13 8:00,61,83,0
9/10/13 9:00,63,75,0
9/10/13 10:00,66,70,0
9/10/13 11:00,69.1,63,4.6
9/10/13 12:00,70,68,5.8
9/10/13 13:00,71.1,66,5.8
9/10/13 14:00,73,53,6.9
9/10/13 15:00,73,53,15
9/10/13 16:00,72,55,16.1
9/10/13 17:00,72,57,9.2
9/10/13 18:00,70,61,11.5
9/10/13 19:00,66.9,68,10.4
9/10/13 20:00,64.9,70,9.2
9/10/13 21:00,64.9,73,9.2
9/10/13 22:00,64,75,12.7
9/10/13 23:00,64,75,13.8
9/11/13 0:00,63,75,9.2
9/11/13 1:00,62.1,78,4.6
9/11/13 2:00,63,75,4.6
9/11/13 3:00,62.1,78,4.6
9/11/13 4:00,62.1,75,4.6
9/11/13 5:00,63,75,6.9
9/11/13 6:00,63,75,5.8
9/11/13 7:00,64,73,6.9
9/11/13 8:00,64,73,5.8
9/11/13 9:00,66,68,6.9
9/11/13 10:00,68,63,9.2
9/11/13 11:00,68,61,6.9
9/11/13 12:00,71.1,57,5.8
9/11/13 12:00,71.6,57,3.5
9/11/13 13:00,72,55,5.8
9/11/13 14:00,72,55,15
9/11/13 15:00,72,55,15
9/11/13 16:00,72,55,16.1
9/11/13 17:00,70,59,12.7
9/11/13 18:00,69.1,61,15
9/11/13 19:00,66.9,68,11.5
9/11/13 20:00,66,70,10.4
9/11/13 21:00,66.2,68,8.1
9/11/13 21:00,66,70,6.9
9/11/13 22:00,64.9,73,9.2
9/11/13 23:00,64.9,75,8.1
9/12/13 0:00,64,78,6.9
9/12/13 1:00,64.9,75,5.8
9/12/13 2:00,64,78,6.9
9/12/13 2:00,64.4,77,6.9
9/12/13 3:00,64,78,3.5
9/12/13 4:00,63,84,3.5
9/12/13 4:00,62.6,82,0
9/12/13 5:00,63,84,4.6
9/12/13 6:00,63,84,6.9
9/12/13 7:00,63,81,4.6
9/12/13 8:00,63,81,3.5
9/12/13 9:00,64,78,5.8
9/12/13 10:00,64.4,77,8.1
9/12/13 10:00,64,78,8.1
9/12/13 10:00,64.4,77,8.1
9/12/13 11:00,64.9,75,10.4
9/12/13 12:00,66,73,9.2
9/12/13 13:00,68,68,11.5
9/12/13 13:00,68,68,11.5
9/12/13 14:00,70,61,13.8
9/12/13 15:00,69.1,63,19.6
9/12/13 16:00,66.9,68,23
9/12/13 17:00,66,70,23
9/12/13 17:00,64.4,73,21.9
9/12/13 18:00,63,78,19.6
9/12/13 18:00,62.6,77,18.4
9/12/13 19:00,62.1,80,19.6
9/12/13 20:00,61,83,17.3
9/12/13 21:00,61,83,16.1
9/12/13 22:00,60.1,83,12.7
9/12/13 23:00,60.1,86,8.1
9/13/13 0:00,60.1,83,9.2
9/13/13 1:00,60.1,83,8.1
9/13/13 2:00,59,83,8.1
9/13/13 3:00,59,87,11.5
9/13/13 4:00,57.9,90,13.8
9/13/13 5:00,59,87,12.7
9/13/13 6:00,57.9,90,6.9
9/13/13 7:00,57.9,87,9.2
9/13/13 8:00,57.2,88,13.8
9/13/13 8:00,57,89,12.7
9/13/13 9:00,59,83,12.7
9/13/13 10:00,60.1,80,16.1
9/13/13 11:00,60.1,80,15
9/13/13 12:00,62.6,72,16.1
9/13/13 12:00,63,72,18.4
9/13/13 13:00,64.9,68,20.7
9/13/13 14:00,64,70,23
9/13/13 15:00,64.9,68,21.9
9/13/13 16:00,63,72,24.2
9/13/13 17:00,62.1,75,26.5
9/13/13 18:00,61,78,18.4
9/13/13 19:00,60.1,80,12.7
9/13/13 20:00,59,83,11.5
9/13/13 21:00,59,83,13.8
9/13/13 22:00,59,83,15
9/13/13 22:00,57.2,88,13.8
9/13/13 23:00,57.9,87,13.8
9/14/13 0:00,57.9,87,11.5
9/14/13 1:00,57,89,16.1
9/14/13 2:00,57.9,87,13.8
9/14/13 3:00,57,89,18.4
9/14/13 4:00,57,89,16.1
9/14/13 5:00,57,89,13.8
9/14/13 6:00,57,89,10.4
9/14/13 7:00,57,89,11.5
9/14/13 8:00,57.9,87,12.7
9/14/13 9:00,57.9,87,13.8
9/14/13 10:00,59,87,11.5
9/14/13 11:00,59,87,15
9/14/13 12:00,60.1,83,13.8
9/14/13 13:00,62.1,78,18.4
9/14/13 14:00,63,75,17.3
9/14/13 15:00,64,73,24.2
9/14/13 16:00,64,70,23
9/14/13 16:00,64.4,68,21.9
9/14/13 16:00,64.4,68,19.6
9/14/13 17:00,64,70,19.6
9/14/13 18:00,63,72,16.1
9/14/13 19:00,61,78,16.1
9/14/13 20:00,60.1,78,17.3
9/14/13 21:00,60.8,77,15
9/14/13 21:00,60.1,78,15
9/14/13 22:00,60.1,78,15
9/14/13 23:00,60.1,78,12.7
9/15/13 0:00,59,81,12.7
9/15/13 1:00,59,81,21.9
9/15/13 2:00,59,78,16.1
9/15/13 3:00,59,78,13.8
9/15/13 4:00,59,78,13.8
9/15/13 5:00,59,78,15
9/15/13 6:00,59,78,15
9/15/13 7:00,59,78,15
9/15/13 8:00,60.1,78,13.8
9/15/13 9:00,60.1,78,11.5
9/15/13 10:00,62.6,72,8.1
9/15/13 10:00,64,67,11.5
9/15/13 11:00,66.9,61,9.2
9/15/13 12:00,70,55,11.5
9/15/13 13:00,71.1,53,12.7
9/15/13 14:00,72,53,19.6
9/15/13 15:00,71.1,57,15
9/15/13 16:00,70,59,13.8
9/15/13 17:00,70,61,15
9/15/13 18:00,68,65,17.3
9/15/13 19:00,64.9,73,15
9/15/13 20:00,64.4,77,16.1
9/15/13 20:00,64,78,13.8
9/15/13 21:00,64.4,77,13.8
9/15/13 21:00,63,84,15
9/15/13 22:00,63,87,10.4
9/15/13 23:00,63,87,8.1
9/16/13 0:00,62.1,90,8.1
9/16/13 1:00,61,90,8.1
9/16/13 2:00,61,87,11.5
9/16/13 3:00,60.1,90,11.5
9/16/13 4:00,60.1,90,15
9/16/13 5:00,60.1,90,8.1
9/16/13 6:00,59,90,6.9
9/16/13 7:00,60.1,80,6.9
9/16/13 8:00,62.1,78,8.1
9/16/13 9:00,63,75,9.2
9/16/13 10:00,64,75,6.9
9/16/13 11:00,68,68,10.4
9/16/13 12:00,69.1,63,10.4
9/16/13 13:00,70,57,16.1
9/16/13 14:00,69.1,58,18.4
9/16/13 15:00,68,59,24.2
9/16/13 16:00,69.1,57,23
9/16/13 17:00,69.1,57,23
9/16/13 18:00,66.9,63,18.4
9/16/13 19:00,63,72,21.9
9/16/13 20:00,62.1,75,21.9
9/16/13 21:00,61,78,18.4
9/16/13 22:00,61,75,13.8
9/16/13 23:00,60.8,82,19.6
9/16/13 23:00,61,81,20.7
9/17/13 0:00,61,83,28.8
9/17/13 1:00,61,81,29.9
9/17/13 2:00,61,81,25.3
9/17/13 3:00,60.1,80,18.4
9/17/13 4:00,59,83,17.3
9/17/13 5:00,60.1,80,27.6
9/17/13 6:00,59,83,26.5
9/17/13 7:00,59,83,27.6
9/17/13 8:00,57.9,87,23
9/17/13 8:00,59,82,18.4
9/17/13 9:00,60.1,80,21.9
9/17/13 10:00,63,72,24.2
9/17/13 11:00,64.9,68,25.3
9/17/13 12:00,66.9,61,20.7
9/17/13 13:00,66.9,57,20.7
9/17/13 14:00,66.9,59,28.8
9/17/13 15:00,66,60,36.8
9/17/13 16:00,66,60,32.2
9/17/13 17:00,66,59,32.2
9/17/13 18:00,64,63,21.9
9/17/13 19:00,62.1,67,17.3
9/17/13 20:00,60.1,69,18.4
9/17/13 21:00,59,75,17.3
9/17/13 22:00,59,72,16.1
9/17/13 23:00,59,72,11.5
9/18/13 0:00,59,72,9.2
9/18/13 1:00,57,74,9.2
9/18/13 2:00,57,74,8.1
9/18/13 3:00,55.9,77,6.9
9/18/13 4:00,55,80,4.6
9/18/13 5:00,55.9,75,5.8
9/18/13 6:00,54,77,3.5
9/18/13 7:00,55.9,77,0
9/18/13 8:00,59,78,0
9/18/13 9:00,63,75,0
9/18/13 10:00,66,65,3.5
9/18/13 11:00,68,61,4.6
9/18/13 12:00,72,46,0
9/18/13 13:00,73.9,46,5.8
9/18/13 13:00,73.4,41,18.4
9/18/13 14:00,73,42,15
9/18/13 15:00,71.1,44,23
9/18/13 16:00,72,41,25.3
9/18/13 17:00,70,44,21.9
9/18/13 18:00,64.9,54,24.2
9/18/13 19:00,62.1,62,21.9
9/18/13 20:00,61,62,17.3
9/18/13 21:00,60.1,64,10.4
9/18/13 22:00,59,67,8.1
9/18/13 23:00,57.9,72,9.2
9/19/13 0:00,57,72,9.2
9/19/13 1:00,57,72,4.6
9/19/13 2:00,55.9,75,4.6
9/19/13 3:00,55.9,75,5.8
9/19/13 4:00,55,77,4.6
9/19/13 5:00,54,75,0
9/19/13 6:00,54,77,5.8
9/19/13 7:00,55,74,0
9/19/13 8:00,57.9,70,0
9/19/13 9:00,63,65,0
9/19/13 10:00,64.9,65,4.6
9/19/13 11:00,66.9,68,3.5
9/19/13 12:00,69.1,63,4.6
9/19/13 13:00,71.1,59,3.5
9/19/13 14:00,78.1,42,11.5
9/19/13 15:00,77,42,17.3
9/19/13 16:00,73.9,38,25.3
9/19/13 17:00,71.1,42,26.5
9/19/13 18:00,71.1,41,23
9/19/13 19:00,63,63,23
9/19/13 20:00,62.1,65,23
9/19/13 21:00,59,69,12.7
9/19/13 22:00,57.9,75,12.7
9/19/13 23:00,57.9,72,11.5
9/20/13 0:00,57.9,75,11.5
9/20/13 1:00,57,77,9.2
9/20/13 2:00,57,77,10.4
9/20/13 3:00,57.9,75,15
9/20/13 4:00,55.9,87,9.2
9/20/13 5:00,57.2,88,8.1
9/20/13 5:00,57,89,5.8
9/20/13 5:00,57.2,94,8.1
9/20/13 6:00,59,87,10.4
9/20/13 7:00,59,87,8.1
9/20/13 8:00,60.1,86,8.1
9/20/13 9:00,60.1,83,11.5
9/20/13 10:00,62.1,80,15
9/20/13 11:00,64,78,12.7
9/20/13 12:00,68,73,10.4
9/20/13 12:00,69.8,68,8.1
9/20/13 13:00,73,53,9.2
9/20/13 14:00,72,59,12.7
9/20/13 15:00,70,65,9.2
9/20/13 16:00,71.1,63,10.4
9/20/13 17:00,71.1,59,13.8
9/20/13 18:00,69.1,68,13.8
9/20/13 19:00,68,70,8.1
9/20/13 20:00,66.9,70,6.9
9/20/13 21:00,66.2,73,6.9
9/20/13 21:00,66,73,6.9
9/20/13 22:00,66.2,73,9.2
9/20/13 22:00,66,73,4.6
9/20/13 23:00,66,75,3.5
9/21/13 0:00,66,75,5.8
9/21/13 1:00,64.4,77,9.2
9/21/13 1:00,64.9,75,10.4
9/21/13 2:00,64.9,75,21.9
9/21/13 3:00,62.6,88,16.1
9/21/13 3:00,63,87,15
9/21/13 3:00,64.4,83,16.1
9/21/13 4:00,62.6,82,15
9/21/13 4:00,63,84,12.7
9/21/13 5:00,62.1,84,10.4
9/21/13 6:00,62.1,80,12.7
9/21/13 7:00,62.1,78,4.6
9/21/13 8:00,62.1,80,4.6
9/21/13 9:00,64.9,73,11.5
9/21/13 10:00,66,70,12.7
9/21/13 10:00,62.6,82,3.5
9/21/13 11:00,62.6,82,3.5
9/21/13 11:00,63,84,10.4
9/21/13 11:00,62.6,82,9.2
9/21/13 12:00,62.6,82,11.5
9/21/13 12:00,63,84,11.5
9/21/13 13:00,63,81,12.7
9/21/13 14:00,64,78,10.4
9/21/13 15:00,66,70,11.5
9/21/13 16:00,68,61,17.3
9/21/13 17:00,66,65,18.4
9/21/13 18:00,64.9,68,13.8
9/21/13 19:00,62.1,75,11.5
9/21/13 20:00,61,75,12.7
9/21/13 21:00,61,75,9.2
9/21/13 22:00,60.1,80,10.4
9/21/13 23:00,60.1,80,11.5
9/22/13 0:00,59,83,9.2
9/22/13 1:00,59,83,0
9/22/13 2:00,57.9,84,3.5
9/22/13 3:00,57,87,5.8
9/22/13 4:00,57,87,5.8
9/22/13 5:00,55.9,87,4.6
9/22/13 6:00,55.9,90,8.1
9/22/13 7:00,55.4,88,9.2
9/22/13 7:00,55,89,6.9
9/22/13 8:00,55.9,90,5.8
9/22/13 9:00,60.1,78,0
9/22/13 10:00,62.1,70,3.5
9/22/13 11:00,64,70,5.8
9/22/13 12:00,66,63,4.6
9/22/13 13:00,66.9,61,4.6
9/22/13 13:00,69.8,49,15
9/22/13 14:00,68,52,11.5
9/22/13 15:00,69.1,49,19.6
9/22/13 16:00,69.1,53,21.9
9/22/13 17:00,66.9,59,26.5
9/22/13 18:00,66,63,20.7
9/22/13 19:00,63,72,12.7
9/22/13 20:00,62.1,78,16.1
9/22/13 21:00,62.1,72,9.2
9/22/13 22:00,61,75,13.8
9/22/13 23:00,60.1,78,15
9/23/13 0:00,60.1,80,13.8
9/23/13 1:00,60.1,75,10.4
9/23/13 2:00,60.1,75,9.2
9/23/13 3:00,59,75,4.6
9/23/13 4:00,57.9,75,3.5
9/23/13 5:00,57.9,75,4.6
9/23/13 6:00,57.9,75,0
9/23/13 7:00,57.9,75,0
9/23/13 8:00,60.1,75,0
9/23/13 9:00,64.9,65,0
9/23/13 10:00,64.9,68,4.6
9/23/13 11:00,66.9,66,3.5
9/23/13 12:00,66.9,63,4.6
9/23/13 13:00,69.1,63,4.6
9/23/13 14:00,71.1,59,3.5
9/23/13 15:00,75.9,50,13.8
9/23/13 16:00,73.9,55,17.3
9/23/13 17:00,71.1,63,20.7
9/23/13 18:00,68,70,20.7
9/23/13 19:00,66.9,70,20.7
9/23/13 20:00,66,70,20.7
9/23/13 21:00,64,73,18.4
9/23/13 22:00,64,70,9.2
9/23/13 23:00,62.1,72,9.2
9/24/13 0:00,61,75,6.9
9/24/13 1:00,61,72,10.4
9/24/13 2:00,60.1,75,8.1
9/24/13 3:00,62.1,70,6.9
9/24/13 4:00,60.1,72,9.2
9/24/13 5:00,61,70,18.4
9/24/13 6:00,61,70,10.4
9/24/13 7:00,60.1,69,18.4
9/24/13 8:00,61,72,19.6
9/24/13 9:00,62.1,72,18.4
9/24/13 10:00,64.9,68,17.3
9/24/13 11:00,66.9,59,15
9/24/13 12:00,69.1,57,21.9
9/24/13 13:00,69.1,57,27.6
9/24/13 14:00,69.1,54,20.7
9/24/13 15:00,69.1,57,26.5
9/24/13 16:00,68,61,33.4
9/24/13 17:00,66,65,20.7
9/24/13 18:00,64,65,20.7
9/24/13 19:00,61,75,20.7
9/24/13 20:00,61,72,17.3
9/24/13 21:00,60.1,72,27.6
9/24/13 22:00,59,72,20.7
9/24/13 23:00,59,72,18.4
9/25/13 0:00,59,72,20.7
9/25/13 1:00,57.9,78,15
9/25/13 2:00,57.9,75,17.3
9/25/13 3:00,57.9,78,19.6
9/25/13 4:00,57,81,21.9
9/25/13 5:00,57,81,11.5
9/25/13 6:00,55.9,80,6.9
9/25/13 7:00,55.9,77,11.5
9/25/13 8:00,57.9,70,17.3
9/25/13 9:00,61,60,15
9/25/13 10:00,63,56,17.3
9/25/13 11:00,64,52,21.9
9/25/13 12:00,64.9,50,19.6
9/25/13 13:00,66,50,20.7
9/25/13 14:00,64.9,48,26.5
9/25/13 15:00,66,47,29.9
9/25/13 16:00,64.9,50,27.6
9/25/13 17:00,63,56,29.9
9/25/13 18:00,62.1,56,31.1
9/25/13 19:00,59,62,31.1
9/25/13 20:00,57.9,65,29.9
9/25/13 21:00,57,67,20.7
9/25/13 22:00,57,67,21.9
9/25/13 23:00,55.9,69,13.8
9/26/13 0:00,55.9,69,9.2
9/26/13 1:00,55.9,69,9.2
9/26/13 2:00,55.9,64,12.7
9/26/13 3:00,55,67,10.4
9/26/13 4:00,54,69,10.4
9/26/13 5:00,54,66,11.5
9/26/13 6:00,54,64,8.1
9/26/13 7:00,54,64,9.2
9/26/13 8:00,55.9,64,11.5
9/26/13 9:00,60.1,53,10.4
9/26/13 10:00,63,41,12.7
9/26/13 11:00,66.9,34,4.6
9/26/13 12:00,68,37,4.6
9/26/13 13:00,69.1,35,15
9/26/13 14:00,68,35,13.8
9/26/13 15:00,66.9,39,19.6
9/26/13 16:00,66,42,21.9
9/26/13 17:00,64.9,48,20.7
9/26/13 18:00,63,54,19.6
9/26/13 19:00,60.1,60,18.4
9/26/13 20:00,59,62,11.5
9/26/13 21:00,59,60,10.4
9/26/13 22:00,57.9,62,3.5
9/26/13 23:00,60.1,53,0
9/27/13 0:00,57.9,60,4.6
9/27/13 1:00,57.9,58,3.5
9/27/13 2:00,57.9,56,0
9/27/13 3:00,55,62,4.6
9/27/13 4:00,54,64,3.5
9/27/13 5:00,55.9,60,0
9/27/13 6:00,55.9,55,3.5
9/27/13 7:00,60.1,46,3.5
9/27/13 8:00,64,54,0
9/27/13 9:00,64.9,48,0
9/27/13 10:00,66.9,42,0
9/27/13 11:00,68,40,3.5
9/27/13 12:00,71.1,30,4.6
9/27/13 13:00,73,29,0
9/27/13 14:00,73.9,25,0
9/27/13 15:00,77,25,12.7
9/27/13 15:00,75.2,25,16.1
9/27/13 16:00,72,28,19.6
9/27/13 17:00,71.1,27,20.7
9/27/13 18:00,70,27,19.6
9/27/13 19:00,66.9,31,15
9/27/13 20:00,63,43,15
9/27/13 21:00,60.1,55,15
9/27/13 22:00,57.9,65,10.4
9/27/13 23:00,57.9,65,6.9
9/28/13 0:00,57,67,8.1
9/28/13 1:00,55.9,72,6.9
9/28/13 2:00,55.9,67,0
9/28/13 3:00,55,62,4.6
9/28/13 4:00,55,53,3.5
9/28/13 5:00,53.1,59,0
9/28/13 6:00,53.1,61,5.8
9/28/13 7:00,54,69,8.1
9/28/13 8:00,57,62,0
9/28/13 9:00,62.1,62,4.6
9/28/13 10:00,64.9,63,4.6
9/28/13 11:00,66,59,4.6
9/28/13 12:00,69.1,51,5.8
9/28/13 13:00,71.1,45,4.6
9/28/13 14:00,72,51,6.9
9/28/13 15:00,75.2,36,18.4
9/28/13 15:00,73,38,18.4
9/28/13 16:00,72,35,19.6
9/28/13 17:00,68,55,26.5
9/28/13 18:00,66,63,21.9
9/28/13 19:00,63,72,18.4
9/28/13 20:00,62.1,75,18.4
9/28/13 21:00,60.1,80,15
9/28/13 22:00,60.1,80,10.4
9/28/13 23:00,61,81,3.5
9/29/13 0:00,61,81,5.8
9/29/13 1:00,60.1,80,9.2
9/29/13 2:00,59,87,9.2
9/29/13 3:00,59,87,4.6
9/29/13 4:00,59,83,5.8
9/29/13 4:00,59,82,0
9/29/13 5:00,57.9,84,3.5
9/29/13 6:00,57,87,4.6
9/29/13 7:00,57.9,84,3.5
9/29/13 8:00,59,87,0
9/29/13 9:00,63,75,4.6
9/29/13 10:00,66,68,4.6
9/29/13 11:00,69.1,65,5.8
9/29/13 12:00,68,68,8.1
9/29/13 13:00,70,68,9.2
9/29/13 14:00,72,64,6.9
9/29/13 15:00,73.9,52,10.4
9/29/13 16:00,73,57,8.1
9/29/13 17:00,71.1,61,13.8
9/29/13 18:00,70,65,13.8
9/29/13 19:00,66.9,73,11.5
9/29/13 20:00,66.9,70,8.1
9/29/13 21:00,66.9,70,6.9
9/29/13 22:00,66.9,73,10.4
9/29/13 23:00,66.9,73,4.6
9/30/13 0:00,66.9,76,5.8
9/30/13 1:00,66,78,6.9
9/30/13 2:00,66,81,0
9/30/13 3:00,66,78,3.5
9/30/13 4:00,64.9,81,4.6
9/30/13 5:00,66,81,8.1
9/30/13 6:00,64.9,84,6.9
9/30/13 7:00,64.9,84,5.8
9/30/13 8:00,64.9,81,6.9
9/30/13 9:00,66.9,79,4.6
9/30/13 10:00,68,73,4.6
9/30/13 11:00,68,76,4.6
9/30/13 12:00,68,76,6.9
9/30/13 13:00,70,68,9.2
9/30/13 14:00,72,64,11.5
9/30/13 15:00,73.4,61,8.1
9/30/13 15:00,72,64,10.4
9/30/13 16:00,71.1,66,16.1
9/30/13 17:00,69.1,70,12.7
9/30/13 18:00,70,68,10.4
9/30/13 19:00,63,81,17.3
9/30/13 19:00,62.6,82,15
9/30/13 20:00,62.1,78,17.3
9/30/13 21:00,61,62,20.7
9/30/13 22:00,61,54,16.1
9/30/13 23:00,61,52,13.8
10/1/13 0:00,59,62,10.4
10/1/13 1:00,59,62,13.8
10/1/13 2:00,57.9,72,15
10/1/13 3:00,57.9,75,13.8
10/1/13 4:00,57,77,15
10/1/13 5:00,57,77,19.6
10/1/13 6:00,57,77,17.3
10/1/13 7:00,57,77,16.1
10/1/13 8:00,57,74,13.8
10/1/13 9:00,57.9,72,12.7
10/1/13 10:00,61,62,10.4
10/1/13 11:00,63,56,6.9
10/1/13 12:00,66,48,0
10/1/13 13:00,68,45,9.2
10/1/13 14:00,68,45,15
10/1/13 15:00,66.9,49,17.3
10/1/13 16:00,66.9,51,16.1
10/1/13 17:00,66.9,51,15
10/1/13 18:00,64,56,18.4
10/1/13 19:00,61,64,17.3
10/1/13 20:00,60.1,64,16.1
10/1/13 21:00,59,67,15
10/1/13 22:00,57.9,70,11.5
10/1/13 23:00,57.9,70,11.5
10/2/13 0:00,57,72,5.8
10/2/13 1:00,55.9,75,6.9
10/2/13 2:00,55.9,75,5.8
10/2/13 3:00,55.9,75,8.1
10/2/13 4:00,55.9,75,5.8
10/2/13 5:00,55,74,0
10/2/13 6:00,55,74,5.8
10/2/13 7:00,55.9,72,0
10/2/13 8:00,57,74,6.9
10/2/13 9:00,57.9,70,10.4
10/2/13 10:00,62.1,62,10.4
10/2/13 11:00,64,56,11.5
10/2/13 12:00,66.9,51,12.7
10/2/13 13:00,68,47,18.4
10/2/13 14:00,66.9,49,21.9
10/2/13 15:00,66.9,45,20.7
10/2/13 16:00,64.9,48,25.3
10/2/13 17:00,64,48,26.5
10/2/13 18:00,61,54,26.5
10/2/13 19:00,59,60,20.7
10/2/13 20:00,57,64,20.7
10/2/13 21:00,57,64,19.6
10/2/13 22:00,57,62,16.1
10/2/13 23:00,57,62,17.3
10/3/13 0:00,55.9,64,16.1
10/3/13 1:00,55.9,64,12.7
10/3/13 2:00,55,64,12.7
10/3/13 3:00,55,62,11.5
10/3/13 4:00,54,64,9.2
10/3/13 5:00,54,64,6.9
10/3/13 6:00,54,64,9.2
10/3/13 7:00,55,62,9.2
10/3/13 8:00,55.9,62,11.5
10/3/13 9:00,60.1,47,10.4
10/3/13 10:00,63,41,4.6
10/3/13 11:00,64.9,40,8.1
10/3/13 12:00,66.9,37,12.7
10/3/13 13:00,68,32,12.7
10/3/13 13:00,69.8,33,17.3
10/3/13 14:00,69.1,32,19.6
10/3/13 15:00,68,33,21.9
10/3/13 16:00,68,37,21.9
10/3/13 17:00,66.9,42,19.6
10/3/13 18:00,64.9,45,18.4
10/3/13 19:00,63,48,16.1
10/3/13 20:00,63,46,11.5
10/3/13 22:00,70,28,11.5
10/3/13 23:00,70,33,15
10/4/13 0:00,69.1,33,15
10/4/13 1:00,69.1,33,19.6
10/4/13 2:00,68,37,13.8
10/4/13 3:00,68,36,16.1
10/4/13 4:00,66.9,34,15
10/4/13 5:00,66,36,13.8
10/4/13 6:00,66,40,15
10/4/13 7:00,64.9,42,13.8
10/4/13 8:00,66,42,8.1
10/4/13 9:00,66.9,37,8.1
10/4/13 10:00,69.1,40,5.8
10/4/13 11:00,71.1,30,10.4
10/4/13 12:00,72,38,6.9
10/4/13 13:00,73.9,43,10.4
10/4/13 14:00,73,37,12.7
10/4/13 15:00,75,37,13.8
10/4/13 16:00,75,40,6.9
10/4/13 17:00,75,40,11.5
10/4/13 18:00,73,42,11.5
10/4/13 19:00,71.1,47,10.4
10/4/13 20:00,69.1,53,0
10/4/13 21:00,70,21,4.6
10/4/13 22:00,66,37,3.5
10/4/13 23:00,66,30,0
10/5/13 0:00,64,38,0
10/5/13 1:00,62.1,50,4.6
10/5/13 2:00,64.9,33,8.1
10/5/13 3:00,63,54,0
10/5/13 4:00,63,38,4.6
10/5/13 5:00,64,34,9.2
10/5/13 6:00,63,30,6.9
10/5/13 7:00,61,36,4.6
10/5/13 8:00,62.1,32,4.6
10/5/13 9:00,68,26,4.6
10/5/13 10:00,71.1,22,5.8
10/5/13 11:00,73,19,6.9
10/5/13 12:00,75.9,15,6.9
10/5/13 13:00,78.1,17,0
10/5/13 14:00,78.1,22,3.5
10/5/13 15:00,78.1,25,4.6
10/5/13 16:00,78.1,30,5.8
10/5/13 17:00,77,32,4.6
10/5/13 18:00,73,48,4.6
10/5/13 19:00,75.9,31,10.4
10/5/13 20:00,73,27,10.4
10/5/13 21:00,72,25,5.8
10/5/13 22:00,70,21,8.1
10/5/13 23:00,68,31,3.5
10/6/13 0:00,63,45,4.6
10/6/13 1:00,63,38,0
10/6/13 2:00,63,45,0
10/6/13 3:00,64.9,54,6.9
10/6/13 4:00,64,60,5.8
10/6/13 5:00,57.9,49,0
10/6/13 6:00,57,55,0
10/6/13 7:00,55.9,67,0
10/6/13 8:00,60.1,64,0
10/6/13 9:00,64.9,61,3.5
10/6/13 10:00,66,59,3.5
10/6/13 11:00,66,59,0
10/6/13 12:00,69.1,51,4.6
10/6/13 13:00,71.1,45,9.2
10/6/13 14:00,73,42,5.8
10/6/13 15:00,73,48,4.6
10/6/13 16:00,75.9,42,9.2
10/6/13 17:00,82,13,11.5
10/6/13 18:00,78.1,37,11.5
10/6/13 19:00,75.9,38,6.9
10/6/13 20:00,70.9,44,10.4
10/6/13 21:00,70,38,4.6
10/6/13 22:00,69.1,33,5.8
10/6/13 23:00,64.9,31,0
10/7/13 0:00,63,50,4.6
10/7/13 1:00,64,30,0
10/7/13 2:00,64,29,0
10/7/13 3:00,62.1,39,0
10/7/13 4:00,59,35,0
10/7/13 5:00,57.9,49,4.6
10/7/13 6:00,57.9,39,3.5
10/7/13 7:00,57,51,3.5
10/7/13 8:00,60.1,38,6.9
10/7/13 9:00,66,36,4.6
10/7/13 10:00,68,43,3.5
10/7/13 11:00,68,50,5.8
10/7/13 12:00,70,47,4.6
10/7/13 13:00,72,43,3.5
10/7/13 14:00,77,26,11.5
10/7/13 14:00,78.1,25,11.5
10/7/13 15:00,78.1,19,13.8
10/7/13 16:00,75.9,22,9.2
10/7/13 17:00,70,32,19.6
10/7/13 18:00,64.9,48,16.1
10/7/13 19:00,63,54,23
10/7/13 20:00,61,60,16.1
10/7/13 21:00,59,67,12.7
10/7/13 22:00,57.9,67,17.3
10/7/13 23:00,57,72,10.4
10/8/13 0:00,57,69,8.1
10/8/13 1:00,57,72,9.2
10/8/13 2:00,55.9,72,5.8
10/8/13 3:00,55,74,6.9
10/8/13 4:00,55,77,6.9
10/8/13 5:00,55,72,0
10/8/13 6:00,52,77,3.5
10/8/13 7:00,53.1,77,4.6
10/8/13 8:00,54,77,3.5
10/8/13 9:00,59,69,3.5
10/8/13 10:00,62.1,65,5.8
10/8/13 11:00,66,54,10.4
10/8/13 12:00,66.9,49,6.9
10/8/13 13:00,66.9,49,17.3
10/8/13 14:00,72,40,10.4
10/8/13 15:00,66.9,51,16.1
10/8/13 16:00,64.9,52,17.3
10/8/13 17:00,64.9,47,13.8
10/8/13 18:00,59,60,16.1
10/8/13 19:00,57,64,13.8
10/8/13 20:00,57,67,15
10/8/13 21:00,55.9,72,15
10/8/13 22:00,55.9,72,11.5
10/8/13 23:00,55.9,72,12.7
10/9/13 0:00,55,74,11.5
10/9/13 1:00,54,77,11.5
10/9/13 2:00,54,75,4.6
10/9/13 3:00,53.1,77,0
10/9/13 4:00,54,77,6.9
10/9/13 5:00,53.1,77,8.1
10/9/13 6:00,52,80,11.5
10/9/13 7:00,53.1,74,8.1
10/9/13 8:00,53.1,77,8.1
10/9/13 9:00,57,67,8.1
10/9/13 10:00,59,64,3.5
10/9/13 10:00,59,63,3.5
10/9/13 11:00,60.1,62,3.5
10/9/13 12:00,62.1,60,6.9
10/9/13 13:00,63,56,4.6
10/9/13 14:00,64,54,4.6
10/9/13 15:00,66.9,39,12.7
10/9/13 16:00,66,38,13.8
10/9/13 17:00,66,37,15
10/9/13 18:00,64.9,40,16.1
10/9/13 19:00,62.1,46,12.7
10/9/13 20:00,59,58,10.4
,,,