startStationId,endStationId,totalDistance,milestoneCount,mileStoneLats,mileStoneLngs
65,70,940,20,"[37.7710077, '37.7713270402', '37.7716463805', '37.7719657207', '37.772285061', '37.7726044012', '37.7729237414', '37.7732430817', '37.7735624219', '37.7738817622', '37.7742011024', '37.7745204426', '37.7748397829', '37.7751591231', '37.7754784634', '37.7757978036', '37.7761171438', '37.7764364841', '37.7767558243', 37.7768644]","[-122.4026538, '-122.402253042', '-122.401852284', '-122.401451526', '-122.401050768', '-122.40065001', '-122.400249253', '-122.399848495', '-122.399447737', '-122.399046979', '-122.398646221', '-122.398245463', '-122.397844705', '-122.397443947', '-122.397043189', '-122.396642431', '-122.396241674', '-122.395840916', '-122.395440158', -122.3953039]"
50,60,1444,30,"[37.7954657, '37.7958311459', '37.7961965918', '37.7965620378', '37.7969274837', '37.7972929296', '37.7976583755', '37.7980238214', '37.7983892674', '37.7987547133', '37.7991201592', '37.7997349856', '37.8000909712', '37.8004469567', '37.8008029423', '37.8011589279', '37.8015149135', '37.801870899', '37.8022268846', '37.8025828702', '37.8029388558', '37.8032948413', '37.8036508269', '37.8040068125', '37.8043627981', '37.8047187837', '37.8050747692', '37.8054307548', '37.8049684571', 37.8050687]","[-122.3940762, '-122.394407566', '-122.394738932', '-122.395070299', '-122.395401665', '-122.395733031', '-122.396064397', '-122.396395764', '-122.39672713', '-122.397058496', '-122.397389862', '-122.397801159', '-122.398146718', '-122.398492277', '-122.398837836', '-122.399183394', '-122.399528953', '-122.399874512', '-122.400220071', '-122.40056563', '-122.400911189', '-122.401256748', '-122.401602307', '-122.401947866', '-122.402293425', '-122.402638983', '-122.402984542', '-122.403330101', '-122.403594414', -122.4034778]"
69,65,831,18,"[37.7763205, '37.7760008369', '37.7756811739', '37.7753615108', '37.7750418478', '37.7747221847', '37.7744025217', '37.7740828586', '37.7737631955', '37.7734435325', '37.7731238694', '37.7728042064', '37.7724845433', '37.7721648803', '37.7718452172', '37.7715255542', '37.7712058911', 37.7710077]","[-122.3959992, '-122.396399597', '-122.396799994', '-122.397200391', '-122.397600788', '-122.398001186', '-122.398401583', '-122.39880198', '-122.399202377', '-122.399602774', '-122.400003171', '-122.400403568', '-122.400803965', '-122.401204362', '-122.40160476', '-122.402005157', '-122.402405554', -122.4026538]"
77,64,1584,33,"[37.7896945, '37.7900133785', '37.790332257', '37.7906511355', '37.790970014', '37.7907399633', '37.7904206265', '37.7901012898', '37.7897819531', '37.7894626163', '37.7891432796', '37.7888239429', '37.7885046061', '37.7882387755', '37.7879218511', '37.7876049266', '37.7872880022', '37.7869710777', '37.7864743714', '37.7861551429', '37.7858359143', '37.7855166857', '37.7851974571', '37.7848782286', '37.784559', '37.7842397714', '37.7839205429', '37.7836013143', '37.7832820857', '37.7829628571', '37.7826436286', '37.7823244', 37.7823244]","[-122.400901, '-122.400498126', '-122.400095252', '-122.399692379', '-122.399289505', '-122.398775412', '-122.398374123', '-122.397972835', '-122.397571547', '-122.397170259', '-122.39676897', '-122.396367682', '-122.395966394', '-122.396432974', '-122.396835348', '-122.397237722', '-122.397640096', '-122.398042471', '-122.397867007', '-122.397466214', '-122.397065421', '-122.396664629', '-122.396263836', '-122.395863043', '-122.39546225', '-122.395061457', '-122.394660664', '-122.394259871', '-122.393859079', '-122.393458286', '-122.393057493', '-122.3926567', -122.3926567]"
60,74,1474,31,"[37.8048372, '37.8044712842', '37.8041053684', '37.8037394526', '37.8033735368', '37.803007621', '37.8026417052', '37.8022757894', '37.8019098736', '37.8015439578', '37.8011780419', '37.8008121261', '37.8004462103', '37.8000802945', '37.7997143787', '37.7993484629', '37.7989825471', '37.7986166313', '37.7982507155', '37.7978847997', '37.7975188839', '37.7971529681', '37.7967870523', '37.7964211365', '37.7960552207', '37.7956893049', '37.7953233891', '37.7949574733', '37.7945979857', '37.7941805', 37.7941805]","[-122.4031564, '-122.402828848', '-122.402501297', '-122.402173745', '-122.401846193', '-122.401518642', '-122.40119109', '-122.400863538', '-122.400535986', '-122.400208435', '-122.399880883', '-122.399553331', '-122.39922578', '-122.398898228', '-122.398570676', '-122.398243125', '-122.397915573', '-122.397588021', '-122.397260469', '-122.396932918', '-122.396605366', '-122.396277814', '-122.395950263', '-122.395622711', '-122.395295159', '-122.394967608', '-122.394640056', '-122.394312504', '-122.394652586', '-122.3943779', -122.3943779]"
64,77,1161,25,"[37.7823244, '37.7826414788', '37.7829585575', '37.7832756363', '37.783592715', '37.7839097938', '37.7842268725', '37.7845439513', '37.78486103', '37.7851781088', '37.7854951875', '37.7858122663', '37.7861293451', '37.7864464238', '37.7867635026', '37.7870805813', '37.7873976601', '37.7877147388', '37.7880318176', '37.7883488963', '37.7886659751', '37.7889830538', '37.7895719362', '37.7898944725', 37.7896945]","[-122.3926567, '-122.393059369', '-122.393462039', '-122.393864708', '-122.394267378', '-122.394670047', '-122.395072716', '-122.395475386', '-122.395878055', '-122.396280725', '-122.396683394', '-122.397086064', '-122.397488733', '-122.397891402', '-122.398294072', '-122.398696741', '-122.399099411', '-122.39950208', '-122.399904749', '-122.400307419', '-122.400710088', '-122.401112758', '-122.401052449', '-122.400653899', -122.400901]"
70,50,2579,53,"[37.7767147, '37.7770044834', '37.7772942667', '37.7775840501', '37.7778738334', '37.7781636168', '37.7784534001', '37.7787431835', '37.7790329668', '37.7793227502', '37.7796125335', '37.7799023169', '37.7801921002', '37.7804818836', '37.7807716669', '37.7810614503', '37.7813512336', '37.781641017', '37.7821975823', '37.7825976645', '37.7829977468', '37.783397829', '37.7837979113', '37.7841979935', '37.7845980758', '37.784998158', '37.7853982403', '37.7857983226', '37.7861984048', '37.7865984871', '37.7869985693', '37.7873986516', '37.7877987338', '37.7881988161', '37.7885988984', '37.7889989806', '37.7893990629', '37.7897991451', '37.7901992274', '37.7905993096', '37.7909993919', '37.7913994741', '37.7917995564', '37.7921996387', '37.7925997209', '37.7929998032', '37.7933998854', '37.7937999677', '37.7942000499', '37.7946001322', '37.7950002145', '37.7954002967', 37.7954163]","[-122.3951274, '-122.394728797', '-122.394330194', '-122.39393159', '-122.393532987', '-122.393134384', '-122.392735781', '-122.392337178', '-122.391938574', '-122.391539971', '-122.391141368', '-122.390742765', '-122.390344162', '-122.389945558', '-122.389546955', '-122.389148352', '-122.388749749', '-122.388351146', '-122.388309061', '-122.388482222', '-122.388655383', '-122.388828544', '-122.389001705', '-122.389174866', '-122.389348027', '-122.389521188', '-122.389694349', '-122.38986751', '-122.390040671', '-122.390213832', '-122.390386993', '-122.390560154', '-122.390733315', '-122.390906476', '-122.391079637', '-122.391252798', '-122.391425959', '-122.39159912', '-122.391772281', '-122.391945442', '-122.392118603', '-122.392291764', '-122.392464925', '-122.392638086', '-122.392811247', '-122.392984408', '-122.393157569', '-122.39333073', '-122.393503891', '-122.393677052', '-122.393850213', '-122.394023374', -122.3940303]"
61,50,1988,41,"[37.7804781, '37.7808530481', '37.7810757962', '37.7812985443', '37.7815212924', '37.7817440405', '37.7821975823', '37.7825976645', '37.7829977468', '37.783397829', '37.7837979113', '37.7841979935', '37.7845980758', '37.784998158', '37.7853982403', '37.7857983226', '37.7861984048', '37.7865984871', '37.7869985693', '37.7873986516', '37.7877987338', '37.7881988161', '37.7885988984', '37.7889989806', '37.7893990629', '37.7897991451', '37.7901992274', '37.7905993096', '37.7909993919', '37.7913994741', '37.7917995564', '37.7921996387', '37.7925997209', '37.7929998032', '37.7933998854', '37.7937999677', '37.7942000499', '37.7946001322', '37.7950002145', '37.7954002967', 37.7954163]","[-122.3903479, '-122.390083387', '-122.389624074', '-122.389164761', '-122.388705448', '-122.388246135', '-122.388309061', '-122.388482222', '-122.388655383', '-122.388828544', '-122.389001705', '-122.389174866', '-122.389348027', '-122.389521188', '-122.389694349', '-122.38986751', '-122.390040671', '-122.390213832', '-122.390386993', '-122.390560154', '-122.390733315', '-122.390906476', '-122.391079637', '-122.391252798', '-122.391425959', '-122.39159912', '-122.391772281', '-122.391945442', '-122.392118603', '-122.392291764', '-122.392464925', '-122.392638086', '-122.392811247', '-122.392984408', '-122.393157569', '-122.39333073', '-122.393503891', '-122.393677052', '-122.393850213', '-122.394023374', -122.3940303]"
74,60,1641,34,"[37.7941805, '37.7948001593', '37.7951344185', '37.7954686778', '37.795727554', '37.796086708', '37.796445862', '37.7968050161', '37.7971641701', '37.7975233241', '37.7978824781', '37.7982416321', '37.7986007861', '37.7989599401', '37.7993190941', '37.7996782482', '37.8000374022', '37.8003965562', '37.8007557102', '37.8011148642', '37.8014740182', '37.8018331722', '37.8021923262', '37.8025514803', '37.8029106343', '37.8032697883', '37.8036289423', '37.8039880963', '37.8043472503', '37.8047064043', '37.8050655584', '37.8054247124', '37.8049684571', 37.8050687]","[-122.3943779, '-122.394424952', '-122.394050804', '-122.393676656', '-122.394129348', '-122.394469797', '-122.394810245', '-122.395150693', '-122.395491142', '-122.39583159', '-122.396172038', '-122.396512486', '-122.396852935', '-122.397193383', '-122.397533831', '-122.39787428', '-122.398214728', '-122.398555176', '-122.398895625', '-122.399236073', '-122.399576521', '-122.399916969', '-122.400257418', '-122.400597866', '-122.400938314', '-122.401278763', '-122.401619211', '-122.401959659', '-122.402300108', '-122.402640556', '-122.402981004', '-122.403321452', '-122.403594414', -122.4034778]"
50,61,2248,46,"[37.7954657, '37.7958316211', '37.7957110268', '37.7953232536', '37.7949354803', '37.7945477071', '37.7941599339', '37.7937721607', '37.7933843874', '37.7929966142', '37.792608841', '37.7922210678', '37.7918332945', '37.7914455213', '37.7910577481', '37.7906699749', '37.7902822016', '37.7898944284', '37.7895066552', '37.789118882', '37.7887311087', '37.7883433355', '37.7879555623', '37.7875677891', '37.7871800158', '37.7867922426', '37.7864044694', '37.7860166962', '37.785628923', '37.7852411497', '37.7848533765', '37.7844656033', '37.7843165758', '37.7838702516', '37.7834239274', '37.7829776032', '37.782531279', '37.7820849548', '37.7816386306', '37.7811923064', '37.7807459822', '37.7805182838', '37.7801834676', '37.7798486515', '37.780261269', 37.7804781]","[-122.3940762, '-122.394412582', '-122.394224837', '-122.393997774', '-122.393770711', '-122.393543649', '-122.393316586', '-122.393089523', '-122.39286246', '-122.392635397', '-122.392408334', '-122.392181272', '-122.391954209', '-122.391727146', '-122.391500083', '-122.39127302', '-122.391045957', '-122.390818895', '-122.390591832', '-122.390364769', '-122.390137706', '-122.389910643', '-122.38968358', '-122.389456517', '-122.389229455', '-122.389002392', '-122.388775329', '-122.388548266', '-122.388321203', '-122.38809414', '-122.387867078', '-122.387640015', '-122.388253695', '-122.388305191', '-122.388356686', '-122.388408182', '-122.388459677', '-122.388511173', '-122.388562668', '-122.388614163', '-122.388665659', '-122.389029513', '-122.389405726', '-122.38978194', '-122.390076183', -122.3903479]"
70,51,2322,48,"[37.7767147, '37.7770044834', '37.7772942667', '37.7775840501', '37.7778738334', '37.7781636168', '37.7784534001', '37.7787431835', '37.7790329668', '37.7793227502', '37.7796125335', '37.7799023169', '37.7801921002', '37.7804818836', '37.7807716669', '37.7810614503', '37.7813512336', '37.781641017', '37.7822160848', '37.7826346695', '37.7830532543', '37.783471839', '37.7838904238', '37.7843090086', '37.7847275933', '37.7851461781', '37.7855647628', '37.7859833476', '37.7864019323', '37.7868205171', '37.7872391019', '37.7876576866', '37.7880762714', '37.7884948561', '37.7889134409', '37.7893320257', '37.7897506104', '37.7901691952', '37.7905877799', '37.7910063647', '37.7914249495', '37.7918435342', '37.792262119', '37.7926807037', '37.7919284583', '37.7914949167', '37.7913384968', 37.7914669]","[-122.3951274, '-122.394728797', '-122.394330194', '-122.39393159', '-122.393532987', '-122.393134384', '-122.392735781', '-122.392337178', '-122.391938574', '-122.391539971', '-122.391141368', '-122.390742765', '-122.390344162', '-122.389945558', '-122.389546955', '-122.389148352', '-122.388749749', '-122.388351146', '-122.388246211', '-122.388356522', '-122.388466833', '-122.388577144', '-122.388687455', '-122.388797766', '-122.388908077', '-122.389018388', '-122.389128699', '-122.38923901', '-122.389349321', '-122.389459633', '-122.389569944', '-122.389680255', '-122.389790566', '-122.389900877', '-122.390011188', '-122.390121499', '-122.39023181', '-122.390342121', '-122.390452432', '-122.390562743', '-122.390673054', '-122.390783365', '-122.390893676', '-122.391003987', '-122.391069447', '-122.390904794', '-122.390891552', -122.3910297]"
74,61,2106,44,"[37.7941805, '37.7938599595', '37.7935394189', '37.7935506623', '37.7938696245', '37.7941885868', '37.793512598', '37.793117296', '37.792721994', '37.7923266921', '37.7919313901', '37.7915360881', '37.7911407861', '37.7907454841', '37.7903501821', '37.7899548802', '37.7895595782', '37.7891642762', '37.7887689742', '37.7883736722', '37.7879783702', '37.7875830682', '37.7871877663', '37.7867924643', '37.7863971623', '37.7860018603', '37.7856065583', '37.7852112563', '37.7848159544', '37.7843165758', '37.7838702516', '37.7834239274', '37.7829776032', '37.782531279', '37.7820849548', '37.7816386306', '37.7811923064', '37.7807459822', '37.7805182838', '37.7801834676', '37.7798486515', '37.780261269', '37.7805801381', 37.7804781]","[-122.3943779, '-122.393981549', '-122.393585197', '-122.392807247', '-122.392409794', '-122.392012342', '-122.392165439', '-122.391968778', '-122.391772117', '-122.391575456', '-122.391378795', '-122.391182135', '-122.390985474', '-122.390788813', '-122.390592152', '-122.390395491', '-122.39019883', '-122.390002169', '-122.389805508', '-122.389608847', '-122.389412186', '-122.389215525', '-122.389018864', '-122.388822204', '-122.388625543', '-122.388428882', '-122.388232221', '-122.38803556', '-122.387838899', '-122.388253695', '-122.388305191', '-122.388356686', '-122.388408182', '-122.388459677', '-122.388511173', '-122.388562668', '-122.388614163', '-122.388665659', '-122.389029513', '-122.389405726', '-122.38978194', '-122.390076183', '-122.390475767', -122.3903479]"
51,70,2031,42,"[37.7914669, '37.7909918371', '37.7905761742', '37.7901605113', '37.7897448484', '37.7893291854', '37.7889135225', '37.7884978596', '37.7880821967', '37.7876665338', '37.7872508709', '37.786835208', '37.7864195451', '37.7860038821', '37.7855882192', '37.7851725563', '37.7847568934', '37.7843412305', '37.7839255676', '37.7835099047', '37.7830942418', '37.7826785789', '37.7822629159', '37.781847253', '37.7815151111', '37.7812162222', '37.7809173333', '37.7806184444', '37.7803195556', '37.7800206667', '37.7797217778', '37.7794228889', '37.779124', '37.7788251111', '37.7785262222', '37.7782273333', '37.7779284444', '37.7776295556', '37.7773306667', '37.7770317778', '37.7767328889', 37.7768644]","[-122.3910297, '-122.390722578', '-122.390618856', '-122.390515134', '-122.390411413', '-122.390307691', '-122.390203969', '-122.390100247', '-122.389996525', '-122.389892803', '-122.389789082', '-122.38968536', '-122.389581638', '-122.389477916', '-122.389374194', '-122.389270472', '-122.389166751', '-122.389063029', '-122.388959307', '-122.388855585', '-122.388751863', '-122.388648141', '-122.38854442', '-122.388440698', '-122.388847346', '-122.389262291', '-122.389677237', '-122.390092183', '-122.390507128', '-122.390922074', '-122.39133702', '-122.391751965', '-122.392166911', '-122.392581857', '-122.392996802', '-122.393411748', '-122.393826693', '-122.394241639', '-122.394656585', '-122.39507153', '-122.395486476', -122.3953039]"
60,50,1426,30,"[37.8048372, '37.8044958552', '37.8041545103', '37.8038131655', '37.8034718207', '37.8031304759', '37.8031849', '37.8027651194', '37.8023977389', '37.8020303583', '37.8016629778', '37.8012955972', '37.8009282166', '37.8005608361', '37.8001934555', '37.799826075', '37.7994586944', '37.7990913138', '37.7987239333', '37.7983086123', '37.7979447247', '37.797580837', '37.7972169493', '37.7968530617', '37.796489174', '37.7961252863', '37.7957613987', '37.795397511', '37.7950384', 37.795276]","[-122.4031564, '-122.4027904', '-122.4024244', '-122.4020584', '-122.4016924', '-122.4013264', '-122.400756457', '-122.400473279', '-122.400145759', '-122.399818238', '-122.399490718', '-122.399163197', '-122.398835676', '-122.398508156', '-122.398180635', '-122.397853115', '-122.397525594', '-122.397198073', '-122.396870553', '-122.396490361', '-122.396156022', '-122.395821682', '-122.395487343', '-122.395153004', '-122.394818665', '-122.394484326', '-122.394149986', '-122.393815647', '-122.394191757', -122.3939017]"
70,55,2612,54,"[37.7767147, '37.7770044834', '37.7772942667', '37.7775840501', '37.7778738334', '37.7781636168', '37.7784534001', '37.7787431835', '37.7790329668', '37.7793227502', '37.7796125335', '37.7799023169', '37.7801921002', '37.7804818836', '37.7807716669', '37.7810614503', '37.7813512336', '37.781641017', '37.7822160848', '37.7826346695', '37.7830532543', '37.783471839', '37.7838904238', '37.7843090086', '37.7847275933', '37.7851461781', '37.7855647628', '37.7859833476', '37.7864019323', '37.7868205171', '37.7872391019', '37.7876576866', '37.7880762714', '37.7884948561', '37.7889134409', '37.7893320257', '37.7897506104', '37.7901691952', '37.7905877799', '37.7910063647', '37.7914249495', '37.7918435342', '37.792262119', '37.7926807037', '37.7922447695', '37.791926039', '37.7916073085', '37.791288578', '37.7909698474', '37.7906511169', '37.7903323864', '37.7900136559', '37.7896949254', 37.7897013]","[-122.3951274, '-122.394728797', '-122.394330194', '-122.39393159', '-122.393532987', '-122.393134384', '-122.392735781', '-122.392337178', '-122.391938574', '-122.391539971', '-122.391141368', '-122.390742765', '-122.390344162', '-122.389945558', '-122.389546955', '-122.389148352', '-122.388749749', '-122.388351146', '-122.388246211', '-122.388356522', '-122.388466833', '-122.388577144', '-122.388687455', '-122.388797766', '-122.388908077', '-122.389018388', '-122.389128699', '-122.38923901', '-122.389349321', '-122.389459633', '-122.389569944', '-122.389680255', '-122.389790566', '-122.389900877', '-122.390011188', '-122.390121499', '-122.39023181', '-122.390342121', '-122.390452432', '-122.390562743', '-122.390673054', '-122.390783365', '-122.390893676', '-122.391003987', '-122.391374069', '-122.391775038', '-122.392176006', '-122.392576975', '-122.392977944', '-122.393378913', '-122.393779882', '-122.394180851', '-122.394581819', -122.3945738]"
70,74,2627,54,"[37.7767147, '37.7770044834', '37.7772942667', '37.7775840501', '37.7778738334', '37.7781636168', '37.7784534001', '37.7787431835', '37.7790329668', '37.7793227502', '37.7796125335', '37.7799023169', '37.7801921002', '37.7804818836', '37.7807716669', '37.7810614503', '37.7813512336', '37.781641017', '37.7822466176', '37.7826957353', '37.7831448529', '37.7835939706', '37.7838700914', '37.7842712828', '37.7846724742', '37.7850736656', '37.785474857', '37.7858760483', '37.7862772397', '37.7866784311', '37.7870796225', '37.7874808139', '37.7878820053', '37.7882831967', '37.7886843881', '37.7890855795', '37.7894867709', '37.7898879623', '37.7902891537', '37.790690345', '37.7910915364', '37.7914927278', '37.7918939192', '37.7922951106', '37.792696302', '37.7930974934', '37.7934986848', '37.7938998762', '37.7935889377', '37.7932699755', '37.7935522405', '37.7938727811', '37.7941933216', 37.7941805]","[-122.3951274, '-122.394728797', '-122.394330194', '-122.39393159', '-122.393532987', '-122.393134384', '-122.392735781', '-122.392337178', '-122.391938574', '-122.391539971', '-122.391141368', '-122.390742765', '-122.390344162', '-122.389945558', '-122.389546955', '-122.389148352', '-122.388749749', '-122.388351146', '-122.388100044', '-122.388064189', '-122.388028333', '-122.387992478', '-122.388086584', '-122.388257468', '-122.388428352', '-122.388599236', '-122.38877012', '-122.388941004', '-122.389111888', '-122.389282771', '-122.389453655', '-122.389624539', '-122.389795423', '-122.389966307', '-122.390137191', '-122.390308075', '-122.390478959', '-122.390649843', '-122.390820727', '-122.390991611', '-122.391162495', '-122.391333379', '-122.391504263', '-122.391675147', '-122.391846031', '-122.392016914', '-122.392187798', '-122.392358682', '-122.392759553', '-122.393157006', '-122.393601051', '-122.393997403', '-122.394393754', -122.3943779]"
50,70,2770,57,"[37.7954657, '37.7958316211', '37.7957110268', '37.7953232536', '37.7949354803', '37.7945477071', '37.7941599339', '37.7937721607', '37.7933843874', '37.7929966142', '37.792608841', '37.7922210678', '37.7918332945', '37.7914455213', '37.7910577481', '37.7906699749', '37.7902822016', '37.7898944284', '37.7895066552', '37.789118882', '37.7887311087', '37.7883433355', '37.7879555623', '37.7875677891', '37.7871800158', '37.7867922426', '37.7864044694', '37.7860166962', '37.785628923', '37.7852411497', '37.7848533765', '37.7844656033', '37.7843147389', '37.7838665778', '37.7834184167', '37.7829702556', '37.7825220945', '37.7820739334', '37.7816257723', '37.7815151111', '37.7812162222', '37.7809173333', '37.7806184444', '37.7803195556', '37.7800206667', '37.7797217778', '37.7794228889', '37.779124', '37.7788251111', '37.7785262222', '37.7782273333', '37.7779284444', '37.7776295556', '37.7773306667', '37.7770317778', '37.7765389652', 37.7767147]","[-122.3940762, '-122.394412582', '-122.394224837', '-122.393997774', '-122.393770711', '-122.393543649', '-122.393316586', '-122.393089523', '-122.39286246', '-122.392635397', '-122.392408334', '-122.392181272', '-122.391954209', '-122.391727146', '-122.391500083', '-122.39127302', '-122.391045957', '-122.390818895', '-122.390591832', '-122.390364769', '-122.390137706', '-122.389910643', '-122.38968358', '-122.389456517', '-122.389229455', '-122.389002392', '-122.388775329', '-122.388548266', '-122.388321203', '-122.38809414', '-122.387867078', '-122.387640015', '-122.388237185', '-122.38827217', '-122.388307154', '-122.388342139', '-122.388377124', '-122.388412109', '-122.388447094', '-122.388847346', '-122.389262291', '-122.389677237', '-122.390092183', '-122.390507128', '-122.390922074', '-122.39133702', '-122.391751965', '-122.392166911', '-122.392581857', '-122.392996802', '-122.393411748', '-122.393826693', '-122.394241639', '-122.394656585', '-122.39507153', '-122.394920204', -122.3951274]"
70,65,940,20,"[37.7767147, '37.7764111362', '37.7761075723', '37.7758040085', '37.7755004447', '37.7751968809', '37.774893317', '37.7745897532', '37.7742861894', '37.7739826255', '37.7736790617', '37.7733754979', '37.773071934', '37.7727683702', '37.7724648064', '37.7721612426', '37.7718576787', '37.7715541149', '37.7712505511', 37.7710077]","[-122.3951274, '-122.39552774', '-122.395928081', '-122.396328421', '-122.396728762', '-122.397129102', '-122.397529443', '-122.397929783', '-122.398330123', '-122.398730464', '-122.399130804', '-122.399531145', '-122.399931485', '-122.400331826', '-122.400732166', '-122.401132506', '-122.401532847', '-122.401933187', '-122.402333528', -122.4026538]"
74,70,2628,54,"[37.7941805, '37.7938599595', '37.7935394189', '37.7935506623', '37.7938696245', '37.7941885868', '37.793512598', '37.793117296', '37.792721994', '37.7923266921', '37.7919313901', '37.7915360881', '37.7911407861', '37.7907454841', '37.7903501821', '37.7899548802', '37.7895595782', '37.7891642762', '37.7887689742', '37.7883736722', '37.7879783702', '37.7875830682', '37.7871877663', '37.7867924643', '37.7863971623', '37.7860018603', '37.7856065583', '37.7852112563', '37.7848159544', '37.7843147389', '37.7838665778', '37.7834184167', '37.7829702556', '37.7825220945', '37.7820739334', '37.7816257723', '37.7815151111', '37.7812162222', '37.7809173333', '37.7806184444', '37.7803195556', '37.7800206667', '37.7797217778', '37.7794228889', '37.779124', '37.7788251111', '37.7785262222', '37.7782273333', '37.7779284444', '37.7776295556', '37.7773306667', '37.7770317778', '37.7767328889', 37.7768644]","[-122.3943779, '-122.393981549', '-122.393585197', '-122.392807247', '-122.392409794', '-122.392012342', '-122.392165439', '-122.391968778', '-122.391772117', '-122.391575456', '-122.391378795', '-122.391182135', '-122.390985474', '-122.390788813', '-122.390592152', '-122.390395491', '-122.39019883', '-122.390002169', '-122.389805508', '-122.389608847', '-122.389412186', '-122.389215525', '-122.389018864', '-122.388822204', '-122.388625543', '-122.388428882', '-122.388232221', '-122.38803556', '-122.387838899', '-122.388237185', '-122.38827217', '-122.388307154', '-122.388342139', '-122.388377124', '-122.388412109', '-122.388447094', '-122.388847346', '-122.389262291', '-122.389677237', '-122.390092183', '-122.390507128', '-122.390922074', '-122.39133702', '-122.391751965', '-122.392166911', '-122.392581857', '-122.392996802', '-122.393411748', '-122.393826693', '-122.394241639', '-122.394656585', '-122.39507153', '-122.395486476', -122.3953039]"
62,77,703,16,"[37.7852358, '37.78555233', '37.7858688599', '37.7861853899', '37.7865019199', '37.7868184498', '37.7871349798', '37.7874515098', '37.7877680397', '37.7880845697', '37.7884010997', '37.7887176297', '37.7890341596', '37.7895719362', '37.7898944725', 37.7896945]","[-122.3963332, '-122.396736812', '-122.397140424', '-122.397544036', '-122.397947648', '-122.39835126', '-122.398754872', '-122.399158484', '-122.399562096', '-122.399965708', '-122.40036932', '-122.400772932', '-122.401176544', '-122.401052449', '-122.400653899', -122.400901]"
55,70,2534,52,"[37.7897013, '37.7900203288', '37.7903393576', '37.7906583863', '37.7909774151', '37.7912964439', '37.7916154727', '37.7919345014', '37.7922535302', '37.7919454123', '37.7915288246', '37.791112237', '37.7906956493', '37.7902790616', '37.7898624739', '37.7894458863', '37.7890292986', '37.7886127109', '37.7881961232', '37.7877795355', '37.7873629479', '37.7869463602', '37.7865297725', '37.7861131848', '37.7856965972', '37.7852800095', '37.7848634218', '37.7844468341', '37.7840302464', '37.7836136588', '37.7831970711', '37.7827804834', '37.7823638957', '37.7819473081', '37.7815151111', '37.7812162222', '37.7809173333', '37.7806184444', '37.7803195556', '37.7800206667', '37.7797217778', '37.7794228889', '37.779124', '37.7788251111', '37.7785262222', '37.7782273333', '37.7779284444', '37.7776295556', '37.7773306667', '37.7770317778', '37.7767328889', 37.7768644]","[-122.3945738, '-122.394173356', '-122.393772913', '-122.393372469', '-122.392972025', '-122.392571582', '-122.392171138', '-122.391770694', '-122.391370251', '-122.391123448', '-122.391012797', '-122.390902145', '-122.390791493', '-122.390680842', '-122.39057019', '-122.390459538', '-122.390348887', '-122.390238235', '-122.390127583', '-122.390016932', '-122.38990628', '-122.389795628', '-122.389684977', '-122.389574325', '-122.389463673', '-122.389353022', '-122.38924237', '-122.389131718', '-122.389021067', '-122.388910415', '-122.388799764', '-122.388689112', '-122.38857846', '-122.388467809', '-122.388847346', '-122.389262291', '-122.389677237', '-122.390092183', '-122.390507128', '-122.390922074', '-122.39133702', '-122.391751965', '-122.392166911', '-122.392581857', '-122.392996802', '-122.393411748', '-122.393826693', '-122.394241639', '-122.394656585', '-122.39507153', '-122.395486476', -122.3953039]"
69,39,1772,37,"[37.7763205, '37.7760050752', '37.7756896503', '37.7753742255', '37.7756745915', '37.775993883', '37.7763131745', '37.7766324661', '37.7769517576', '37.7772710491', '37.7775903406', '37.7779096321', '37.7782289236', '37.7785482151', '37.7788675066', '37.7791867982', '37.7795060897', '37.7798253812', '37.7801446727', '37.7804639642', '37.7807832557', '37.7811025472', '37.7814218387', '37.7817411303', '37.7820604218', '37.7823797133', '37.7826990048', '37.7830182963', '37.7833375878', '37.7836568793', '37.7839761708', '37.7843256333', '37.7840696895', '37.7847189', '37.7841659888', '37.7838475776', 37.783803]","[-122.3959992, '-122.396402403', '-122.396805605', '-122.397208808', '-122.397633701', '-122.398034402', '-122.398435103', '-122.398835804', '-122.399236506', '-122.399637207', '-122.400037908', '-122.400438609', '-122.40083931', '-122.401240011', '-122.401640712', '-122.402041413', '-122.402442114', '-122.402842815', '-122.403243517', '-122.403644218', '-122.404044919', '-122.40444562', '-122.404846321', '-122.405247022', '-122.405647723', '-122.406048424', '-122.406449125', '-122.406849827', '-122.407250528', '-122.407651229', '-122.40805193', '-122.4076842', '-122.407762611', '-122.407729733', '-122.407884179', '-122.408288057', -122.4083446]"
57,70,1256,27,"[37.7816944, '37.7813755318', '37.7810566636', '37.7807377954', '37.7804189272', '37.780100059', '37.7797811907', '37.7794623225', '37.7791434543', '37.7788245861', '37.7785057179', '37.7781868497', '37.7778679815', '37.7775491133', '37.7772302451', '37.7769113769', '37.7765925087', '37.7762736404', '37.7759547722', '37.775635904', '37.7756710113', '37.7759867226', '37.7763024339', '37.7766181452', '37.7769338565', '37.7765389652', 37.7767147]","[-122.4052018, '-122.404800955', '-122.40440011', '-122.403999265', '-122.40359842', '-122.403197575', '-122.40279673', '-122.402395885', '-122.401995039', '-122.401594194', '-122.401193349', '-122.400792504', '-122.400391659', '-122.399990814', '-122.399589969', '-122.399189124', '-122.398788279', '-122.398387434', '-122.397986589', '-122.397585744', '-122.396829423', '-122.396425845', '-122.396022268', '-122.39561869', '-122.395215113', '-122.394920204', -122.3951274]"
67,76,1689,35,"[37.7766416, '37.7769591029', '37.7772766057', '37.7775941086', '37.7779116114', '37.7782291143', '37.7785466171', '37.77886412', '37.7791816228', '37.7794991257', '37.7798166285', '37.7801341314', '37.7804516342', '37.7807691371', '37.7810866399', '37.7814041428', '37.7817216456', '37.7820391485', '37.7819147216', '37.7816188432', '37.7820911477', '37.7824095953', '37.782728043', '37.7830464906', '37.7833649383', '37.7838552784', '37.7841736568', '37.7843262367', '37.7846443735', '37.7849625102', '37.7852806469', '37.7855987836', '37.7859169204', '37.7862350571', 37.7863814]","[-122.4174137, '-122.417011209', '-122.416608717', '-122.416206226', '-122.415803734', '-122.415401243', '-122.414998751', '-122.41459626', '-122.414193768', '-122.413791277', '-122.413388786', '-122.412986294', '-122.412583803', '-122.412181311', '-122.41177882', '-122.411376328', '-122.410973837', '-122.410571345', '-122.409929405', '-122.409504811', '-122.409324282', '-122.408922965', '-122.408521647', '-122.408120329', '-122.407719012', '-122.407900746', '-122.408299192', '-122.407689869', '-122.407287737', '-122.406885606', '-122.406483475', '-122.406081343', '-122.405679212', '-122.40527708', -122.4050921]"
70,68,1346,28,"[37.7767147, '37.7770326674', '37.7773506347', '37.7776686021', '37.7779865694', '37.7783045368', '37.7786225042', '37.7791767803', '37.7794957607', '37.779814741', '37.7801337213', '37.7804527017', '37.780771682', '37.7810906623', '37.7814096427', '37.781728623', '37.7820476033', '37.7823665836', '37.782685564', '37.7830045443', '37.7833235246', '37.783642505', '37.7839614853', '37.7842804656', '37.784599446', '37.7849184263', '37.7852374066', 37.7850205]","[-122.3951274, '-122.394777875', '-122.39442835', '-122.394078824', '-122.393729299', '-122.393379774', '-122.393030249', '-122.393171905', '-122.393572211', '-122.393972516', '-122.394372822', '-122.394773127', '-122.395173432', '-122.395573738', '-122.395974043', '-122.396374348', '-122.396774654', '-122.397174959', '-122.397575265', '-122.39797557', '-122.398375875', '-122.398776181', '-122.399176486', '-122.399576792', '-122.399977097', '-122.400377402', '-122.400777708', -122.4005055]"
55,61,1447,30,"[37.7897013, '37.7893838655', '37.789066431', '37.7887489965', '37.788431562', '37.7881141275', '37.787796693', '37.7874792585', '37.787161824', '37.7868443895', '37.7864743128', '37.7861550257', '37.7858357385', '37.7855164514', '37.7851971642', '37.784877877', '37.7845585899', '37.7842393027', '37.7839200156', '37.7836007284', '37.7832814413', '37.7829621541', '37.7826428669', '37.7823235798', '37.7820042926', '37.7816850055', '37.7813657183', '37.7810464311', '37.780727144', 37.7804781]","[-122.3945738, '-122.394977075', '-122.39538035', '-122.395783625', '-122.3961869', '-122.396590176', '-122.396993451', '-122.397396726', '-122.397800001', '-122.398203276', '-122.397867401', '-122.397467001', '-122.397066602', '-122.396666202', '-122.396265803', '-122.395865404', '-122.395465004', '-122.395064605', '-122.394664205', '-122.394263806', '-122.393863407', '-122.393463007', '-122.393062608', '-122.392662208', '-122.392261809', '-122.39186141', '-122.39146101', '-122.391060611', '-122.390660212', -122.3903479]"
73,77,1651,35,"[37.79850589999999, '37.7985730831', '37.7981584711', '37.7979996706', '37.7980711412', '37.7981426118', '37.7982140824', '37.7982855529', '37.7983570235', '37.7984284941', '37.7984999647', '37.7979947186', '37.7975509372', '37.7971071558', '37.7966633744', '37.796219593', '37.7957758116', '37.7953320302', '37.7948882487', '37.794952165', '37.7949983301', '37.7945573553', '37.7941136105', '37.7936698658', '37.7932261211', '37.7927823764', '37.7923386316', '37.7918948869', '37.7914511422', '37.7910073975', '37.7904746616', '37.7901549233', '37.7898351849', '37.7895154465', 37.7896945]","[-122.4071906, '-122.406631375', '-122.406307224', '-122.405698769', '-122.405136738', '-122.404574708', '-122.404012677', '-122.403450646', '-122.402888615', '-122.402326584', '-122.401764554', '-122.402156895', '-122.40206589', '-122.401974885', '-122.40188388', '-122.401792875', '-122.40170187', '-122.401610865', '-122.40151986', '-122.400956267', '-122.400389034', '-122.40026692', '-122.40017884', '-122.400090759', '-122.400002679', '-122.399914599', '-122.399826519', '-122.399738439', '-122.399650359', '-122.399562278', '-122.399921453', '-122.400322907', '-122.40072436', '-122.401125814', -122.400901]"
69,57,1147,24,"[37.7763205, '37.7760050752', '37.7756896503', '37.7753742255', '37.7756741682', '37.7759930364', '37.7763119046', '37.7766307728', '37.776949641', '37.7772685093', '37.7775873775', '37.7779062457', '37.7782251139', '37.7785439821', '37.7788628503', '37.7791817185', '37.7795005867', '37.7798194549', '37.7801383231', '37.7804571913', '37.7807760596', '37.7810949278', '37.781413796', 37.7816944]","[-122.3959992, '-122.396402403', '-122.396805605', '-122.397208808', '-122.397633845', '-122.39803469', '-122.398435535', '-122.39883638', '-122.399237225', '-122.39963807', '-122.400038915', '-122.400439761', '-122.400840606', '-122.401241451', '-122.401642296', '-122.402043141', '-122.402443986', '-122.402844831', '-122.403245676', '-122.403646521', '-122.404047366', '-122.404448211', '-122.404849056', -122.4052018]"
70,77,2040,42,"[37.7767147, '37.7770330415', '37.7773513829', '37.7776697244', '37.7779880659', '37.7783064073', '37.7786247488', '37.7789430902', '37.7792614317', '37.7795797732', '37.7798981146', '37.7802164561', '37.7805347976', '37.7809481134', '37.7812659268', '37.7815837403', '37.7819015537', '37.7822193671', '37.7825371805', '37.782854994', '37.7831728074', '37.7834906208', '37.7838084342', '37.7841262476', '37.7844440611', '37.7847618745', '37.7850796879', '37.7853975013', '37.7857153147', '37.7860331282', '37.7863509416', '37.786668755', '37.7869865684', '37.7873043819', '37.7876221953', '37.7879400087', '37.7882578221', '37.7885756355', '37.788893449', '37.7892112624', '37.7895719362', 37.7896945]","[-122.3951274, '-122.39475466', '-122.39438192', '-122.39400918', '-122.393636441', '-122.393263701', '-122.392890961', '-122.392518221', '-122.392145481', '-122.391772741', '-122.391400002', '-122.391027262', '-122.390654522', '-122.390944923', '-122.391347147', '-122.39174937', '-122.392151594', '-122.392553817', '-122.392956041', '-122.393358264', '-122.393760488', '-122.394162711', '-122.394564935', '-122.394967158', '-122.395369381', '-122.395771605', '-122.396173828', '-122.396576052', '-122.396978275', '-122.397380499', '-122.397782722', '-122.398184946', '-122.398587169', '-122.398989392', '-122.399391616', '-122.399793839', '-122.400196063', '-122.400598286', '-122.40100051', '-122.401402733', '-122.401052449', -122.400901]"
