Trip ID,Duration,Start Date
4116,1213,8/29/2013 10:11
4121,1040,8/29/2013 10:13
4123,500,8/29/2013 10:14
4125,464,8/29/2013 10:14
4130,71,8/29/2013 10:16
4132,3637,8/29/2013 10:17
4133,1965,8/29/2013 10:17
4135,3492,8/29/2013 10:19
4134,574,8/29/2013 10:19
4136,688,8/29/2013 10:20
4160,1271,8/29/2013 10:42
4164,1276,8/29/2013 10:47
4166,7138,8/29/2013 10:49
4168,161,8/29/2013 10:56
4177,278,8/29/2013 11:03
4190,18240,8/29/2013 11:04
4193,18192,8/29/2013 11:04
4199,455,8/29/2013 11:05
4204,378,8/29/2013 11:06
4206,1066,8/29/2013 11:09
4210,980,8/29/2013 11:13
4213,931,8/29/2013 11:14
4214,909,8/29/2013 11:15
4217,1535,8/29/2013 11:17
4218,1593,8/29/2013 11:17
4219,1150,8/29/2013 11:18
4225,21612,8/29/2013 11:18
4221,1500,8/29/2013 11:18
4234,1351,8/29/2013 11:19
4241,2124,8/29/2013 11:22
4242,141,8/29/2013 11:25
4244,1071,8/29/2013 11:26
4243,720,8/29/2013 11:26
4251,77,8/29/2013 11:29
4252,1350,8/29/2013 11:30
4254,1032,8/29/2013 11:31
4256,629,8/29/2013 11:32
4258,114,8/29/2013 11:33
4265,151,8/29/2013 11:40
4268,1055,8/29/2013 11:40
4275,883,8/29/2013 11:43
4276,173,8/29/2013 11:45
4277,759,8/29/2013 11:50
4278,353,8/29/2013 11:52
4280,309,8/29/2013 11:53
4279,1105,8/29/2013 11:53
4282,572,8/29/2013 11:54
4284,1281,8/29/2013 11:55
4283,1712,8/29/2013 11:55
4287,572,8/29/2013 11:56
4285,657,8/29/2013 11:56
4288,760,8/29/2013 11:57
4290,309,8/29/2013 11:58
4302,2138,8/29/2013 11:58
4289,970,8/29/2013 11:58
4292,1373,8/29/2013 11:59
4293,1346,8/29/2013 12:00
4296,430,8/29/2013 12:00
4297,1451,8/29/2013 12:01
4298,460,8/29/2013 12:02
4299,83,8/29/2013 12:02
4303,1305,8/29/2013 12:03
4300,346,8/29/2013 12:03
4301,471,8/29/2013 12:03
4309,423,8/29/2013 12:04
4305,1292,8/29/2013 12:04
4308,1000,8/29/2013 12:04
4307,1110,8/29/2013 12:04
4304,508,8/29/2013 12:04
4311,1191,8/29/2013 12:05
4310,537,8/29/2013 12:05
4312,369,8/29/2013 12:06
4313,5709,8/29/2013 12:06
4314,464,8/29/2013 12:07
4318,1439,8/29/2013 12:07
4315,1432,8/29/2013 12:07
4316,1515,8/29/2013 12:07
4317,241,8/29/2013 12:07
4323,1397,8/29/2013 12:10
4320,520,8/29/2013 12:10
4319,899,8/29/2013 12:10
4321,505,8/29/2013 12:10
4328,1328,8/29/2013 12:11
4335,1321,8/29/2013 12:11
4327,1438,8/29/2013 12:11
4329,142,8/29/2013 12:11
4339,765,8/29/2013 12:12
4332,1373,8/29/2013 12:12
4331,307,8/29/2013 12:12
4336,611,8/29/2013 12:12
4334,398,8/29/2013 12:12
4342,1431,8/29/2013 12:13
4341,252,8/29/2013 12:13
4337,219,8/29/2013 12:13
4340,767,8/29/2013 12:13
4348,418,8/29/2013 12:14
4343,445,8/29/2013 12:14
4345,1162,8/29/2013 12:14
4346,724,8/29/2013 12:14
4349,674,8/29/2013 12:15
4347,389,8/29/2013 12:15
4352,874,8/29/2013 12:16
4351,1298,8/29/2013 12:16
4350,701,8/29/2013 12:16
4355,2044,8/29/2013 12:18
4356,587,8/29/2013 12:18
4358,784,8/29/2013 12:20
4359,1159,8/29/2013 12:21
4360,637,8/29/2013 12:21
4373,1083,8/29/2013 12:22
4363,15244,8/29/2013 12:23
4374,563,8/29/2013 12:23
4365,1094,8/29/2013 12:24
4367,579,8/29/2013 12:24
4364,1800,8/29/2013 12:24
4366,607,8/29/2013 12:24
4368,1241,8/29/2013 12:25
4372,1211,8/29/2013 12:25
4369,540,8/29/2013 12:25
4375,880,8/29/2013 12:26
4376,320,8/29/2013 12:27
4378,173,8/29/2013 12:27
4377,289,8/29/2013 12:27
4379,610,8/29/2013 12:29
4380,853,8/29/2013 12:29
4385,398,8/29/2013 12:30
4386,134,8/29/2013 12:31
4391,873,8/29/2013 12:33
4390,825,8/29/2013 12:33
4388,3582,8/29/2013 12:33
4393,343,8/29/2013 12:34
4392,323,8/29/2013 12:34
4394,1309,8/29/2013 12:34
4395,885,8/29/2013 12:35
4397,950,8/29/2013 12:36
4396,462,8/29/2013 12:36
4398,607,8/29/2013 12:37
4401,222,8/29/2013 12:39
4400,189,8/29/2013 12:39
4399,355,8/29/2013 12:39
4402,1776,8/29/2013 12:39
4403,702,8/29/2013 12:40
4411,223,8/29/2013 12:40
4404,768,8/29/2013 12:40
4405,571,8/29/2013 12:41
4408,385,8/29/2013 12:41
4407,690,8/29/2013 12:41
4406,687,8/29/2013 12:41
4410,620,8/29/2013 12:42
4409,485,8/29/2013 12:42
4413,659,8/29/2013 12:43
4414,393,8/29/2013 12:44
4417,148,8/29/2013 12:45
4419,556,8/29/2013 12:45
4420,512,8/29/2013 12:46
4422,1682,8/29/2013 12:47
4421,1724,8/29/2013 12:47
4423,254,8/29/2013 12:50
4425,752,8/29/2013 12:51
4426,982,8/29/2013 12:52
4429,380,8/29/2013 12:53
4428,627,8/29/2013 12:53
4433,1083,8/29/2013 12:54
4431,980,8/29/2013 12:54
4432,1107,8/29/2013 12:54
4436,284,8/29/2013 12:55
4435,418,8/29/2013 12:55
4437,1052,8/29/2013 12:55
4440,534,8/29/2013 12:55
4438,1050,8/29/2013 12:55
4434,384,8/29/2013 12:55
4439,540,8/29/2013 12:55
4442,474,8/29/2013 12:56
4443,245,8/29/2013 12:56
4444,777,8/29/2013 12:57
4445,441,8/29/2013 12:58
4447,363,8/29/2013 13:00
4446,678,8/29/2013 13:00
4449,926,8/29/2013 13:01
4450,298,8/29/2013 13:01
4448,324,8/29/2013 13:01
4451,834,8/29/2013 13:02
4452,1494,8/29/2013 13:02
4453,949,8/29/2013 13:04
4455,431,8/29/2013 13:05
4458,405,8/29/2013 13:05
4454,340,8/29/2013 13:05
4457,1301,8/29/2013 13:05
4466,711,8/29/2013 13:06
4462,646,8/29/2013 13:07
4461,1314,8/29/2013 13:07
4459,215,8/29/2013 13:08
4460,693,8/29/2013 13:08
4464,425,8/29/2013 13:09
4467,225,8/29/2013 13:11
4465,419,8/29/2013 13:11
4477,1578,8/29/2013 13:14
4478,567,8/29/2013 13:15
4486,460,8/29/2013 13:16
4485,1040,8/29/2013 13:16
4484,1127,8/29/2013 13:16
4479,1161,8/29/2013 13:16
4483,475,8/29/2013 13:16
4487,1136,8/29/2013 13:17
4491,1015,8/29/2013 13:18
4496,375,8/29/2013 13:19
4494,913,8/29/2013 13:19
4497,954,8/29/2013 13:19
4493,1914,8/29/2013 13:19
4495,1901,8/29/2013 13:19
4498,126,8/29/2013 13:23
4499,638,8/29/2013 13:25
4500,109,8/29/2013 13:25
4501,1963,8/29/2013 13:27
4502,210,8/29/2013 13:28
4504,262,8/29/2013 13:29
4503,728,8/29/2013 13:29
4505,97713,8/29/2013 13:30
4506,1206,8/29/2013 13:31
4507,850,8/29/2013 13:31
4509,1111,8/29/2013 13:31
4510,166,8/29/2013 13:31
4511,1088,8/29/2013 13:32
4512,1024,8/29/2013 13:32
4514,1224,8/29/2013 13:33
4515,1211,8/29/2013 13:33
4517,379,8/29/2013 13:34
4518,497,8/29/2013 13:35
4519,763,8/29/2013 13:36
4521,85385,8/29/2013 13:37
4522,702,8/29/2013 13:37
4523,844,8/29/2013 13:38
4526,814,8/29/2013 13:39
4527,376,8/29/2013 13:39
4524,579,8/29/2013 13:39
4528,12280,8/29/2013 13:39
4525,650,8/29/2013 13:39
4529,425,8/29/2013 13:40
4531,601,8/29/2013 13:41
4534,1439,8/29/2013 13:43
4532,84990,8/29/2013 13:43
4533,165,8/29/2013 13:43
4536,462,8/29/2013 13:44
4537,624,8/29/2013 13:45
4538,668,8/29/2013 13:45
4541,817,8/29/2013 13:49
4542,416,8/29/2013 13:49
4544,852,8/29/2013 13:49
4545,752,8/29/2013 13:50
4543,650,8/29/2013 13:50
4546,1288,8/29/2013 13:52
4549,125,8/29/2013 13:52
4547,1580,8/29/2013 13:52
4550,163,8/29/2013 13:53
4551,1817,8/29/2013 13:54
4552,688,8/29/2013 13:54
4555,1077,8/29/2013 13:55
4556,693,8/29/2013 13:56
4557,130,8/29/2013 13:57
4558,298,8/29/2013 13:57
4559,242,8/29/2013 13:58
4560,237,8/29/2013 13:58
4561,563,8/29/2013 13:58
4562,696,8/29/2013 14:00
4563,111,8/29/2013 14:02
4564,1693,8/29/2013 14:04
4567,1684,8/29/2013 14:04
4565,7148,8/29/2013 14:04
4566,1699,8/29/2013 14:04
4570,351,8/29/2013 14:06
4568,1013,8/29/2013 14:06
4569,987,8/29/2013 14:06
4572,4331,8/29/2013 14:07
4571,421,8/29/2013 14:07
4573,882,8/29/2013 14:09
4575,2096,8/29/2013 14:12
4577,4524,8/29/2013 14:13
4578,4521,8/29/2013 14:13
4576,63,8/29/2013 14:13
4581,591,8/29/2013 14:14
4580,1081,8/29/2013 14:14
4582,335,8/29/2013 14:14
4583,1536,8/29/2013 14:15
4584,262,8/29/2013 14:17
4586,748,8/29/2013 14:17
4585,968,8/29/2013 14:17
4587,519,8/29/2013 14:21
4588,1751,8/29/2013 14:24
4589,1723,8/29/2013 14:25
4592,239,8/29/2013 14:30
4591,832,8/29/2013 14:30
4593,867,8/29/2013 14:30
4597,1541,8/29/2013 14:31
4599,265,8/29/2013 14:31
4595,288,8/29/2013 14:31
4598,1512,8/29/2013 14:31
4601,953,8/29/2013 14:33
4600,291,8/29/2013 14:33
4602,323,8/29/2013 14:34
4603,6095,8/29/2013 14:35
4605,486,8/29/2013 14:36
4606,191,8/29/2013 14:38
4607,70,8/29/2013 14:42
4610,607,8/29/2013 14:44
4612,376,8/29/2013 14:46
4611,1462,8/29/2013 14:46
4614,863,8/29/2013 14:52
4615,332,8/29/2013 14:55
4616,412,8/29/2013 14:56
4617,939,8/29/2013 14:57
4619,1201,8/29/2013 14:58
4620,865,8/29/2013 14:58
4618,919,8/29/2013 14:58
4621,4536,8/29/2013 15:00
4622,4499,8/29/2013 15:00
4624,697,8/29/2013 15:01
4623,1445,8/29/2013 15:01
4627,515,8/29/2013 15:02
4626,624,8/29/2013 15:02
4625,175,8/29/2013 15:02
4629,1065,8/29/2013 15:03
4628,611,8/29/2013 15:03
4632,530,8/29/2013 15:08
4633,963,8/29/2013 15:09
4634,5075,8/29/2013 15:09
4635,999,8/29/2013 15:09
4636,186,8/29/2013 15:11
4638,211,8/29/2013 15:17
4637,11272,8/29/2013 15:17
4639,11118,8/29/2013 15:18
4640,335,8/29/2013 15:19
4641,420,8/29/2013 15:19
4644,698,8/29/2013 15:20
4643,710,8/29/2013 15:20
4642,710,8/29/2013 15:20
4645,850,8/29/2013 15:20
4648,679,8/29/2013 15:26
4651,684,8/29/2013 15:26
4650,1716,8/29/2013 15:26
4647,340,8/29/2013 15:26
4649,676,8/29/2013 15:26
4646,2542,8/29/2013 15:26
4652,753,8/29/2013 15:28
4654,882,8/29/2013 15:28
4655,413,8/29/2013 15:29
4653,1349,8/29/2013 15:29
4656,1306,8/29/2013 15:29
4657,298,8/29/2013 15:30
4658,1152,8/29/2013 15:31
4660,355,8/29/2013 15:32
4659,371,8/29/2013 15:32
4662,1279,8/29/2013 15:33
4661,563,8/29/2013 15:33
4663,52698,8/29/2013 15:34
4664,1157,8/29/2013 15:35
4666,475,8/29/2013 15:36
4665,972,8/29/2013 15:36
4668,243,8/29/2013 15:39
4667,244,8/29/2013 15:39
4670,759,8/29/2013 15:40
4669,5983,8/29/2013 15:40
4671,797,8/29/2013 15:44
4672,1251,8/29/2013 15:44
4674,671,8/29/2013 15:48
4673,239,8/29/2013 15:48
4676,684,8/29/2013 15:49
4679,440,8/29/2013 15:54
4678,491,8/29/2013 15:54
4681,819,8/29/2013 15:55
4682,1129,8/29/2013 15:55
4680,1176,8/29/2013 15:55
4683,960,8/29/2013 15:57
4685,826,8/29/2013 15:58
4684,640,8/29/2013 15:58
4686,273,8/29/2013 15:59
4688,1047,8/29/2013 16:00
4687,967,8/29/2013 16:00
4691,553,8/29/2013 16:01
4689,436,8/29/2013 16:01
4690,918,8/29/2013 16:01
4692,1150,8/29/2013 16:02
4693,1177,8/29/2013 16:03
4694,3362,8/29/2013 16:04
4695,369,8/29/2013 16:05
4699,380,8/29/2013 16:12
4700,369,8/29/2013 16:12
4702,804,8/29/2013 16:14
4701,828,8/29/2013 16:14
4703,778,8/29/2013 16:15
4705,193,8/29/2013 16:15
4704,204,8/29/2013 16:15
4706,606,8/29/2013 16:16
4707,1138,8/29/2013 16:16
4708,1137,8/29/2013 16:16
4709,4116,8/29/2013 16:17
4710,508,8/29/2013 16:17
4711,522,8/29/2013 16:17
4713,878,8/29/2013 16:20
4712,1142,8/29/2013 16:20
4714,240,8/29/2013 16:21
4715,337,8/29/2013 16:23
4716,375,8/29/2013 16:24
4717,2136,8/29/2013 16:24
4718,1946,8/29/2013 16:25
4721,184,8/29/2013 16:27
4720,188,8/29/2013 16:27
4722,327,8/29/2013 16:32
4723,654,8/29/2013 16:33
4725,388,8/29/2013 16:34
4724,637,8/29/2013 16:34
4727,1126,8/29/2013 16:35
4726,1140,8/29/2013 16:35
4731,378,8/29/2013 16:36
4728,612,8/29/2013 16:36
4729,608,8/29/2013 16:36
4730,362,8/29/2013 16:37
4733,1072,8/29/2013 16:40
4735,1247,8/29/2013 16:41
4734,905,8/29/2013 16:41
4736,812,8/29/2013 16:42
4737,897,8/29/2013 16:43
4739,809,8/29/2013 16:44
4740,976,8/29/2013 16:45
4741,412,8/29/2013 16:45
4742,914,8/29/2013 16:47
4743,267,8/29/2013 16:51
4744,319,8/29/2013 16:52
4745,360,8/29/2013 16:52
4746,1024,8/29/2013 16:53
4747,1140,8/29/2013 16:55
4748,240,8/29/2013 16:56
4749,138,8/29/2013 16:57
4750,342,8/29/2013 16:57
4751,406,8/29/2013 16:57
4752,799,8/29/2013 16:58
4753,1830,8/29/2013 16:59
4758,4801,8/29/2013 17:00
4756,845,8/29/2013 17:00
4757,981,8/29/2013 17:00
4755,1808,8/29/2013 17:00
4760,113,8/29/2013 17:01
4761,462,8/29/2013 17:01
4759,1339,8/29/2013 17:01
4762,551,8/29/2013 17:03
4764,931,8/29/2013 17:04
4767,1101,8/29/2013 17:05
4765,228,8/29/2013 17:05
4766,315,8/29/2013 17:05
4769,1424,8/29/2013 17:06
4772,612,8/29/2013 17:07
4771,956,8/29/2013 17:07
4774,852,8/29/2013 17:08
4775,1046,8/29/2013 17:08
4776,560,8/29/2013 17:09
4778,1849,8/29/2013 17:09
4777,585,8/29/2013 17:09
4780,948,8/29/2013 17:11
4779,492,8/29/2013 17:11
4787,479,8/29/2013 17:12
4781,908,8/29/2013 17:12
4782,626,8/29/2013 17:12
4783,438,8/29/2013 17:13
4785,361,8/29/2013 17:13
4784,430,8/29/2013 17:13
4786,362,8/29/2013 17:14
4788,563,8/29/2013 17:16
4790,989,8/29/2013 17:17
4799,267,8/29/2013 17:19
4798,188,8/29/2013 17:22
4795,621,8/29/2013 17:22
4797,677,8/29/2013 17:22
4796,305,8/29/2013 17:22
4801,265,8/29/2013 17:24
4803,764,8/29/2013 17:24
4804,878,8/29/2013 17:24
4805,336,8/29/2013 17:26
4806,663,8/29/2013 17:27
4808,572,8/29/2013 17:27
4809,489,8/29/2013 17:29
4812,186,8/29/2013 17:30
4810,419,8/29/2013 17:30
4813,1030,8/29/2013 17:31
4814,641,8/29/2013 17:32
4817,523,8/29/2013 17:33
4818,1177,8/29/2013 17:33
4819,1133,8/29/2013 17:34
4820,813,8/29/2013 17:35
4821,1109,8/29/2013 17:36
4822,343,8/29/2013 17:37
4823,733,8/29/2013 17:37
4825,1605,8/29/2013 17:38
4824,207,8/29/2013 17:38
4826,1098,8/29/2013 17:38
4827,1258,8/29/2013 17:38
4828,293,8/29/2013 17:41
4830,424,8/29/2013 17:42
4829,566,8/29/2013 17:42
4832,776,8/29/2013 17:44
4835,598,8/29/2013 17:45
4834,579,8/29/2013 17:45
4833,543,8/29/2013 17:45
4838,778,8/29/2013 17:46
4837,466,8/29/2013 17:46
4836,585,8/29/2013 17:46
4841,197,8/29/2013 17:48
4842,756,8/29/2013 17:48
4845,929,8/29/2013 17:50
4844,1970,8/29/2013 17:50
4843,1147,8/29/2013 17:50
4847,1088,8/29/2013 17:51
4846,867,8/29/2013 17:51
4849,450,8/29/2013 17:53
4850,327,8/29/2013 17:53
4848,642,8/29/2013 17:53
4853,849,8/29/2013 17:55
4851,783,8/29/2013 17:55
4852,1055,8/29/2013 17:55
4856,1159,8/29/2013 17:57
4854,209,8/29/2013 17:57
4855,214,8/29/2013 17:57
4857,844,8/29/2013 17:58
4858,845,8/29/2013 17:58
4859,482,8/29/2013 17:59
4860,472,8/29/2013 17:59
4861,1015,8/29/2013 18:00
4862,1015,8/29/2013 18:00
4865,570,8/29/2013 18:02
4864,614,8/29/2013 18:02
4866,1326,8/29/2013 18:03
4868,633,8/29/2013 18:04
4870,266,8/29/2013 18:06
4871,316,8/29/2013 18:06
4872,726,8/29/2013 18:06
4869,870,8/29/2013 18:06
4873,813,8/29/2013 18:07
4874,704,8/29/2013 18:07
4875,370,8/29/2013 18:08
4878,679,8/29/2013 18:09
4876,309,8/29/2013 18:09
4877,792,8/29/2013 18:09
4880,242,8/29/2013 18:10
4879,405,8/29/2013 18:10
4881,611,8/29/2013 18:11
4882,5776,8/29/2013 18:11
4883,378,8/29/2013 18:12
4884,5506,8/29/2013 18:12
4890,347,8/29/2013 18:13
4886,971,8/29/2013 18:14
4885,644,8/29/2013 18:14
4887,685,8/29/2013 18:15
4888,1077,8/29/2013 18:16
4889,638,8/29/2013 18:18
4891,1244,8/29/2013 18:20
4892,1492,8/29/2013 18:21
4894,2069,8/29/2013 18:22
4893,4756,8/29/2013 18:22
4895,1326,8/29/2013 18:23
4898,1804,8/29/2013 18:24
4899,802,8/29/2013 18:24
4900,1168,8/29/2013 18:25
4902,560,8/29/2013 18:26
4901,450,8/29/2013 18:26
4903,546,8/29/2013 18:26
4904,436,8/29/2013 18:26
4905,459,8/29/2013 18:28
4906,277,8/29/2013 18:28
4907,879,8/29/2013 18:31
4908,1731,8/29/2013 18:34
4909,1220,8/29/2013 18:36
4910,412,8/29/2013 18:37
4911,259,8/29/2013 18:38
4912,601,8/29/2013 18:39
4913,1263,8/29/2013 18:41
4917,169,8/29/2013 18:45
4916,1097,8/29/2013 18:45
4918,615,8/29/2013 18:46
4919,1879,8/29/2013 18:48
4920,1880,8/29/2013 18:48
4922,3349,8/29/2013 18:50
4924,1313,8/29/2013 18:52
4923,1329,8/29/2013 18:52
4926,941,8/29/2013 18:53
4925,943,8/29/2013 18:53
4927,103,8/29/2013 18:54
4928,582,8/29/2013 18:55
4929,590,8/29/2013 18:55
4931,826,8/29/2013 18:56
4933,535,8/29/2013 18:56
4934,545,8/29/2013 18:56
4935,885,8/29/2013 18:57
4936,474,8/29/2013 18:58
4937,642,8/29/2013 18:59
4939,816,8/29/2013 19:01
4938,840,8/29/2013 19:01
4940,879,8/29/2013 19:03
4942,486,8/29/2013 19:05
4941,337,8/29/2013 19:05
4944,188,8/29/2013 19:06
4943,970,8/29/2013 19:06
4946,827,8/29/2013 19:07
4947,1339,8/29/2013 19:08
4945,797,8/29/2013 19:08
4948,1010,8/29/2013 19:10
4949,1524,8/29/2013 19:11
4950,1424,8/29/2013 19:12
4951,1409,8/29/2013 19:13
4953,423,8/29/2013 19:14
4954,1210,8/29/2013 19:15
4956,1072,8/29/2013 19:15
4955,360,8/29/2013 19:15
4957,1969,8/29/2013 19:17
4959,292,8/29/2013 19:18
4958,454,8/29/2013 19:18
4960,1790,8/29/2013 19:20
4961,387,8/29/2013 19:21
4963,1323,8/29/2013 19:24
4964,853,8/29/2013 19:32
4966,1245,8/29/2013 19:32
4965,129,8/29/2013 19:32
4968,346,8/29/2013 19:35
4967,454,8/29/2013 19:35
4969,527,8/29/2013 19:36
4971,936,8/29/2013 19:36
4970,404,8/29/2013 19:36
4972,837,8/29/2013 19:38
4973,768,8/29/2013 19:38
4974,877,8/29/2013 19:38
4975,852,8/29/2013 19:39
4976,926,8/29/2013 19:39
4979,747,8/29/2013 19:40
4980,475,8/29/2013 19:40
4978,1475,8/29/2013 19:40
4977,1481,8/29/2013 19:40
4981,399,8/29/2013 19:41
4983,1009,8/29/2013 19:42
4982,146,8/29/2013 19:42
4984,998,8/29/2013 19:43
4987,662,8/29/2013 19:45
4989,1499,8/29/2013 19:47
4988,1539,8/29/2013 19:47
4991,902,8/29/2013 19:48
4990,579,8/29/2013 19:48
4992,1189,8/29/2013 19:52
4995,1065,8/29/2013 19:53
4993,1112,8/29/2013 19:53
4994,214,8/29/2013 19:54
4997,841,8/29/2013 19:57
4998,374,8/29/2013 19:57
4996,410,8/29/2013 19:57
4999,405,8/29/2013 19:58
5000,932,8/29/2013 19:59
5001,236,8/29/2013 20:00
5002,236,8/29/2013 20:01
5004,430,8/29/2013 20:05
5005,645,8/29/2013 20:06
5006,269,8/29/2013 20:09
5007,1016,8/29/2013 20:11
5010,561,8/29/2013 20:12
5009,690,8/29/2013 20:12
5008,623,8/29/2013 20:12
5013,440,8/29/2013 20:13
5017,607,8/29/2013 20:13
5015,449,8/29/2013 20:13
5012,812,8/29/2013 20:13
5014,538,8/29/2013 20:13
5011,834,8/29/2013 20:13
5016,537,8/29/2013 20:14
5020,684,8/29/2013 20:22
5022,1569,8/29/2013 20:24
5021,1899,8/29/2013 20:24
5023,1569,8/29/2013 20:25
5024,555,8/29/2013 20:25
5026,857,8/29/2013 20:27
5027,912,8/29/2013 20:28
5030,818,8/29/2013 20:29
5029,541,8/29/2013 20:29
5031,664,8/29/2013 20:32
5032,363,8/29/2013 20:33
5034,1511,8/29/2013 20:34
5038,994,8/29/2013 20:36
5037,1345,8/29/2013 20:36
5039,1174,8/29/2013 20:42
5040,1253,8/29/2013 20:42
5041,976,8/29/2013 20:42
5043,691,8/29/2013 20:46
5045,757,8/29/2013 20:51
5046,531,8/29/2013 20:57
5048,1107,8/29/2013 21:00
5049,1075,8/29/2013 21:00
5050,396,8/29/2013 21:01
5053,1701,8/29/2013 21:04
5052,1719,8/29/2013 21:04
5054,727,8/29/2013 21:05
5056,1171,8/29/2013 21:09
5057,284,8/29/2013 21:10
5058,704,8/29/2013 21:14
5059,679,8/29/2013 21:14
5060,436,8/29/2013 21:22
5061,433,8/29/2013 21:23
5062,402,8/29/2013 21:27
5063,1725,8/29/2013 21:31
5066,481,8/29/2013 21:35
5067,423,8/29/2013 21:38
5068,1096,8/29/2013 21:40
5069,86102,8/29/2013 21:41
5070,168,8/29/2013 21:43
5073,440,8/29/2013 21:44
5074,216,8/29/2013 21:45
5077,422,8/29/2013 21:47
5075,348,8/29/2013 21:47
5076,491,8/29/2013 21:47
5078,318,8/29/2013 21:53
5079,809,8/29/2013 22:01
5083,755,8/29/2013 22:05
5084,144,8/29/2013 22:06
5086,587,8/29/2013 22:06
5085,573,8/29/2013 22:06
5087,643,8/29/2013 22:07
5088,183,8/29/2013 22:08
5089,1423,8/29/2013 22:09
5090,892,8/29/2013 22:11
5091,1061,8/29/2013 22:11
5092,1253,8/29/2013 22:12
5093,160,8/29/2013 22:12
5094,1149,8/29/2013 22:13
5095,390,8/29/2013 22:15
5097,142,8/29/2013 22:21
5099,387,8/29/2013 22:35
5100,323,8/29/2013 22:50
5101,666,8/29/2013 22:51
5102,392,8/29/2013 22:53
5103,1278,8/29/2013 22:54
5104,661,8/29/2013 23:00
5105,245,8/29/2013 23:12
5106,672,8/29/2013 23:16
5108,694,8/29/2013 23:57
4069,174,8/29/2013 9:08
4073,1067,8/29/2013 9:24
4074,1131,8/29/2013 9:24
4075,1117,8/29/2013 9:24
4076,1118,8/29/2013 9:25
4078,3829,8/29/2013 9:31
4079,995,8/29/2013 9:35
4080,764,8/29/2013 9:36
4081,218,8/29/2013 9:38
4084,287,8/29/2013 9:41
4086,178,8/29/2013 9:42
4100,1392,8/29/2013 9:57
5109,2137,8/30/2013 0:19
5241,15160,8/30/2013 10:02
5240,497,8/30/2013 10:02
5243,1452,8/30/2013 10:05
5242,1585,8/30/2013 10:05
5244,1978,8/30/2013 10:07
5246,1633,8/30/2013 10:14
5245,1671,8/30/2013 10:14
5248,315,8/30/2013 10:15
5247,290,8/30/2013 10:15
5249,18241,8/30/2013 10:16
5250,18219,8/30/2013 10:17
5252,1016,8/30/2013 10:20
5251,1049,8/30/2013 10:20
5255,265,8/30/2013 10:23
5253,16713,8/30/2013 10:24
5254,639,8/30/2013 10:25
5258,586,8/30/2013 10:27
5259,5574,8/30/2013 10:27
5256,726,8/30/2013 10:27
5257,268,8/30/2013 10:27
5261,527,8/30/2013 10:28
5260,5536,8/30/2013 10:28
5262,561,8/30/2013 10:29
5263,740,8/30/2013 10:30
5265,311,8/30/2013 10:32
5266,318,8/30/2013 10:34
5276,344,8/30/2013 10:35
5282,193,8/30/2013 10:37
5290,327,8/30/2013 10:38
5288,368,8/30/2013 10:38
5295,573,8/30/2013 10:40
5301,416,8/30/2013 10:41
5306,1881,8/30/2013 10:42
5313,916,8/30/2013 10:43
5314,94,8/30/2013 10:44
5321,701,8/30/2013 10:46
5328,540,8/30/2013 10:47
5344,619,8/30/2013 10:55
5352,573,8/30/2013 10:56
5353,991,8/30/2013 10:56
5350,672,8/30/2013 10:56
5349,76,8/30/2013 10:56
5369,539,8/30/2013 11:01
5368,722,8/30/2013 11:01
5371,1052,8/30/2013 11:03
5370,1074,8/30/2013 11:03
5372,252,8/30/2013 11:04
5373,4908,8/30/2013 11:07
5374,405,8/30/2013 11:07
5375,4856,8/30/2013 11:07
5377,489,8/30/2013 11:12
5376,490,8/30/2013 11:12
5378,1201,8/30/2013 11:14
5380,25335,8/30/2013 11:15
5379,5719,8/30/2013 11:15
5381,1190,8/30/2013 11:17
5388,457,8/30/2013 11:21
5391,1356,8/30/2013 11:21
5396,459,8/30/2013 11:30
5399,304,8/30/2013 11:32
5412,478,8/30/2013 11:36
5416,1317,8/30/2013 11:38
5418,412,8/30/2013 11:40
5420,471,8/30/2013 11:40
5419,399,8/30/2013 11:40
5422,683,8/30/2013 11:41
5425,364,8/30/2013 11:48
5426,232,8/30/2013 11:48
5440,408,8/30/2013 11:53
5442,494,8/30/2013 11:53
5452,847,8/30/2013 11:57
5457,2030,8/30/2013 11:57
5454,341,8/30/2013 11:57
5462,194,8/30/2013 11:58
5460,238,8/30/2013 11:58
5461,1117,8/30/2013 11:59
5465,177,8/30/2013 12:00
5466,434,8/30/2013 12:00
5464,8315,8/30/2013 12:00
5469,1798,8/30/2013 12:01
5470,648,8/30/2013 12:02
5471,639,8/30/2013 12:02
5472,8134,8/30/2013 12:03
5476,182,8/30/2013 12:04
5474,1596,8/30/2013 12:04
5473,241,8/30/2013 12:04
5477,794,8/30/2013 12:05
5478,1044,8/30/2013 12:05
5479,764,8/30/2013 12:05
5480,149,8/30/2013 12:05
5481,1023,8/30/2013 12:06
5482,1450,8/30/2013 12:06
5483,129,8/30/2013 12:07
5484,585,8/30/2013 12:08
5492,356,8/30/2013 12:09
5485,1114,8/30/2013 12:09
5488,444,8/30/2013 12:10
5486,710,8/30/2013 12:10
5487,452,8/30/2013 12:10
5489,724,8/30/2013 12:11
5491,335,8/30/2013 12:12
5490,907,8/30/2013 12:12
5494,1738,8/30/2013 12:13
5493,83224,8/30/2013 12:13
5495,892,8/30/2013 12:14
5496,255,8/30/2013 12:14
5498,1214,8/30/2013 12:14
5500,1751,8/30/2013 12:14
5497,1235,8/30/2013 12:14
5499,331,8/30/2013 12:14
5501,341,8/30/2013 12:14
5504,641,8/30/2013 12:16
5503,463,8/30/2013 12:16
5505,575,8/30/2013 12:16
5506,20931,8/30/2013 12:17
5508,20920,8/30/2013 12:17
5513,626,8/30/2013 12:18
5515,1683,8/30/2013 12:18
5516,347,8/30/2013 12:18
5514,1641,8/30/2013 12:18
5518,325,8/30/2013 12:19
5522,450,8/30/2013 12:20
5523,3494,8/30/2013 12:21
5525,422,8/30/2013 12:21
5524,1192,8/30/2013 12:22
5526,822,8/30/2013 12:23
5528,519,8/30/2013 12:24
5527,622,8/30/2013 12:24
5530,860,8/30/2013 12:25
5531,16744,8/30/2013 12:26
5537,16570,8/30/2013 12:29
5534,547,8/30/2013 12:29
5536,528,8/30/2013 12:29
5538,570,8/30/2013 12:30
5539,10805,8/30/2013 12:32
5542,461,8/30/2013 12:35
5543,185,8/30/2013 12:36
5544,981,8/30/2013 12:37
5545,1156,8/30/2013 12:38
5547,479,8/30/2013 12:42
5546,1045,8/30/2013 12:42
5548,593,8/30/2013 12:43
5549,395,8/30/2013 12:43
5550,211,8/30/2013 12:46
5561,1806,8/30/2013 12:47
5555,249,8/30/2013 12:47
5560,563,8/30/2013 12:47
5569,1108,8/30/2013 12:48
5567,1173,8/30/2013 12:48
5571,1647,8/30/2013 12:49
5579,1543,8/30/2013 12:51
5580,112,8/30/2013 12:52
5581,1223,8/30/2013 12:52
5582,2911,8/30/2013 12:53
5583,597,8/30/2013 12:53
5584,1107,8/30/2013 12:54
5585,1213,8/30/2013 12:55
5587,571,8/30/2013 12:58
5588,722,8/30/2013 12:58
5589,1125,8/30/2013 12:59
5590,449,8/30/2013 13:00
5591,494,8/30/2013 13:01
5592,444,8/30/2013 13:03
5595,528,8/30/2013 13:05
5600,375,8/30/2013 13:07
5605,303,8/30/2013 13:08
5604,390,8/30/2013 13:08
5602,965,8/30/2013 13:08
5611,568,8/30/2013 13:10
5608,1433,8/30/2013 13:10
5606,1436,8/30/2013 13:10
5609,7603,8/30/2013 13:10
5607,1430,8/30/2013 13:10
5612,288,8/30/2013 13:10
5614,7570,8/30/2013 13:11
5617,179,8/30/2013 13:12
5618,372,8/30/2013 13:12
5628,522,8/30/2013 13:14
5638,23360,8/30/2013 13:17
5640,23319,8/30/2013 13:17
5648,1978,8/30/2013 13:19
5645,1344,8/30/2013 13:19
5647,595,8/30/2013 13:19
5646,606,8/30/2013 13:19
5650,577,8/30/2013 13:19
5651,258,8/30/2013 13:20
5653,1827,8/30/2013 13:21
5652,256,8/30/2013 13:21
5671,220,8/30/2013 13:28
5670,620,8/30/2013 13:28
5675,297,8/30/2013 13:30
5681,403,8/30/2013 13:32
5683,12875,8/30/2013 13:33
5694,355,8/30/2013 13:36
5696,944,8/30/2013 13:38
5697,12562,8/30/2013 13:38
5698,3684,8/30/2013 13:39
5700,1014,8/30/2013 13:41
5701,1361,8/30/2013 13:42
5702,170,8/30/2013 13:43
5703,758,8/30/2013 13:45
5705,241,8/30/2013 13:46
5706,6553,8/30/2013 13:47
5707,556,8/30/2013 13:48
5708,1349,8/30/2013 13:49
5709,746,8/30/2013 13:50
5712,512,8/30/2013 13:53
5716,14545,8/30/2013 13:53
5720,375,8/30/2013 13:54
5721,1452,8/30/2013 13:54
5722,572,8/30/2013 13:54
5717,14568,8/30/2013 13:54
5727,6797,8/30/2013 13:55
5730,316,8/30/2013 13:56
5731,6748,8/30/2013 13:56
5736,1247,8/30/2013 13:57
5741,480,8/30/2013 13:58
5742,293,8/30/2013 13:59
5743,711,8/30/2013 13:59
5744,182,8/30/2013 14:00
5746,238,8/30/2013 14:03
5745,266,8/30/2013 14:03
5748,2048,8/30/2013 14:07
5749,499,8/30/2013 14:11
5754,672,8/30/2013 14:12
5763,322,8/30/2013 14:13
5764,481,8/30/2013 14:14
5767,134,8/30/2013 14:14
5773,1133,8/30/2013 14:15
5769,1152,8/30/2013 14:15
5774,481,8/30/2013 14:16
5776,343,8/30/2013 14:17
5778,1069,8/30/2013 14:17
5779,1049,8/30/2013 14:18
5787,711,8/30/2013 14:19
5789,486,8/30/2013 14:20
5793,1780,8/30/2013 14:20
5790,1021,8/30/2013 14:20
5792,467,8/30/2013 14:20
5794,446,8/30/2013 14:22
5797,227,8/30/2013 14:27
5798,362,8/30/2013 14:28
5804,566,8/30/2013 14:30
5808,1359,8/30/2013 14:30
5803,584,8/30/2013 14:30
5807,594,8/30/2013 14:30
5806,609,8/30/2013 14:30
5814,745,8/30/2013 14:31
5812,557,8/30/2013 14:31
5821,815,8/30/2013 14:33
5822,534,8/30/2013 14:34
5829,871,8/30/2013 14:36
5830,220,8/30/2013 14:38
5831,672,8/30/2013 14:41
5832,627,8/30/2013 14:42
5833,1824,8/30/2013 14:42
5836,1202,8/30/2013 14:43
5834,381,8/30/2013 14:43
5837,1196,8/30/2013 14:43
5835,1214,8/30/2013 14:43
5840,1195,8/30/2013 14:44
5838,1207,8/30/2013 14:44
5839,1036,8/30/2013 14:44
5841,949,8/30/2013 14:46
5842,486,8/30/2013 14:48
5843,1613,8/30/2013 14:52
5845,1373,8/30/2013 14:52
5847,705,8/30/2013 14:55
5848,468,8/30/2013 14:55
5849,588,8/30/2013 14:55
5846,722,8/30/2013 14:55
5850,457,8/30/2013 14:56
5858,573,8/30/2013 14:59
5868,375,8/30/2013 15:02
5869,401,8/30/2013 15:02
5870,658,8/30/2013 15:04
5872,125,8/30/2013 15:04
5871,830,8/30/2013 15:04
5873,199,8/30/2013 15:05
5874,1301,8/30/2013 15:07
5879,375,8/30/2013 15:09
5877,405,8/30/2013 15:09
5886,1138,8/30/2013 15:10
5908,2862,8/30/2013 15:13
5904,723,8/30/2013 15:13
5913,3314,8/30/2013 15:14
5909,378,8/30/2013 15:14
5912,3328,8/30/2013 15:14
5910,1116,8/30/2013 15:14
5920,527,8/30/2013 15:16
5924,420,8/30/2013 15:17
5925,401,8/30/2013 15:17
5935,398,8/30/2013 15:19
5936,531,8/30/2013 15:19
5933,498,8/30/2013 15:19
5931,352,8/30/2013 15:19
5939,411,8/30/2013 15:20
5938,2650,8/30/2013 15:20
5940,390,8/30/2013 15:21
5947,140,8/30/2013 15:22
5952,846,8/30/2013 15:24
5958,273,8/30/2013 15:25
5972,716,8/30/2013 15:26
5983,1628,8/30/2013 15:31
5984,1632,8/30/2013 15:31
5987,1298,8/30/2013 15:34
5988,1241,8/30/2013 15:35
5990,686,8/30/2013 15:37
5989,1628,8/30/2013 15:37
5991,1094,8/30/2013 15:38
5992,8522,8/30/2013 15:38
5993,1077,8/30/2013 15:39
5994,333,8/30/2013 15:40
5995,1825,8/30/2013 15:41
6003,23694,8/30/2013 15:45
6004,506,8/30/2013 15:47
6006,893,8/30/2013 15:48
6005,908,8/30/2013 15:48
6008,508,8/30/2013 15:49
6007,928,8/30/2013 15:49
6011,418,8/30/2013 15:53
6010,425,8/30/2013 15:53
6024,1082,8/30/2013 15:59
6025,1096,8/30/2013 15:59
6029,736,8/30/2013 16:05
6032,10963,8/30/2013 16:05
6035,1812,8/30/2013 16:06
6034,578,8/30/2013 16:06
6038,350,8/30/2013 16:08
6037,816,8/30/2013 16:08
6046,549,8/30/2013 16:10
6044,818,8/30/2013 16:10
6050,1062,8/30/2013 16:11
6060,647,8/30/2013 16:13
6058,665,8/30/2013 16:13
6064,951,8/30/2013 16:14
6069,1689,8/30/2013 16:16
6070,1659,8/30/2013 16:16
6072,389,8/30/2013 16:17
6073,311,8/30/2013 16:19
6075,1870,8/30/2013 16:20
6082,8181,8/30/2013 16:21
6080,683,8/30/2013 16:21
6085,7931,8/30/2013 16:21
6090,1026,8/30/2013 16:22
6093,4528,8/30/2013 16:23
6091,17774,8/30/2013 16:23
6097,670,8/30/2013 16:24
6098,17593,8/30/2013 16:25
6108,897,8/30/2013 16:28
6113,1526,8/30/2013 16:28
6115,69,8/30/2013 16:30
6116,1845,8/30/2013 16:31
6117,213,8/30/2013 16:31
6118,327,8/30/2013 16:32
6119,890,8/30/2013 16:32
6120,859,8/30/2013 16:32
6121,1588,8/30/2013 16:34
6122,755,8/30/2013 16:34
6123,621,8/30/2013 16:35
6125,393,8/30/2013 16:35
6127,555,8/30/2013 16:36
6126,724,8/30/2013 16:36
6129,1619,8/30/2013 16:36
6132,284,8/30/2013 16:37
6131,16933,8/30/2013 16:37
6130,1595,8/30/2013 16:37
6135,864,8/30/2013 16:39
6145,895,8/30/2013 16:40
6141,3504,8/30/2013 16:40
6153,614,8/30/2013 16:41
6156,1462,8/30/2013 16:44
6158,741,8/30/2013 16:44
6154,1473,8/30/2013 16:44
6161,4375,8/30/2013 16:45
6167,317,8/30/2013 16:47
6168,704,8/30/2013 16:51
6174,415,8/30/2013 16:53
6172,334,8/30/2013 16:53
6175,702,8/30/2013 16:57
6176,347,8/30/2013 16:57
6177,697,8/30/2013 16:58
6179,498,8/30/2013 16:59
6178,70982,8/30/2013 16:59
6180,7833,8/30/2013 17:00
6181,674,8/30/2013 17:03
6182,584,8/30/2013 17:03
6184,696,8/30/2013 17:04
6185,885,8/30/2013 17:04
6188,902,8/30/2013 17:05
6187,676,8/30/2013 17:05
6189,952,8/30/2013 17:06
6191,197,8/30/2013 17:09
6199,1066,8/30/2013 17:11
6201,876,8/30/2013 17:11
6200,811,8/30/2013 17:11
6198,998,8/30/2013 17:11
6208,916,8/30/2013 17:13
6207,511,8/30/2013 17:13
6210,608,8/30/2013 17:15
6211,557,8/30/2013 17:16
6212,385,8/30/2013 17:18
6213,1753,8/30/2013 17:20
6214,1721,8/30/2013 17:20
6218,292,8/30/2013 17:21
6216,406,8/30/2013 17:21
6215,736,8/30/2013 17:21
6217,1165,8/30/2013 17:21
6220,216,8/30/2013 17:22
6227,7890,8/30/2013 17:23
6231,750,8/30/2013 17:23
6236,1163,8/30/2013 17:24
6234,254,8/30/2013 17:24
6240,972,8/30/2013 17:25
6241,1098,8/30/2013 17:25
6242,796,8/30/2013 17:25
6243,786,8/30/2013 17:29
6244,731,8/30/2013 17:30
6245,498,8/30/2013 17:30
6247,1029,8/30/2013 17:36
6246,1018,8/30/2013 17:36
6249,1328,8/30/2013 17:38
6251,555,8/30/2013 17:39
6252,916,8/30/2013 17:39
6254,831,8/30/2013 17:40
6255,880,8/30/2013 17:42
6256,545,8/30/2013 17:43
6258,1021,8/30/2013 17:48
6259,751,8/30/2013 17:48
6261,882,8/30/2013 17:49
6263,1321,8/30/2013 17:52
6262,1365,8/30/2013 17:52
6264,307,8/30/2013 17:53
6266,168,8/30/2013 17:53
6267,777,8/30/2013 17:55
6268,837,8/30/2013 17:55
6270,585,8/30/2013 17:57
6271,3644,8/30/2013 17:57
6272,328,8/30/2013 18:00
6274,676,8/30/2013 18:04
6273,292,8/30/2013 18:04
6275,674,8/30/2013 18:05
6277,446,8/30/2013 18:06
6280,1285,8/30/2013 18:07
6282,241334,8/30/2013 18:07
6281,1276,8/30/2013 18:07
6284,359,8/30/2013 18:08
6283,271,8/30/2013 18:08
6285,274,8/30/2013 18:08
6287,1111,8/30/2013 18:09
6288,1487,8/30/2013 18:10
6289,1415,8/30/2013 18:11
6290,961,8/30/2013 18:12
6291,945,8/30/2013 18:13
6293,4436,8/30/2013 18:15
6292,229,8/30/2013 18:15
6295,781,8/30/2013 18:16
6294,736,8/30/2013 18:16
6296,348,8/30/2013 18:16
6297,2527,8/30/2013 18:16
6299,487,8/30/2013 18:17
6298,2496,8/30/2013 18:17
6301,1169,8/30/2013 18:18
6302,954,8/30/2013 18:18
6303,534,8/30/2013 18:18
6300,591,8/30/2013 18:18
6304,282,8/30/2013 18:20
6306,514,8/30/2013 18:20
6305,307,8/30/2013 18:20
6308,1405,8/30/2013 18:21
6307,387,8/30/2013 18:21
6310,655,8/30/2013 18:22
6312,5900,8/30/2013 18:25
6311,5929,8/30/2013 18:25
6313,419,8/30/2013 18:26
6314,415,8/30/2013 18:26
6315,1061,8/30/2013 18:28
6317,532,8/30/2013 18:30
6318,1562,8/30/2013 18:32
6319,2929,8/30/2013 18:33
6321,1120,8/30/2013 18:34
6322,438,8/30/2013 18:36
6323,2868,8/30/2013 18:36
6325,1172,8/30/2013 18:37
6324,1187,8/30/2013 18:37
6326,289,8/30/2013 18:38
6327,317,8/30/2013 18:41
6331,1231,8/30/2013 18:42
6328,1209,8/30/2013 18:42
6329,928,8/30/2013 18:42
6330,511,8/30/2013 18:42
6333,9268,8/30/2013 18:43
6335,317,8/30/2013 18:43
6334,1352,8/30/2013 18:43
6336,1406,8/30/2013 18:45
6338,485,8/30/2013 18:46
6337,511,8/30/2013 18:46
6339,1010,8/30/2013 18:47
6340,2746,8/30/2013 18:48
6343,689,8/30/2013 18:49
6341,2688,8/30/2013 18:49
6342,556,8/30/2013 18:49
6344,757,8/30/2013 18:50
6345,486,8/30/2013 18:50
6346,648,8/30/2013 18:51
6349,1087,8/30/2013 18:52
6348,461,8/30/2013 18:53
6350,2207,8/30/2013 18:53
6351,597,8/30/2013 18:54
6352,306,8/30/2013 18:58
6355,995,8/30/2013 19:00
6357,757,8/30/2013 19:01
6358,391,8/30/2013 19:04
6360,4446,8/30/2013 19:05
6359,337,8/30/2013 19:05
6361,700,8/30/2013 19:07
6364,763,8/30/2013 19:09
6363,763,8/30/2013 19:09
6365,769,8/30/2013 19:11
6366,1528,8/30/2013 19:13
6368,1278,8/30/2013 19:14
6367,1308,8/30/2013 19:14
6370,941,8/30/2013 19:17
6369,1155,8/30/2013 19:17
6372,1018,8/30/2013 19:18
6371,466,8/30/2013 19:18
6376,1323,8/30/2013 19:18
6375,1324,8/30/2013 19:18
6373,1032,8/30/2013 19:18
6374,1333,8/30/2013 19:18
6380,631,8/30/2013 19:20
6378,440,8/30/2013 19:20
6379,898,8/30/2013 19:20
6377,821,8/30/2013 19:20
6381,611,8/30/2013 19:22
6382,627,8/30/2013 19:22
6383,7453,8/30/2013 19:23
6386,438,8/30/2013 19:24
6387,7268,8/30/2013 19:26
6388,7454,8/30/2013 19:27
6389,7044,8/30/2013 19:30
6390,7003,8/30/2013 19:30
6391,895,8/30/2013 19:31
6392,604,8/30/2013 19:31
6394,778,8/30/2013 19:32
6393,134,8/30/2013 19:32
6395,763,8/30/2013 19:33
6396,6731,8/30/2013 19:34
6397,395,8/30/2013 19:36
6398,392,8/30/2013 19:36
6400,624,8/30/2013 19:43
6401,539,8/30/2013 19:47
6403,499,8/30/2013 19:48
6402,509,8/30/2013 19:48
6405,251,8/30/2013 19:49
6404,1744,8/30/2013 19:49
6406,304,8/30/2013 19:51
6407,631,8/30/2013 19:51
6408,12459,8/30/2013 19:53
6409,12408,8/30/2013 19:54
5111,2224,8/30/2013 1:15
6410,4451,8/30/2013 20:03
6411,4446,8/30/2013 20:03
6412,70731,8/30/2013 20:04
6413,5334,8/30/2013 20:13
6414,5218,8/30/2013 20:15
6415,611,8/30/2013 20:18
6416,296,8/30/2013 20:19
6417,869,8/30/2013 20:23
6418,972,8/30/2013 20:34
6419,330,8/30/2013 20:36
6420,826,8/30/2013 20:37
6421,539,8/30/2013 20:38
6423,787,8/30/2013 20:49
6424,798,8/30/2013 20:50
6425,1415,8/30/2013 20:52
6426,1307,8/30/2013 20:54
6427,1239,8/30/2013 21:03
6428,551,8/30/2013 21:05
6429,1040,8/30/2013 21:06
6431,575,8/30/2013 21:08
6430,534,8/30/2013 21:08
6432,808,8/30/2013 21:10
6433,845,8/30/2013 21:10
6436,857,8/30/2013 21:12
6435,872,8/30/2013 21:12
6434,713,8/30/2013 21:12
6437,578,8/30/2013 21:15
6438,377,8/30/2013 21:16
6441,621,8/30/2013 21:19
6440,1462,8/30/2013 21:20
6442,396,8/30/2013 21:24
6445,333,8/30/2013 21:37
6446,280,8/30/2013 21:40
6448,283,8/30/2013 21:41
6447,485,8/30/2013 21:41
6450,1021,8/30/2013 22:02
6451,985,8/30/2013 22:03
6452,727,8/30/2013 22:10
6453,414,8/30/2013 22:13
6454,528,8/30/2013 22:20
6455,441,8/30/2013 22:31
6456,447,8/30/2013 22:35
6457,130,8/30/2013 22:37
6458,911,8/30/2013 22:37
6459,1604,8/30/2013 22:40
6460,632,8/30/2013 22:53
6461,724,8/30/2013 22:58
6462,77919,8/30/2013 22:59
6463,750,8/30/2013 23:05
6465,1283,8/30/2013 23:27
6467,1249,8/30/2013 23:28
6469,1126,8/30/2013 23:30
6468,1165,8/30/2013 23:30
6472,892,8/30/2013 23:40
6476,370,8/30/2013 23:50
6477,356,8/30/2013 23:51
6478,944,8/30/2013 23:51
6479,325,8/30/2013 23:51
6480,3278,8/30/2013 23:57
5113,34449,8/30/2013 2:16
5114,18206,8/30/2013 2:59
5115,18198,8/30/2013 3:00
5116,673,8/30/2013 5:11
5117,371,8/30/2013 5:16
5118,430,8/30/2013 6:28
5119,624,8/30/2013 6:33
5120,33088,8/30/2013 6:37
5121,1022,8/30/2013 6:38
5122,495,8/30/2013 6:41
5123,2481,8/30/2013 6:44
5124,783,8/30/2013 6:56
5125,511,8/30/2013 6:59
5126,828,8/30/2013 7:00
5127,394,8/30/2013 7:07
5130,442,8/30/2013 7:16
5132,1047,8/30/2013 7:19
5131,10040,8/30/2013 7:19
5133,246,8/30/2013 7:27
5134,515,8/30/2013 7:32
5135,893,8/30/2013 7:35
5136,495,8/30/2013 7:38
5137,848,8/30/2013 7:42
5138,453,8/30/2013 7:44
5139,721,8/30/2013 7:49
5140,540,8/30/2013 7:52
5141,576,8/30/2013 7:59
5142,659,8/30/2013 8:00
5144,703,8/30/2013 8:02
5143,678,8/30/2013 8:02
5148,1124,8/30/2013 8:06
5149,1238,8/30/2013 8:08
5150,1443,8/30/2013 8:08
5153,879,8/30/2013 8:14
5155,1120,8/30/2013 8:16
5154,401,8/30/2013 8:16
5157,75,8/30/2013 8:18
5156,776,8/30/2013 8:18
5163,1209,8/30/2013 8:24
5162,536,8/30/2013 8:24
5164,884,8/30/2013 8:24
5165,4542,8/30/2013 8:25
5167,23182,8/30/2013 8:26
5166,23212,8/30/2013 8:26
5168,352,8/30/2013 8:27
5169,437,8/30/2013 8:28
5170,805,8/30/2013 8:28
5171,445,8/30/2013 8:29
5173,701,8/30/2013 8:32
5174,1435,8/30/2013 8:34
5177,824,8/30/2013 8:38
5178,638,8/30/2013 8:39
5179,842,8/30/2013 8:40
5180,462,8/30/2013 8:41
5181,651,8/30/2013 8:42
5182,36255,8/30/2013 8:42
5183,776,8/30/2013 8:44
5185,282,8/30/2013 8:49
5186,770,8/30/2013 8:51
5187,749,8/30/2013 8:52
5189,589,8/30/2013 8:56
5190,492,8/30/2013 8:57
5191,332,8/30/2013 8:59
5192,1752,8/30/2013 9:01
5193,634,8/30/2013 9:02
5194,317,8/30/2013 9:04
5196,246,8/30/2013 9:05
5197,1257,8/30/2013 9:06
5198,973,8/30/2013 9:08
5199,498,8/30/2013 9:10
5200,544,8/30/2013 9:13
5201,939,8/30/2013 9:14
5202,1216,8/30/2013 9:18
5203,7713,8/30/2013 9:19
5205,2727,8/30/2013 9:20
5204,2751,8/30/2013 9:20
5206,455,8/30/2013 9:21
5207,317,8/30/2013 9:29
5208,1168,8/30/2013 9:32
5210,493,8/30/2013 9:36
5209,266,8/30/2013 9:36
5212,334,8/30/2013 9:43
5213,195,8/30/2013 9:47
5214,727,8/30/2013 9:48
5217,509,8/30/2013 9:49
5216,671,8/30/2013 9:49
5218,13809,8/30/2013 9:50
5219,214,8/30/2013 9:52
5221,768,8/30/2013 9:54
5220,807,8/30/2013 9:54
5222,27103,8/30/2013 9:55
5229,259,8/30/2013 9:58
5230,232,8/30/2013 9:58
6481,3131,8/31/2013 0:00
6482,2958,8/31/2013 0:03
6483,221,8/31/2013 0:23
6485,1009,8/31/2013 0:39
6487,300,8/31/2013 0:49
6554,752,8/31/2013 10:01
6553,780,8/31/2013 10:01
6555,799,8/31/2013 10:02
6557,665,8/31/2013 10:03
6556,670,8/31/2013 10:03
6558,735,8/31/2013 10:03
6559,685,8/31/2013 10:04
6560,694,8/31/2013 10:04
6561,648,8/31/2013 10:04
6568,823,8/31/2013 10:11
6569,1003,8/31/2013 10:11
6567,1080,8/31/2013 10:11
6572,964,8/31/2013 10:20
6571,979,8/31/2013 10:20
6573,1043,8/31/2013 10:22
6574,1025,8/31/2013 10:23
6575,1577,8/31/2013 10:26
6576,1552,8/31/2013 10:26
6577,776,8/31/2013 10:27
6578,837,8/31/2013 10:28
6579,738,8/31/2013 10:28
6580,590,8/31/2013 10:31
6583,378,8/31/2013 10:31
6582,772,8/31/2013 10:33
6581,783,8/31/2013 10:33
6584,916,8/31/2013 10:35
6607,549,8/31/2013 10:47
6608,283,8/31/2013 10:47
6609,976,8/31/2013 10:50
6614,382,8/31/2013 10:52
6611,809,8/31/2013 10:52
6616,870,8/31/2013 10:55
6618,298,8/31/2013 10:57
6619,488,8/31/2013 10:58
6620,813,8/31/2013 11:01
6623,1948,8/31/2013 11:04
6624,1939,8/31/2013 11:04
6625,387,8/31/2013 11:05
6630,649,8/31/2013 11:08
6629,663,8/31/2013 11:08
6628,273,8/31/2013 11:08
6640,720,8/31/2013 11:09
6637,506,8/31/2013 11:09
6639,718,8/31/2013 11:09
6632,871,8/31/2013 11:09
6642,1190,8/31/2013 11:12
6644,1123,8/31/2013 11:13
6643,1060,8/31/2013 11:13
6645,716,8/31/2013 11:14
6648,1246,8/31/2013 11:15
6646,510,8/31/2013 11:15
6647,1264,8/31/2013 11:15
6649,559,8/31/2013 11:17
6650,367,8/31/2013 11:20
6660,436,8/31/2013 11:24
6662,127,8/31/2013 11:25
6677,965,8/31/2013 11:27
6668,218,8/31/2013 11:28
6666,715,8/31/2013 11:28
6667,714,8/31/2013 11:28
6669,961,8/31/2013 11:28
6676,755,8/31/2013 11:31
6674,1649,8/31/2013 11:31
6675,916,8/31/2013 11:31
6680,726,8/31/2013 11:31
6678,882,8/31/2013 11:31
6682,378,8/31/2013 11:32
6683,1165,8/31/2013 11:32
6685,858,8/31/2013 11:33
6686,857,8/31/2013 11:33
6684,576,8/31/2013 11:33
6687,1364,8/31/2013 11:34
6689,927,8/31/2013 11:34
6688,1327,8/31/2013 11:34
6690,538,8/31/2013 11:35
6691,535,8/31/2013 11:36
6694,1182,8/31/2013 11:39
6693,1170,8/31/2013 11:39
6695,606,8/31/2013 11:40
6697,1390,8/31/2013 11:42
6696,296,8/31/2013 11:42
6699,1365,8/31/2013 11:43
6702,1721,8/31/2013 11:44
6700,480,8/31/2013 11:45
6703,641,8/31/2013 11:46
6704,302,8/31/2013 11:48
6706,484,8/31/2013 11:49
6707,462,8/31/2013 11:49
6705,1088,8/31/2013 11:49
6713,674,8/31/2013 11:52
6714,1528,8/31/2013 11:52
6718,1320,8/31/2013 11:53
6715,830,8/31/2013 11:53
6717,120,8/31/2013 11:53
6725,2536,8/31/2013 11:54
6722,345,8/31/2013 11:54
6730,2503,8/31/2013 11:55
6732,533,8/31/2013 11:55
6736,2094,8/31/2013 11:56
6739,910,8/31/2013 11:58
6738,910,8/31/2013 11:58
6740,601,8/31/2013 12:00
6742,960,8/31/2013 12:01
6743,560,8/31/2013 12:01
6749,218,8/31/2013 12:06
6753,1292,8/31/2013 12:11
6754,1288,8/31/2013 12:11
6755,998,8/31/2013 12:12
6758,281,8/31/2013 12:13
6757,1186,8/31/2013 12:13
6759,1103,8/31/2013 12:15
6760,1068,8/31/2013 12:16
6761,1491,8/31/2013 12:17
6763,729,8/31/2013 12:18
6764,878,8/31/2013 12:18
6765,886,8/31/2013 12:19
6767,1110,8/31/2013 12:20
6766,1125,8/31/2013 12:20
6768,173,8/31/2013 12:20
6770,375,8/31/2013 12:21
6774,647,8/31/2013 12:23
6776,186,8/31/2013 12:24
6777,1256,8/31/2013 12:26
6779,1749,8/31/2013 12:27
6780,716,8/31/2013 12:28
6782,1245,8/31/2013 12:29
6781,675,8/31/2013 12:29
6783,966,8/31/2013 12:30
6784,1482,8/31/2013 12:31
6786,1432,8/31/2013 12:32
6785,1105,8/31/2013 12:32
6788,675,8/31/2013 12:33
6787,341,8/31/2013 12:33
6789,699,8/31/2013 12:34
6790,740,8/31/2013 12:37
6795,663,8/31/2013 12:38
6794,1750,8/31/2013 12:38
6793,1854,8/31/2013 12:38
6791,330,8/31/2013 12:38
6797,1715,8/31/2013 12:42
6804,1329,8/31/2013 12:43
6803,621,8/31/2013 12:43
6799,1413,8/31/2013 12:43
6800,1405,8/31/2013 12:43
6805,577,8/31/2013 12:43
6802,1263,8/31/2013 12:43
6807,1314,8/31/2013 12:44
6808,929,8/31/2013 12:47
6811,1298,8/31/2013 12:52
6818,940,8/31/2013 12:54
6814,925,8/31/2013 12:54
6823,608,8/31/2013 12:58
6832,128,8/31/2013 13:03
6834,1029,8/31/2013 13:03
6835,679,8/31/2013 13:04
6837,938,8/31/2013 13:05
6840,1513,8/31/2013 13:06
6841,1494,8/31/2013 13:07
6843,961,8/31/2013 13:08
6844,294,8/31/2013 13:09
6845,1139,8/31/2013 13:09
6848,1271,8/31/2013 13:10
6850,541,8/31/2013 13:10
6852,1238,8/31/2013 13:10
6857,1045,8/31/2013 13:11
6855,805,8/31/2013 13:11
6854,1501,8/31/2013 13:11
6856,1487,8/31/2013 13:11
6862,2261,8/31/2013 13:12
6860,577,8/31/2013 13:12
6861,568,8/31/2013 13:12
6866,2165,8/31/2013 13:13
6873,983,8/31/2013 13:16
6872,1964,8/31/2013 13:16
6874,1915,8/31/2013 13:17
6875,936,8/31/2013 13:17
6879,1135,8/31/2013 13:21
6878,2695,8/31/2013 13:21
6881,407,8/31/2013 13:22
6880,395,8/31/2013 13:22
6882,1598,8/31/2013 13:22
6884,431,8/31/2013 13:25
6885,1318,8/31/2013 13:25
6886,1285,8/31/2013 13:26
6891,1926,8/31/2013 13:27
6892,1911,8/31/2013 13:27
6894,374,8/31/2013 13:28
6899,803,8/31/2013 13:29
6898,824,8/31/2013 13:29
6903,3221,8/31/2013 13:30
6905,548,8/31/2013 13:31
6904,3182,8/31/2013 13:31
6909,2152,8/31/2013 13:34
6916,1455,8/31/2013 13:36
6915,1048,8/31/2013 13:36
6913,1453,8/31/2013 13:36
6919,544,8/31/2013 13:40
6922,2415,8/31/2013 13:40
6918,414,8/31/2013 13:40
6923,556,8/31/2013 13:42
6926,561,8/31/2013 13:46
6925,900,8/31/2013 13:46
6927,2961,8/31/2013 13:46
6928,2921,8/31/2013 13:47
6930,2887,8/31/2013 13:47
6929,720,8/31/2013 13:47
6932,2859,8/31/2013 13:48
6937,2400,8/31/2013 13:50
6939,2725,8/31/2013 13:50
6943,832,8/31/2013 13:51
6942,2223,8/31/2013 13:51
6944,1055,8/31/2013 13:53
6945,199,8/31/2013 13:54
6954,738,8/31/2013 14:00
6955,1767,8/31/2013 14:00
6957,1717,8/31/2013 14:01
6959,1503,8/31/2013 14:02
6960,2336,8/31/2013 14:03
6964,1581,8/31/2013 14:04
6961,1563,8/31/2013 14:04
6967,1521,8/31/2013 14:05
6969,1501,8/31/2013 14:06
6972,264,8/31/2013 14:07
6973,1325,8/31/2013 14:08
6974,1222,8/31/2013 14:10
6976,1302,8/31/2013 14:11
6978,689,8/31/2013 14:12
6977,1087,8/31/2013 14:12
6987,1636,8/31/2013 14:16
6993,208,8/31/2013 14:17
6996,2950,8/31/2013 14:17
7002,1072,8/31/2013 14:19
7001,246,8/31/2013 14:19
7004,1011,8/31/2013 14:20
7006,382,8/31/2013 14:22
7010,311,8/31/2013 14:23
7011,1017,8/31/2013 14:24
7013,979,8/31/2013 14:25
7018,1054,8/31/2013 14:27
7017,1039,8/31/2013 14:27
7014,680,8/31/2013 14:27
7019,671,8/31/2013 14:30
7022,647,8/31/2013 14:33
7023,631,8/31/2013 14:34
7024,968,8/31/2013 14:34
7025,944,8/31/2013 14:35
7026,778,8/31/2013 14:36
7028,2888,8/31/2013 14:37
7027,758,8/31/2013 14:37
7030,2062,8/31/2013 14:39
7033,2031,8/31/2013 14:39
7031,673,8/31/2013 14:39
7032,660,8/31/2013 14:39
7034,615,8/31/2013 14:40
7035,2731,8/31/2013 14:40
7037,2500,8/31/2013 14:41
7036,349,8/31/2013 14:41
7038,1118,8/31/2013 14:42
7039,376,8/31/2013 14:43
7047,259,8/31/2013 14:46
7048,1109,8/31/2013 14:47
7050,982,8/31/2013 14:49
7049,1131,8/31/2013 14:49
7051,697,8/31/2013 14:51
7059,1095,8/31/2013 14:53
7060,1066,8/31/2013 14:53
7063,2178,8/31/2013 14:54
7061,2226,8/31/2013 14:54
7072,556,8/31/2013 14:59
7083,439,8/31/2013 15:06
7089,1053,8/31/2013 15:07
7086,518,8/31/2013 15:07
7090,3478,8/31/2013 15:08
7091,3521,8/31/2013 15:08
7093,340,8/31/2013 15:09
7095,1103,8/31/2013 15:11
7096,2491,8/31/2013 15:14
7100,459,8/31/2013 15:19
7099,1485,8/31/2013 15:19
7101,1462,8/31/2013 15:22
7102,1441,8/31/2013 15:22
7105,576,8/31/2013 15:24
7104,1565,8/31/2013 15:24
7107,653,8/31/2013 15:26
7109,866,8/31/2013 15:26
7108,647,8/31/2013 15:26
7112,499,8/31/2013 15:28
7111,508,8/31/2013 15:28
7113,345,8/31/2013 15:31
7114,369,8/31/2013 15:31
7116,3280,8/31/2013 15:35
7123,996,8/31/2013 15:39
7124,934,8/31/2013 15:40
7129,3277,8/31/2013 15:42
7130,1017,8/31/2013 15:42
7134,881,8/31/2013 15:43
7140,1386,8/31/2013 15:45
7141,1625,8/31/2013 15:45
7139,1366,8/31/2013 15:45
7150,1013,8/31/2013 15:48
7159,574,8/31/2013 15:53
7160,3454,8/31/2013 15:54
7161,1300,8/31/2013 15:54
7164,1441,8/31/2013 15:55
7162,440,8/31/2013 15:55
7163,443,8/31/2013 15:55
7166,585,8/31/2013 15:56
7167,453,8/31/2013 15:58
7168,466,8/31/2013 15:58
7169,1362,8/31/2013 16:01
7171,228,8/31/2013 16:03
7172,748,8/31/2013 16:06
7173,694,8/31/2013 16:06
7175,1447,8/31/2013 16:07
7181,1388,8/31/2013 16:09
7184,462,8/31/2013 16:11
7183,501,8/31/2013 16:11
7185,1655,8/31/2013 16:11
7186,769,8/31/2013 16:13
7189,635,8/31/2013 16:14
7188,641,8/31/2013 16:14
7190,653,8/31/2013 16:14
7192,619,8/31/2013 16:15
7193,295,8/31/2013 16:17
7194,2082,8/31/2013 16:18
7196,1839,8/31/2013 16:19
7197,1834,8/31/2013 16:19
7195,2049,8/31/2013 16:19
7201,702,8/31/2013 16:22
7199,518,8/31/2013 16:22
7200,509,8/31/2013 16:22
7202,700,8/31/2013 16:23
7204,1600,8/31/2013 16:23
7203,1635,8/31/2013 16:23
7206,281,8/31/2013 16:24
7207,334,8/31/2013 16:25
7210,1211,8/31/2013 16:29
7212,919,8/31/2013 16:30
7211,370,8/31/2013 16:30
7215,1337,8/31/2013 16:31
7216,1335,8/31/2013 16:31
7217,1341,8/31/2013 16:31
7214,1222,8/31/2013 16:31
7213,1205,8/31/2013 16:31
7218,432,8/31/2013 16:31
7219,1819,8/31/2013 16:31
7220,846,8/31/2013 16:33
7225,2925,8/31/2013 16:38
7226,79,8/31/2013 16:39
7227,1111,8/31/2013 16:40
7228,1098,8/31/2013 16:40
7230,496,8/31/2013 16:42
7233,1266,8/31/2013 16:44
7238,281,8/31/2013 16:48
7242,1569,8/31/2013 16:50
7241,1570,8/31/2013 16:50
7244,446,8/31/2013 16:50
7245,626,8/31/2013 16:51
7247,511,8/31/2013 16:53
7250,68,8/31/2013 16:53
7248,908,8/31/2013 16:53
7249,490,8/31/2013 16:53
7253,1955,8/31/2013 16:56
7251,1796,8/31/2013 16:56
7252,1724,8/31/2013 16:56
7264,988,8/31/2013 16:59
7272,1688,8/31/2013 16:59
7265,721,8/31/2013 17:00
7270,459,8/31/2013 17:03
7273,219,8/31/2013 17:06
7277,177,8/31/2013 17:10
7283,1281,8/31/2013 17:12
7282,188,8/31/2013 17:12
7286,1653,8/31/2013 17:15
7284,1689,8/31/2013 17:15
7287,636,8/31/2013 17:16
7289,2862,8/31/2013 17:17
7288,2897,8/31/2013 17:17
7292,1663,8/31/2013 17:22
7296,3046,8/31/2013 17:22
7299,221,8/31/2013 17:27
7301,524,8/31/2013 17:28
7302,1530,8/31/2013 17:28
7300,556,8/31/2013 17:28
7303,444,8/31/2013 17:29
7304,1420,8/31/2013 17:30
7309,1622,8/31/2013 17:36
7311,1567,8/31/2013 17:37
7312,975,8/31/2013 17:38
7313,2076,8/31/2013 17:39
7314,1096,8/31/2013 17:41
7316,1258,8/31/2013 17:41
7315,856,8/31/2013 17:41
7317,111,8/31/2013 17:42
7318,1070,8/31/2013 17:46
7319,1024,8/31/2013 17:47
7320,1146,8/31/2013 17:50
7321,616,8/31/2013 17:51
7322,617,8/31/2013 17:51
7323,1116,8/31/2013 17:54
7325,1075,8/31/2013 17:55
7326,1064,8/31/2013 17:55
7327,536,8/31/2013 17:57
7329,1454,8/31/2013 18:01
7330,279,8/31/2013 18:02
7331,1378,8/31/2013 18:03
7332,1310,8/31/2013 18:04
7333,595,8/31/2013 18:05
7336,669,8/31/2013 18:05
7334,1249,8/31/2013 18:05
7335,1392,8/31/2013 18:06
7338,1380,8/31/2013 18:07
7337,742,8/31/2013 18:07
7340,329,8/31/2013 18:10
7341,702,8/31/2013 18:11
7342,663,8/31/2013 18:11
7343,126,8/31/2013 18:11
7344,680,8/31/2013 18:11
7346,733,8/31/2013 18:12
7345,705,8/31/2013 18:12
7348,3144,8/31/2013 18:15
7349,3099,8/31/2013 18:16
7351,463,8/31/2013 18:19
7353,551,8/31/2013 18:19
7355,1833,8/31/2013 18:22
7356,845,8/31/2013 18:22
7354,1841,8/31/2013 18:22
7357,1006,8/31/2013 18:22
7358,1287,8/31/2013 18:25
7359,1076,8/31/2013 18:27
7361,1129,8/31/2013 18:29
7360,1158,8/31/2013 18:29
7363,1853,8/31/2013 18:31
7362,159,8/31/2013 18:31
7364,1655,8/31/2013 18:35
7365,950,8/31/2013 18:37
7366,793,8/31/2013 18:39
7368,1156,8/31/2013 18:40
7367,986,8/31/2013 18:40
7369,1106,8/31/2013 18:41
7372,262,8/31/2013 18:42
7374,1655,8/31/2013 18:46
7375,101,8/31/2013 18:47
7377,1429,8/31/2013 18:49
7378,816,8/31/2013 18:50
7381,1215,8/31/2013 18:53
7382,1203,8/31/2013 18:54
7383,1038,8/31/2013 18:59
7384,1398,8/31/2013 19:02
7386,1270,8/31/2013 19:04
7387,757,8/31/2013 19:07
7388,1237,8/31/2013 19:13
7389,1177,8/31/2013 19:15
7391,751,8/31/2013 19:18
7390,741,8/31/2013 19:18
7392,989,8/31/2013 19:26
7394,821,8/31/2013 19:31
7393,804,8/31/2013 19:31
7398,382,8/31/2013 19:41
7402,2944,8/31/2013 19:56
7403,69,8/31/2013 19:58
7404,871,8/31/2013 19:59
6488,209,8/31/2013 1:01
6489,210,8/31/2013 1:01
6490,944,8/31/2013 1:58
6491,453,8/31/2013 1:58
7407,665,8/31/2013 20:02
7408,587,8/31/2013 20:03
7409,644,8/31/2013 20:09
7410,637,8/31/2013 20:09
7411,1211,8/31/2013 20:16
7412,974,8/31/2013 20:26
7414,1167,8/31/2013 20:35
7415,104,8/31/2013 20:48
7416,62,8/31/2013 20:52
7418,446,8/31/2013 20:53
7417,472,8/31/2013 20:53
7419,1270,8/31/2013 20:59
7420,1261,8/31/2013 21:00
7422,552,8/31/2013 21:03
7421,544,8/31/2013 21:03
7423,330,8/31/2013 21:07
7425,350,8/31/2013 21:11
7426,260,8/31/2013 21:24
7427,1830,8/31/2013 21:36
7429,659,8/31/2013 21:48
7428,673,8/31/2013 21:48
7430,951,8/31/2013 21:53
7431,936,8/31/2013 21:53
7433,341,8/31/2013 21:54
7432,1324,8/31/2013 21:54
7435,1109,8/31/2013 22:01
7436,1071,8/31/2013 22:05
7438,566,8/31/2013 22:17
7439,933,8/31/2013 23:17
7440,324,8/31/2013 23:37
7441,103,8/31/2013 23:46
6492,311,8/31/2013 2:07
6493,250,8/31/2013 2:09
6502,310,8/31/2013 6:30
6503,1017,8/31/2013 7:47
6505,369,8/31/2013 8:01
6506,1273,8/31/2013 8:03
6507,1236,8/31/2013 8:04
6509,278,8/31/2013 8:25
6508,400,8/31/2013 8:25
6510,860,8/31/2013 8:27
6511,457,8/31/2013 8:29
6512,528,8/31/2013 8:38
6514,1134,8/31/2013 8:48
6515,410,8/31/2013 8:52
6516,1829,8/31/2013 8:56
6517,925,8/31/2013 8:58
6518,871,8/31/2013 8:59
6519,1084,8/31/2013 9:04
6522,1041,8/31/2013 9:05
6520,501,8/31/2013 9:05
6523,981,8/31/2013 9:06
6524,1121,8/31/2013 9:07
6528,549,8/31/2013 9:14
6532,911,8/31/2013 9:23
6533,820,8/31/2013 9:24
6534,1049,8/31/2013 9:25
6535,1000,8/31/2013 9:25
6537,536,8/31/2013 9:28
6536,538,8/31/2013 9:28
6543,276,8/31/2013 9:44
6546,701,8/31/2013 9:51
6545,760,8/31/2013 9:51
6549,2646,8/31/2013 9:54
6551,1585,8/31/2013 9:58
6550,1610,8/31/2013 9:58
