Trip ID,Duration,Start Date,End Date,Day
4576,63,8/29/2013 14:13,8/29/2013 14:14,3
4607,70,8/29/2013 14:42,8/29/2013 14:43,3
4130,71,8/29/2013 10:16,8/29/2013 10:17,3
4251,77,8/29/2013 11:29,8/29/2013 11:30,3
4299,83,8/29/2013 12:02,8/29/2013 12:04,3
4927,103,8/29/2013 18:54,8/29/2013 18:56,3
4500,109,8/29/2013 13:25,8/29/2013 13:27,3
4563,111,8/29/2013 14:02,8/29/2013 14:04,3
4760,113,8/29/2013 17:01,8/29/2013 17:03,3
4258,114,8/29/2013 11:33,8/29/2013 11:35,3
4549,125,8/29/2013 13:52,8/29/2013 13:55,3
4498,126,8/29/2013 13:23,8/29/2013 13:25,3
4965,129,8/29/2013 19:32,8/29/2013 19:35,3
4557,130,8/29/2013 13:57,8/29/2013 13:59,3
4386,134,8/29/2013 12:31,8/29/2013 12:33,3
4749,138,8/29/2013 16:57,8/29/2013 16:59,3
4242,141,8/29/2013 11:25,8/29/2013 11:27,3
4329,142,8/29/2013 12:11,8/29/2013 12:14,3
5097,142,8/29/2013 22:21,8/29/2013 22:24,3
5084,144,8/29/2013 22:06,8/29/2013 22:08,3
4982,146,8/29/2013 19:42,8/29/2013 19:44,3
4417,148,8/29/2013 12:45,8/29/2013 12:48,3
4265,151,8/29/2013 11:40,8/29/2013 11:42,3
5093,160,8/29/2013 22:12,8/29/2013 22:14,3
4168,161,8/29/2013 10:56,8/29/2013 10:59,3
4550,163,8/29/2013 13:53,8/29/2013 13:56,3
4533,165,8/29/2013 13:43,8/29/2013 13:46,3
4510,166,8/29/2013 13:31,8/29/2013 13:34,3
5070,168,8/29/2013 21:43,8/29/2013 21:46,3
4917,169,8/29/2013 18:45,8/29/2013 18:48,3
4276,173,8/29/2013 11:45,8/29/2013 11:48,3
4378,173,8/29/2013 12:27,8/29/2013 12:30,3
4069,174,8/29/2013 9:08,8/29/2013 9:11,3
4625,175,8/29/2013 15:02,8/29/2013 15:05,3
4086,178,8/29/2013 9:42,8/29/2013 9:45,3
5088,183,8/29/2013 22:08,8/29/2013 22:12,3
4721,184,8/29/2013 16:27,8/29/2013 16:30,3
4636,186,8/29/2013 15:11,8/29/2013 15:14,3
4812,186,8/29/2013 17:30,8/29/2013 17:33,3
4720,188,8/29/2013 16:27,8/29/2013 16:30,3
4798,188,8/29/2013 17:22,8/29/2013 17:25,3
4944,188,8/29/2013 19:06,8/29/2013 19:10,3
4400,189,8/29/2013 12:39,8/29/2013 12:42,3
4606,191,8/29/2013 14:38,8/29/2013 14:42,3
4705,193,8/29/2013 16:15,8/29/2013 16:18,3
4841,197,8/29/2013 17:48,8/29/2013 17:51,3
4704,204,8/29/2013 16:15,8/29/2013 16:18,3
4824,207,8/29/2013 17:38,8/29/2013 17:42,3
4854,209,8/29/2013 17:57,8/29/2013 18:00,3
4502,210,8/29/2013 13:28,8/29/2013 13:31,3
4638,211,8/29/2013 15:17,8/29/2013 15:21,3
4855,214,8/29/2013 17:57,8/29/2013 18:00,3
4994,214,8/29/2013 19:54,8/29/2013 19:57,3
4459,215,8/29/2013 13:08,8/29/2013 13:11,3
5074,216,8/29/2013 21:45,8/29/2013 21:49,3
4081,218,8/29/2013 9:38,8/29/2013 9:41,3
4337,219,8/29/2013 12:13,8/29/2013 12:16,3
4401,222,8/29/2013 12:39,8/29/2013 12:43,3
4411,223,8/29/2013 12:40,8/29/2013 12:43,3
4467,225,8/29/2013 13:11,8/29/2013 13:15,3
4765,228,8/29/2013 17:05,8/29/2013 17:08,3
5001,236,8/29/2013 20:00,8/29/2013 20:04,3
5002,236,8/29/2013 20:01,8/29/2013 20:05,3
4560,237,8/29/2013 13:58,8/29/2013 14:02,3
4592,239,8/29/2013 14:30,8/29/2013 14:34,3
4673,239,8/29/2013 15:48,8/29/2013 15:52,3
4714,240,8/29/2013 16:21,8/29/2013 16:25,3
4748,240,8/29/2013 16:56,8/29/2013 17:00,3
4317,241,8/29/2013 12:07,8/29/2013 12:11,3
4559,242,8/29/2013 13:58,8/29/2013 14:02,3
4880,242,8/29/2013 18:10,8/29/2013 18:14,3
4668,243,8/29/2013 15:39,8/29/2013 15:43,3
4667,244,8/29/2013 15:39,8/29/2013 15:43,3
4443,245,8/29/2013 12:56,8/29/2013 13:00,3
5105,245,8/29/2013 23:12,8/29/2013 23:16,3
4341,252,8/29/2013 12:13,8/29/2013 12:17,3
4423,254,8/29/2013 12:50,8/29/2013 12:54,3
4911,259,8/29/2013 18:38,8/29/2013 18:42,3
4504,262,8/29/2013 13:29,8/29/2013 13:34,3
4584,262,8/29/2013 14:17,8/29/2013 14:21,3
4599,265,8/29/2013 14:31,8/29/2013 14:35,3
4801,265,8/29/2013 17:24,8/29/2013 17:28,3
4870,266,8/29/2013 18:06,8/29/2013 18:10,3
4743,267,8/29/2013 16:51,8/29/2013 16:55,3
4799,267,8/29/2013 17:19,8/29/2013 17:24,3
5006,269,8/29/2013 20:09,8/29/2013 20:14,3
4686,273,8/29/2013 15:59,8/29/2013 16:03,3
4906,277,8/29/2013 18:28,8/29/2013 18:33,3
4177,278,8/29/2013 11:03,8/29/2013 11:08,3
4436,284,8/29/2013 12:55,8/29/2013 13:00,3
5057,284,8/29/2013 21:10,8/29/2013 21:15,3
4084,287,8/29/2013 9:41,8/29/2013 9:46,3
4595,288,8/29/2013 14:31,8/29/2013 14:36,3
4377,289,8/29/2013 12:27,8/29/2013 12:32,3
4600,291,8/29/2013 14:33,8/29/2013 14:38,3
4959,292,8/29/2013 19:18,8/29/2013 19:23,3
4828,293,8/29/2013 17:41,8/29/2013 17:46,3
4450,298,8/29/2013 13:01,8/29/2013 13:06,3
4558,298,8/29/2013 13:57,8/29/2013 14:02,3
4657,298,8/29/2013 15:30,8/29/2013 15:35,3
4796,305,8/29/2013 17:22,8/29/2013 17:27,3
4331,307,8/29/2013 12:12,8/29/2013 12:17,3
4280,309,8/29/2013 11:53,8/29/2013 11:58,3
4290,309,8/29/2013 11:58,8/29/2013 12:03,3
4876,309,8/29/2013 18:09,8/29/2013 18:14,3
4766,315,8/29/2013 17:05,8/29/2013 17:10,3
4871,316,8/29/2013 18:06,8/29/2013 18:11,3
5078,318,8/29/2013 21:53,8/29/2013 21:59,3
4744,319,8/29/2013 16:52,8/29/2013 16:57,3
4376,320,8/29/2013 12:27,8/29/2013 12:32,3
4392,323,8/29/2013 12:34,8/29/2013 12:39,3
4602,323,8/29/2013 14:34,8/29/2013 14:39,3
5100,323,8/29/2013 22:50,8/29/2013 22:56,3
4448,324,8/29/2013 13:01,8/29/2013 13:06,3
4722,327,8/29/2013 16:32,8/29/2013 16:37,3
4850,327,8/29/2013 17:53,8/29/2013 17:59,3
4615,332,8/29/2013 14:55,8/29/2013 15:01,3
4582,335,8/29/2013 14:14,8/29/2013 14:20,3
4640,335,8/29/2013 15:19,8/29/2013 15:24,3
4805,336,8/29/2013 17:26,8/29/2013 17:32,3
4715,337,8/29/2013 16:23,8/29/2013 16:29,3
4941,337,8/29/2013 19:05,8/29/2013 19:11,3
4454,340,8/29/2013 13:05,8/29/2013 13:10,3
4647,340,8/29/2013 15:26,8/29/2013 15:32,3
4750,342,8/29/2013 16:57,8/29/2013 17:03,3
4393,343,8/29/2013 12:34,8/29/2013 12:40,3
4822,343,8/29/2013 17:37,8/29/2013 17:43,3
4300,346,8/29/2013 12:03,8/29/2013 12:09,3
4968,346,8/29/2013 19:35,8/29/2013 19:41,3
4890,347,8/29/2013 18:13,8/29/2013 18:19,3
5075,348,8/29/2013 21:47,8/29/2013 21:52,3
4570,351,8/29/2013 14:06,8/29/2013 14:12,3
4278,353,8/29/2013 11:52,8/29/2013 11:58,3
4399,355,8/29/2013 12:39,8/29/2013 12:45,3
4660,355,8/29/2013 15:32,8/29/2013 15:38,3
4745,360,8/29/2013 16:52,8/29/2013 16:58,3
4955,360,8/29/2013 19:15,8/29/2013 19:21,3
4785,361,8/29/2013 17:13,8/29/2013 17:19,3
4730,362,8/29/2013 16:37,8/29/2013 16:43,3
4786,362,8/29/2013 17:14,8/29/2013 17:20,3
4447,363,8/29/2013 13:00,8/29/2013 13:06,3
5032,363,8/29/2013 20:33,8/29/2013 20:39,3
4312,369,8/29/2013 12:06,8/29/2013 12:12,3
4695,369,8/29/2013 16:05,8/29/2013 16:11,3
4700,369,8/29/2013 16:12,8/29/2013 16:18,3
4875,370,8/29/2013 18:08,8/29/2013 18:14,3
4659,371,8/29/2013 15:32,8/29/2013 15:38,3
4998,374,8/29/2013 19:57,8/29/2013 20:04,3
4496,375,8/29/2013 13:19,8/29/2013 13:25,3
4716,375,8/29/2013 16:24,8/29/2013 16:30,3
4527,376,8/29/2013 13:39,8/29/2013 13:45,3
4612,376,8/29/2013 14:46,8/29/2013 14:53,3
4204,378,8/29/2013 11:06,8/29/2013 11:13,3
4731,378,8/29/2013 16:36,8/29/2013 16:43,3
4883,378,8/29/2013 18:12,8/29/2013 18:18,3
4517,379,8/29/2013 13:34,8/29/2013 13:41,3
4429,380,8/29/2013 12:53,8/29/2013 13:00,3
4699,380,8/29/2013 16:12,8/29/2013 16:18,3
4434,384,8/29/2013 12:55,8/29/2013 13:01,3
4408,385,8/29/2013 12:41,8/29/2013 12:48,3
4961,387,8/29/2013 19:21,8/29/2013 19:28,3
5099,387,8/29/2013 22:35,8/29/2013 22:41,3
4725,388,8/29/2013 16:34,8/29/2013 16:41,3
4347,389,8/29/2013 12:15,8/29/2013 12:21,3
5095,390,8/29/2013 22:15,8/29/2013 22:21,3
5102,392,8/29/2013 22:53,8/29/2013 23:00,3
4414,393,8/29/2013 12:44,8/29/2013 12:50,3
5050,396,8/29/2013 21:01,8/29/2013 21:07,3
4334,398,8/29/2013 12:12,8/29/2013 12:19,3
4385,398,8/29/2013 12:30,8/29/2013 12:37,3
4981,399,8/29/2013 19:41,8/29/2013 19:47,3
5062,402,8/29/2013 21:27,8/29/2013 21:34,3
4970,404,8/29/2013 19:36,8/29/2013 19:43,3
4458,405,8/29/2013 13:05,8/29/2013 13:12,3
4879,405,8/29/2013 18:10,8/29/2013 18:17,3
4999,405,8/29/2013 19:58,8/29/2013 20:04,3
4751,406,8/29/2013 16:57,8/29/2013 17:04,3
4996,410,8/29/2013 19:57,8/29/2013 20:04,3
4616,412,8/29/2013 14:56,8/29/2013 15:02,3
4741,412,8/29/2013 16:45,8/29/2013 16:52,3
4910,412,8/29/2013 18:37,8/29/2013 18:43,3
4655,413,8/29/2013 15:29,8/29/2013 15:36,3
4542,416,8/29/2013 13:49,8/29/2013 13:56,3
4348,418,8/29/2013 12:14,8/29/2013 12:21,3
4435,418,8/29/2013 12:55,8/29/2013 13:02,3
4465,419,8/29/2013 13:11,8/29/2013 13:18,3
4810,419,8/29/2013 17:30,8/29/2013 17:37,3
4641,420,8/29/2013 15:19,8/29/2013 15:26,3
4571,421,8/29/2013 14:07,8/29/2013 14:14,3
5077,422,8/29/2013 21:47,8/29/2013 21:54,3
4309,423,8/29/2013 12:04,8/29/2013 12:11,3
4953,423,8/29/2013 19:14,8/29/2013 19:21,3
5067,423,8/29/2013 21:38,8/29/2013 21:45,3
4830,424,8/29/2013 17:42,8/29/2013 17:49,3
4464,425,8/29/2013 13:09,8/29/2013 13:16,3
4529,425,8/29/2013 13:40,8/29/2013 13:47,3
4296,430,8/29/2013 12:00,8/29/2013 12:08,3
4784,430,8/29/2013 17:13,8/29/2013 17:20,3
5004,430,8/29/2013 20:05,8/29/2013 20:12,3
4455,431,8/29/2013 13:05,8/29/2013 13:12,3
5061,433,8/29/2013 21:23,8/29/2013 21:30,3
4689,436,8/29/2013 16:01,8/29/2013 16:08,3
4904,436,8/29/2013 18:26,8/29/2013 18:34,3
5060,436,8/29/2013 21:22,8/29/2013 21:30,3
4783,438,8/29/2013 17:13,8/29/2013 17:20,3
4679,440,8/29/2013 15:54,8/29/2013 16:02,3
5013,440,8/29/2013 20:13,8/29/2013 20:20,3
5073,440,8/29/2013 21:44,8/29/2013 21:52,3
4445,441,8/29/2013 12:58,8/29/2013 13:06,3
4343,445,8/29/2013 12:14,8/29/2013 12:21,3
5015,449,8/29/2013 20:13,8/29/2013 20:21,3
4849,450,8/29/2013 17:53,8/29/2013 18:01,3
4901,450,8/29/2013 18:26,8/29/2013 18:33,3
4958,454,8/29/2013 19:18,8/29/2013 19:25,3
4967,454,8/29/2013 19:35,8/29/2013 19:42,3
4199,455,8/29/2013 11:05,8/29/2013 11:13,3
4905,459,8/29/2013 18:28,8/29/2013 18:35,3
4298,460,8/29/2013 12:02,8/29/2013 12:10,3
4486,460,8/29/2013 13:16,8/29/2013 13:24,3
4396,462,8/29/2013 12:36,8/29/2013 12:43,3
4536,462,8/29/2013 13:44,8/29/2013 13:51,3
4761,462,8/29/2013 17:01,8/29/2013 17:09,3
4125,464,8/29/2013 10:14,8/29/2013 10:22,3
4314,464,8/29/2013 12:07,8/29/2013 12:14,3
4837,466,8/29/2013 17:46,8/29/2013 17:54,3
4301,471,8/29/2013 12:03,8/29/2013 12:11,3
4860,472,8/29/2013 17:59,8/29/2013 18:07,3
4442,474,8/29/2013 12:56,8/29/2013 13:04,3
4936,474,8/29/2013 18:58,8/29/2013 19:06,3
4483,475,8/29/2013 13:16,8/29/2013 13:24,3
4666,475,8/29/2013 15:36,8/29/2013 15:44,3
4980,475,8/29/2013 19:40,8/29/2013 19:48,3
4787,479,8/29/2013 17:12,8/29/2013 17:20,3
5066,481,8/29/2013 21:35,8/29/2013 21:43,3
4859,482,8/29/2013 17:59,8/29/2013 18:07,3
4409,485,8/29/2013 12:42,8/29/2013 12:50,3
4605,486,8/29/2013 14:36,8/29/2013 14:44,3
4942,486,8/29/2013 19:05,8/29/2013 19:13,3
4809,489,8/29/2013 17:29,8/29/2013 17:38,3
4678,491,8/29/2013 15:54,8/29/2013 16:02,3
5076,491,8/29/2013 21:47,8/29/2013 21:55,3
4779,492,8/29/2013 17:11,8/29/2013 17:19,3
4518,497,8/29/2013 13:35,8/29/2013 13:43,3
4123,500,8/29/2013 10:14,8/29/2013 10:22,3
4321,505,8/29/2013 12:10,8/29/2013 12:19,3
4304,508,8/29/2013 12:04,8/29/2013 12:12,3
4710,508,8/29/2013 16:17,8/29/2013 16:26,3
4420,512,8/29/2013 12:46,8/29/2013 12:54,3
4627,515,8/29/2013 15:02,8/29/2013 15:10,3
4587,519,8/29/2013 14:21,8/29/2013 14:30,3
4320,520,8/29/2013 12:10,8/29/2013 12:19,3
4711,522,8/29/2013 16:17,8/29/2013 16:26,3
4817,523,8/29/2013 17:33,8/29/2013 17:42,3
4969,527,8/29/2013 19:36,8/29/2013 19:44,3
4632,530,8/29/2013 15:08,8/29/2013 15:17,3
5046,531,8/29/2013 20:57,8/29/2013 21:05,3
4440,534,8/29/2013 12:55,8/29/2013 13:04,3
4933,535,8/29/2013 18:56,8/29/2013 19:05,3
4310,537,8/29/2013 12:05,8/29/2013 12:14,3
5016,537,8/29/2013 20:14,8/29/2013 20:23,3
5014,538,8/29/2013 20:13,8/29/2013 20:22,3
4369,540,8/29/2013 12:25,8/29/2013 12:34,3
4439,540,8/29/2013 12:55,8/29/2013 13:04,3
5029,541,8/29/2013 20:29,8/29/2013 20:38,3
4833,543,8/29/2013 17:45,8/29/2013 17:54,3
4934,545,8/29/2013 18:56,8/29/2013 19:05,3
4903,546,8/29/2013 18:26,8/29/2013 18:35,3
4762,551,8/29/2013 17:03,8/29/2013 17:12,3
4691,553,8/29/2013 16:01,8/29/2013 16:11,3
5024,555,8/29/2013 20:25,8/29/2013 20:35,3
4419,556,8/29/2013 12:45,8/29/2013 12:55,3
4776,560,8/29/2013 17:09,8/29/2013 17:18,3
4902,560,8/29/2013 18:26,8/29/2013 18:35,3
5010,561,8/29/2013 20:12,8/29/2013 20:21,3
4374,563,8/29/2013 12:23,8/29/2013 12:32,3
4561,563,8/29/2013 13:58,8/29/2013 14:07,3
4661,563,8/29/2013 15:33,8/29/2013 15:42,3
4788,563,8/29/2013 17:16,8/29/2013 17:25,3
4829,566,8/29/2013 17:42,8/29/2013 17:51,3
4478,567,8/29/2013 13:15,8/29/2013 13:24,3
4865,570,8/29/2013 18:02,8/29/2013 18:12,3
4405,571,8/29/2013 12:41,8/29/2013 12:50,3
4282,572,8/29/2013 11:54,8/29/2013 12:04,3
4287,572,8/29/2013 11:56,8/29/2013 12:06,3
4808,572,8/29/2013 17:27,8/29/2013 17:37,3
5085,573,8/29/2013 22:06,8/29/2013 22:16,3
4134,574,8/29/2013 10:19,8/29/2013 10:29,3
4367,579,8/29/2013 12:24,8/29/2013 12:34,3
4524,579,8/29/2013 13:39,8/29/2013 13:48,3
4834,579,8/29/2013 17:45,8/29/2013 17:55,3
4990,579,8/29/2013 19:48,8/29/2013 19:58,3
4928,582,8/29/2013 18:55,8/29/2013 19:05,3
4777,585,8/29/2013 17:09,8/29/2013 17:18,3
4836,585,8/29/2013 17:46,8/29/2013 17:55,3
4356,587,8/29/2013 12:18,8/29/2013 12:28,3
5086,587,8/29/2013 22:06,8/29/2013 22:16,3
4929,590,8/29/2013 18:55,8/29/2013 19:05,3
4581,591,8/29/2013 14:14,8/29/2013 14:24,3
4835,598,8/29/2013 17:45,8/29/2013 17:55,3
4531,601,8/29/2013 13:41,8/29/2013 13:51,3
4912,601,8/29/2013 18:39,8/29/2013 18:49,3
4706,606,8/29/2013 16:16,8/29/2013 16:26,3
4366,607,8/29/2013 12:24,8/29/2013 12:34,3
4398,607,8/29/2013 12:37,8/29/2013 12:47,3
4610,607,8/29/2013 14:44,8/29/2013 14:54,3
5017,607,8/29/2013 20:13,8/29/2013 20:24,3
4729,608,8/29/2013 16:36,8/29/2013 16:46,3
4379,610,8/29/2013 12:29,8/29/2013 12:39,3
4336,611,8/29/2013 12:12,8/29/2013 12:22,3
4628,611,8/29/2013 15:03,8/29/2013 15:13,3
4881,611,8/29/2013 18:11,8/29/2013 18:21,3
4728,612,8/29/2013 16:36,8/29/2013 16:46,3
4772,612,8/29/2013 17:07,8/29/2013 17:17,3
4864,614,8/29/2013 18:02,8/29/2013 18:13,3
4918,615,8/29/2013 18:46,8/29/2013 18:57,3
4410,620,8/29/2013 12:42,8/29/2013 12:53,3
4795,621,8/29/2013 17:22,8/29/2013 17:32,3
5008,623,8/29/2013 20:12,8/29/2013 20:22,3
4537,624,8/29/2013 13:45,8/29/2013 13:55,3
4626,624,8/29/2013 15:02,8/29/2013 15:13,3
4782,626,8/29/2013 17:12,8/29/2013 17:23,3
4428,627,8/29/2013 12:53,8/29/2013 13:04,3
4256,629,8/29/2013 11:32,8/29/2013 11:43,3
4868,633,8/29/2013 18:04,8/29/2013 18:15,3
4360,637,8/29/2013 12:21,8/29/2013 12:32,3
4724,637,8/29/2013 16:34,8/29/2013 16:44,3
4499,638,8/29/2013 13:25,8/29/2013 13:36,3
4889,638,8/29/2013 18:18,8/29/2013 18:29,3
4684,640,8/29/2013 15:58,8/29/2013 16:08,3
4814,641,8/29/2013 17:32,8/29/2013 17:43,3
4848,642,8/29/2013 17:53,8/29/2013 18:04,3
4937,642,8/29/2013 18:59,8/29/2013 19:10,3
5087,643,8/29/2013 22:07,8/29/2013 22:18,3
4885,644,8/29/2013 18:14,8/29/2013 18:25,3
5005,645,8/29/2013 20:06,8/29/2013 20:17,3
4462,646,8/29/2013 13:07,8/29/2013 13:18,3
4525,650,8/29/2013 13:39,8/29/2013 13:50,3
4543,650,8/29/2013 13:50,8/29/2013 14:00,3
4723,654,8/29/2013 16:33,8/29/2013 16:44,3
4285,657,8/29/2013 11:56,8/29/2013 12:07,3
4413,659,8/29/2013 12:43,8/29/2013 12:54,3
5104,661,8/29/2013 23:00,8/29/2013 23:11,3
4987,662,8/29/2013 19:45,8/29/2013 19:56,3
4806,663,8/29/2013 17:27,8/29/2013 17:38,3
5031,664,8/29/2013 20:32,8/29/2013 20:44,3
5101,666,8/29/2013 22:51,8/29/2013 23:02,3
4538,668,8/29/2013 13:45,8/29/2013 13:56,3
4674,671,8/29/2013 15:48,8/29/2013 15:59,3
5106,672,8/29/2013 23:16,8/29/2013 23:27,3
4349,674,8/29/2013 12:15,8/29/2013 12:26,3
4649,676,8/29/2013 15:26,8/29/2013 15:38,3
4797,677,8/29/2013 17:22,8/29/2013 17:33,3
4446,678,8/29/2013 13:00,8/29/2013 13:11,3
4648,679,8/29/2013 15:26,8/29/2013 15:38,3
4878,679,8/29/2013 18:09,8/29/2013 18:21,3
5059,679,8/29/2013 21:14,8/29/2013 21:26,3
4651,684,8/29/2013 15:26,8/29/2013 15:38,3
4676,684,8/29/2013 15:49,8/29/2013 16:01,3
5020,684,8/29/2013 20:22,8/29/2013 20:34,3
4887,685,8/29/2013 18:15,8/29/2013 18:26,3
4406,687,8/29/2013 12:41,8/29/2013 12:53,3
4136,688,8/29/2013 10:20,8/29/2013 10:31,3
4552,688,8/29/2013 13:54,8/29/2013 14:06,3
4407,690,8/29/2013 12:41,8/29/2013 12:53,3
5009,690,8/29/2013 20:12,8/29/2013 20:23,3
5043,691,8/29/2013 20:46,8/29/2013 20:58,3
4460,693,8/29/2013 13:08,8/29/2013 13:20,3
4556,693,8/29/2013 13:56,8/29/2013 14:08,3
5108,694,8/29/2013 23:57,8/30/2013 0:09,3
4562,696,8/29/2013 14:00,8/29/2013 14:12,3
4624,697,8/29/2013 15:01,8/29/2013 15:13,3
4644,698,8/29/2013 15:20,8/29/2013 15:32,3
4350,701,8/29/2013 12:16,8/29/2013 12:27,3
4403,702,8/29/2013 12:40,8/29/2013 12:52,3
4522,702,8/29/2013 13:37,8/29/2013 13:49,3
4874,704,8/29/2013 18:07,8/29/2013 18:19,3
5058,704,8/29/2013 21:14,8/29/2013 21:26,3
4642,710,8/29/2013 15:20,8/29/2013 15:32,3
4643,710,8/29/2013 15:20,8/29/2013 15:32,3
4466,711,8/29/2013 13:06,8/29/2013 13:18,3
4243,720,8/29/2013 11:26,8/29/2013 11:38,3
4346,724,8/29/2013 12:14,8/29/2013 12:26,3
4872,726,8/29/2013 18:06,8/29/2013 18:19,3
5054,727,8/29/2013 21:05,8/29/2013 21:17,3
4503,728,8/29/2013 13:29,8/29/2013 13:41,3
4823,733,8/29/2013 17:37,8/29/2013 17:50,3
4979,747,8/29/2013 19:40,8/29/2013 19:52,3
4586,748,8/29/2013 14:17,8/29/2013 14:30,3
4425,752,8/29/2013 12:51,8/29/2013 13:04,3
4545,752,8/29/2013 13:50,8/29/2013 14:02,3
4652,753,8/29/2013 15:28,8/29/2013 15:40,3
5083,755,8/29/2013 22:05,8/29/2013 22:18,3
4842,756,8/29/2013 17:48,8/29/2013 18:01,3
5045,757,8/29/2013 20:51,8/29/2013 21:03,3
4277,759,8/29/2013 11:50,8/29/2013 12:03,3
4670,759,8/29/2013 15:40,8/29/2013 15:53,3
4288,760,8/29/2013 11:57,8/29/2013 12:10,3
4519,763,8/29/2013 13:36,8/29/2013 13:48,3
4080,764,8/29/2013 9:36,8/29/2013 9:49,3
4803,764,8/29/2013 17:24,8/29/2013 17:37,3
4339,765,8/29/2013 12:12,8/29/2013 12:25,3
4340,767,8/29/2013 12:13,8/29/2013 12:26,3
4404,768,8/29/2013 12:40,8/29/2013 12:53,3
4973,768,8/29/2013 19:38,8/29/2013 19:51,3
4832,776,8/29/2013 17:44,8/29/2013 17:57,3
4444,777,8/29/2013 12:57,8/29/2013 13:10,3
4703,778,8/29/2013 16:15,8/29/2013 16:28,3
4838,778,8/29/2013 17:46,8/29/2013 17:59,3
4851,783,8/29/2013 17:55,8/29/2013 18:08,3
4358,784,8/29/2013 12:20,8/29/2013 12:33,3
4877,792,8/29/2013 18:09,8/29/2013 18:23,3
4671,797,8/29/2013 15:44,8/29/2013 15:57,3
4945,797,8/29/2013 19:08,8/29/2013 19:21,3
4752,799,8/29/2013 16:58,8/29/2013 17:11,3
4899,802,8/29/2013 18:24,8/29/2013 18:37,3
4702,804,8/29/2013 16:14,8/29/2013 16:27,3
4739,809,8/29/2013 16:44,8/29/2013 16:58,3
5079,809,8/29/2013 22:01,8/29/2013 22:14,3
4736,812,8/29/2013 16:42,8/29/2013 16:56,3
5012,812,8/29/2013 20:13,8/29/2013 20:26,3
4820,813,8/29/2013 17:35,8/29/2013 17:48,3
4873,813,8/29/2013 18:07,8/29/2013 18:20,3
4526,814,8/29/2013 13:39,8/29/2013 13:53,3
4939,816,8/29/2013 19:01,8/29/2013 19:14,3
4541,817,8/29/2013 13:49,8/29/2013 14:03,3
5030,818,8/29/2013 20:29,8/29/2013 20:43,3
4681,819,8/29/2013 15:55,8/29/2013 16:09,3
4390,825,8/29/2013 12:33,8/29/2013 12:47,3
4685,826,8/29/2013 15:58,8/29/2013 16:12,3
4931,826,8/29/2013 18:56,8/29/2013 19:10,3
4946,827,8/29/2013 19:07,8/29/2013 19:21,3
4701,828,8/29/2013 16:14,8/29/2013 16:27,3
4591,832,8/29/2013 14:30,8/29/2013 14:43,3
4451,834,8/29/2013 13:02,8/29/2013 13:16,3
5011,834,8/29/2013 20:13,8/29/2013 20:26,3
4972,837,8/29/2013 19:38,8/29/2013 19:52,3
4938,840,8/29/2013 19:01,8/29/2013 19:15,3
4997,841,8/29/2013 19:57,8/29/2013 20:11,3
4523,844,8/29/2013 13:38,8/29/2013 13:53,3
4857,844,8/29/2013 17:58,8/29/2013 18:12,3
4756,845,8/29/2013 17:00,8/29/2013 17:14,3
4858,845,8/29/2013 17:58,8/29/2013 18:12,3
4853,849,8/29/2013 17:55,8/29/2013 18:09,3
4507,850,8/29/2013 13:31,8/29/2013 13:45,3
4645,850,8/29/2013 15:20,8/29/2013 15:35,3
4544,852,8/29/2013 13:49,8/29/2013 14:03,3
4774,852,8/29/2013 17:08,8/29/2013 17:22,3
4975,852,8/29/2013 19:39,8/29/2013 19:53,3
4380,853,8/29/2013 12:29,8/29/2013 12:44,3
4964,853,8/29/2013 19:32,8/29/2013 19:46,3
5026,857,8/29/2013 20:27,8/29/2013 20:42,3
4614,863,8/29/2013 14:52,8/29/2013 15:06,3
4620,865,8/29/2013 14:58,8/29/2013 15:13,3
4593,867,8/29/2013 14:30,8/29/2013 14:44,3
4846,867,8/29/2013 17:51,8/29/2013 18:05,3
4869,870,8/29/2013 18:06,8/29/2013 18:21,3
4391,873,8/29/2013 12:33,8/29/2013 12:48,3
4352,874,8/29/2013 12:16,8/29/2013 12:31,3
4974,877,8/29/2013 19:38,8/29/2013 19:53,3
4713,878,8/29/2013 16:20,8/29/2013 16:35,3
4804,878,8/29/2013 17:24,8/29/2013 17:39,3
4907,879,8/29/2013 18:31,8/29/2013 18:46,3
4940,879,8/29/2013 19:03,8/29/2013 19:17,3
4375,880,8/29/2013 12:26,8/29/2013 12:41,3
4573,882,8/29/2013 14:09,8/29/2013 14:24,3
4654,882,8/29/2013 15:28,8/29/2013 15:43,3
4275,883,8/29/2013 11:43,8/29/2013 11:57,3
4395,885,8/29/2013 12:35,8/29/2013 12:49,3
4935,885,8/29/2013 18:57,8/29/2013 19:12,3
5090,892,8/29/2013 22:11,8/29/2013 22:26,3
4737,897,8/29/2013 16:43,8/29/2013 16:58,3
4319,899,8/29/2013 12:10,8/29/2013 12:25,3
4991,902,8/29/2013 19:48,8/29/2013 20:03,3
4734,905,8/29/2013 16:41,8/29/2013 16:56,3
4781,908,8/29/2013 17:12,8/29/2013 17:27,3
4214,909,8/29/2013 11:15,8/29/2013 11:30,3
5027,912,8/29/2013 20:28,8/29/2013 20:43,3
4494,913,8/29/2013 13:19,8/29/2013 13:34,3
4742,914,8/29/2013 16:47,8/29/2013 17:02,3
4690,918,8/29/2013 16:01,8/29/2013 16:16,3
4618,919,8/29/2013 14:58,8/29/2013 15:13,3
4449,926,8/29/2013 13:01,8/29/2013 13:16,3
4976,926,8/29/2013 19:39,8/29/2013 19:55,3
4845,929,8/29/2013 17:50,8/29/2013 18:05,3
4213,931,8/29/2013 11:14,8/29/2013 11:30,3
4764,931,8/29/2013 17:04,8/29/2013 17:19,3
5000,932,8/29/2013 19:59,8/29/2013 20:15,3
4971,936,8/29/2013 19:36,8/29/2013 19:52,3
4617,939,8/29/2013 14:57,8/29/2013 15:13,3
4926,941,8/29/2013 18:53,8/29/2013 19:09,3
4925,943,8/29/2013 18:53,8/29/2013 19:09,3
4780,948,8/29/2013 17:11,8/29/2013 17:27,3
4453,949,8/29/2013 13:04,8/29/2013 13:20,3
4397,950,8/29/2013 12:36,8/29/2013 12:52,3
4601,953,8/29/2013 14:33,8/29/2013 14:49,3
4497,954,8/29/2013 13:19,8/29/2013 13:35,3
4771,956,8/29/2013 17:07,8/29/2013 17:23,3
4683,960,8/29/2013 15:57,8/29/2013 16:13,3
4633,963,8/29/2013 15:09,8/29/2013 15:25,3
4687,967,8/29/2013 16:00,8/29/2013 16:16,3
4585,968,8/29/2013 14:17,8/29/2013 14:33,3
4289,970,8/29/2013 11:58,8/29/2013 12:14,3
4943,970,8/29/2013 19:06,8/29/2013 19:22,3
4886,971,8/29/2013 18:14,8/29/2013 18:31,3
4665,972,8/29/2013 15:36,8/29/2013 15:52,3
4740,976,8/29/2013 16:45,8/29/2013 17:01,3
5041,976,8/29/2013 20:42,8/29/2013 20:58,3
4210,980,8/29/2013 11:13,8/29/2013 11:30,3
4431,980,8/29/2013 12:54,8/29/2013 13:10,3
4757,981,8/29/2013 17:00,8/29/2013 17:17,3
4426,982,8/29/2013 12:52,8/29/2013 13:08,3
4569,987,8/29/2013 14:06,8/29/2013 14:22,3
4790,989,8/29/2013 17:17,8/29/2013 17:34,3
5038,994,8/29/2013 20:36,8/29/2013 20:53,3
4079,995,8/29/2013 9:35,8/29/2013 9:52,3
4984,998,8/29/2013 19:43,8/29/2013 19:59,3
4635,999,8/29/2013 15:09,8/29/2013 15:26,3
4308,1000,8/29/2013 12:04,8/29/2013 12:21,3
4983,1009,8/29/2013 19:42,8/29/2013 19:59,3
4948,1010,8/29/2013 19:10,8/29/2013 19:27,3
4568,1013,8/29/2013 14:06,8/29/2013 14:22,3
4491,1015,8/29/2013 13:18,8/29/2013 13:35,3
4861,1015,8/29/2013 18:00,8/29/2013 18:17,3
4862,1015,8/29/2013 18:00,8/29/2013 18:17,3
5007,1016,8/29/2013 20:11,8/29/2013 20:28,3
4512,1024,8/29/2013 13:32,8/29/2013 13:49,3
4746,1024,8/29/2013 16:53,8/29/2013 17:11,3
4813,1030,8/29/2013 17:31,8/29/2013 17:48,3
4254,1032,8/29/2013 11:31,8/29/2013 11:48,3
4121,1040,8/29/2013 10:13,8/29/2013 10:31,3
4485,1040,8/29/2013 13:16,8/29/2013 13:34,3
4775,1046,8/29/2013 17:08,8/29/2013 17:26,3
4688,1047,8/29/2013 16:00,8/29/2013 16:17,3
4438,1050,8/29/2013 12:55,8/29/2013 13:12,3
4437,1052,8/29/2013 12:55,8/29/2013 13:12,3
4268,1055,8/29/2013 11:40,8/29/2013 11:57,3
4852,1055,8/29/2013 17:55,8/29/2013 18:13,3
5091,1061,8/29/2013 22:11,8/29/2013 22:29,3
4629,1065,8/29/2013 15:03,8/29/2013 15:20,3
4995,1065,8/29/2013 19:53,8/29/2013 20:11,3
4206,1066,8/29/2013 11:09,8/29/2013 11:27,3
4073,1067,8/29/2013 9:24,8/29/2013 9:42,3
4244,1071,8/29/2013 11:26,8/29/2013 11:44,3
4733,1072,8/29/2013 16:40,8/29/2013 16:58,3
4956,1072,8/29/2013 19:15,8/29/2013 19:33,3
5049,1075,8/29/2013 21:00,8/29/2013 21:18,3
4555,1077,8/29/2013 13:55,8/29/2013 14:13,3
4888,1077,8/29/2013 18:16,8/29/2013 18:34,3
4580,1081,8/29/2013 14:14,8/29/2013 14:32,3
4373,1083,8/29/2013 12:22,8/29/2013 12:40,3
4433,1083,8/29/2013 12:54,8/29/2013 13:12,3
4511,1088,8/29/2013 13:32,8/29/2013 13:50,3
4847,1088,8/29/2013 17:51,8/29/2013 18:09,3
4365,1094,8/29/2013 12:24,8/29/2013 12:42,3
5068,1096,8/29/2013 21:40,8/29/2013 21:58,3
4916,1097,8/29/2013 18:45,8/29/2013 19:03,3
4826,1098,8/29/2013 17:38,8/29/2013 17:57,3
4767,1101,8/29/2013 17:05,8/29/2013 17:23,3
4279,1105,8/29/2013 11:53,8/29/2013 12:12,3
4432,1107,8/29/2013 12:54,8/29/2013 13:13,3
5048,1107,8/29/2013 21:00,8/29/2013 21:18,3
4821,1109,8/29/2013 17:36,8/29/2013 17:55,3
4307,1110,8/29/2013 12:04,8/29/2013 12:23,3
4509,1111,8/29/2013 13:31,8/29/2013 13:50,3
4993,1112,8/29/2013 19:53,8/29/2013 20:11,3
4075,1117,8/29/2013 9:24,8/29/2013 9:43,3
4076,1118,8/29/2013 9:25,8/29/2013 9:43,3
4727,1126,8/29/2013 16:35,8/29/2013 16:54,3
4484,1127,8/29/2013 13:16,8/29/2013 13:35,3
4682,1129,8/29/2013 15:55,8/29/2013 16:14,3
4074,1131,8/29/2013 9:24,8/29/2013 9:43,3
4819,1133,8/29/2013 17:34,8/29/2013 17:52,3
4487,1136,8/29/2013 13:17,8/29/2013 13:35,3
4708,1137,8/29/2013 16:16,8/29/2013 16:35,3
4707,1138,8/29/2013 16:16,8/29/2013 16:35,3
4726,1140,8/29/2013 16:35,8/29/2013 16:54,3
4747,1140,8/29/2013 16:55,8/29/2013 17:14,3
4712,1142,8/29/2013 16:20,8/29/2013 16:39,3
4843,1147,8/29/2013 17:50,8/29/2013 18:09,3
5094,1149,8/29/2013 22:13,8/29/2013 22:33,3
4219,1150,8/29/2013 11:18,8/29/2013 11:37,3
4692,1150,8/29/2013 16:02,8/29/2013 16:21,3
4658,1152,8/29/2013 15:31,8/29/2013 15:50,3
4664,1157,8/29/2013 15:35,8/29/2013 15:54,3
4359,1159,8/29/2013 12:21,8/29/2013 12:40,3
4856,1159,8/29/2013 17:57,8/29/2013 18:16,3
4479,1161,8/29/2013 13:16,8/29/2013 13:35,3
4345,1162,8/29/2013 12:14,8/29/2013 12:33,3
4900,1168,8/29/2013 18:25,8/29/2013 18:45,3
5056,1171,8/29/2013 21:09,8/29/2013 21:29,3
5039,1174,8/29/2013 20:42,8/29/2013 21:02,3
4680,1176,8/29/2013 15:55,8/29/2013 16:14,3
4693,1177,8/29/2013 16:03,8/29/2013 16:23,3
4818,1177,8/29/2013 17:33,8/29/2013 17:53,3
4992,1189,8/29/2013 19:52,8/29/2013 20:12,3
4311,1191,8/29/2013 12:05,8/29/2013 12:25,3
4619,1201,8/29/2013 14:58,8/29/2013 15:18,3
4506,1206,8/29/2013 13:31,8/29/2013 13:51,3
4954,1210,8/29/2013 19:15,8/29/2013 19:35,3
4372,1211,8/29/2013 12:25,8/29/2013 12:45,3
4515,1211,8/29/2013 13:33,8/29/2013 13:53,3
4116,1213,8/29/2013 10:11,8/29/2013 10:32,3
4909,1220,8/29/2013 18:36,8/29/2013 18:57,3
4514,1224,8/29/2013 13:33,8/29/2013 13:53,3
4368,1241,8/29/2013 12:25,8/29/2013 12:45,3
4891,1244,8/29/2013 18:20,8/29/2013 18:41,3
4966,1245,8/29/2013 19:32,8/29/2013 19:53,3
4735,1247,8/29/2013 16:41,8/29/2013 17:02,3
4672,1251,8/29/2013 15:44,8/29/2013 16:05,3
5040,1253,8/29/2013 20:42,8/29/2013 21:03,3
5092,1253,8/29/2013 22:12,8/29/2013 22:33,3
4827,1258,8/29/2013 17:38,8/29/2013 17:59,3
4913,1263,8/29/2013 18:41,8/29/2013 19:02,3
4160,1271,8/29/2013 10:42,8/29/2013 11:03,3
4164,1276,8/29/2013 10:47,8/29/2013 11:09,3
5103,1278,8/29/2013 22:54,8/29/2013 23:16,3
4662,1279,8/29/2013 15:33,8/29/2013 15:55,3
4284,1281,8/29/2013 11:55,8/29/2013 12:17,3
4546,1288,8/29/2013 13:52,8/29/2013 14:13,3
4305,1292,8/29/2013 12:04,8/29/2013 12:25,3
4351,1298,8/29/2013 12:16,8/29/2013 12:37,3
4457,1301,8/29/2013 13:05,8/29/2013 13:27,3
4303,1305,8/29/2013 12:03,8/29/2013 12:25,3
4656,1306,8/29/2013 15:29,8/29/2013 15:51,3
4394,1309,8/29/2013 12:34,8/29/2013 12:56,3
4924,1313,8/29/2013 18:52,8/29/2013 19:14,3
4461,1314,8/29/2013 13:07,8/29/2013 13:29,3
4335,1321,8/29/2013 12:11,8/29/2013 12:33,3
4963,1323,8/29/2013 19:24,8/29/2013 19:46,3
4866,1326,8/29/2013 18:03,8/29/2013 18:25,3
4895,1326,8/29/2013 18:23,8/29/2013 18:45,3
4328,1328,8/29/2013 12:11,8/29/2013 12:33,3
4923,1329,8/29/2013 18:52,8/29/2013 19:14,3
4759,1339,8/29/2013 17:01,8/29/2013 17:23,3
4947,1339,8/29/2013 19:08,8/29/2013 19:30,3
5037,1345,8/29/2013 20:36,8/29/2013 20:59,3
4293,1346,8/29/2013 12:00,8/29/2013 12:22,3
4653,1349,8/29/2013 15:29,8/29/2013 15:51,3
4252,1350,8/29/2013 11:30,8/29/2013 11:52,3
4234,1351,8/29/2013 11:19,8/29/2013 11:42,3
4292,1373,8/29/2013 11:59,8/29/2013 12:22,3
4332,1373,8/29/2013 12:12,8/29/2013 12:35,3
4100,1392,8/29/2013 9:57,8/29/2013 10:20,3
4323,1397,8/29/2013 12:10,8/29/2013 12:34,3
4951,1409,8/29/2013 19:13,8/29/2013 19:36,3
5089,1423,8/29/2013 22:09,8/29/2013 22:33,3
4769,1424,8/29/2013 17:06,8/29/2013 17:29,3
4950,1424,8/29/2013 19:12,8/29/2013 19:35,3
4342,1431,8/29/2013 12:13,8/29/2013 12:37,3
4315,1432,8/29/2013 12:07,8/29/2013 12:31,3
4327,1438,8/29/2013 12:11,8/29/2013 12:35,3
4318,1439,8/29/2013 12:07,8/29/2013 12:31,3
4534,1439,8/29/2013 13:43,8/29/2013 14:07,3
4623,1445,8/29/2013 15:01,8/29/2013 15:25,3
4297,1451,8/29/2013 12:01,8/29/2013 12:25,3
4611,1462,8/29/2013 14:46,8/29/2013 15:11,3
4978,1475,8/29/2013 19:40,8/29/2013 20:04,3
4977,1481,8/29/2013 19:40,8/29/2013 20:04,3
4892,1492,8/29/2013 18:21,8/29/2013 18:46,3
4452,1494,8/29/2013 13:02,8/29/2013 13:27,3
4989,1499,8/29/2013 19:47,8/29/2013 20:12,3
4221,1500,8/29/2013 11:18,8/29/2013 11:43,3
5034,1511,8/29/2013 20:34,8/29/2013 20:59,3
4598,1512,8/29/2013 14:31,8/29/2013 14:56,3
4316,1515,8/29/2013 12:07,8/29/2013 12:32,3
4949,1524,8/29/2013 19:11,8/29/2013 19:36,3
4217,1535,8/29/2013 11:17,8/29/2013 11:42,3
4583,1536,8/29/2013 14:15,8/29/2013 14:40,3
4988,1539,8/29/2013 19:47,8/29/2013 20:12,3
4597,1541,8/29/2013 14:31,8/29/2013 14:56,3
5022,1569,8/29/2013 20:24,8/29/2013 20:51,3
5023,1569,8/29/2013 20:25,8/29/2013 20:51,3
4477,1578,8/29/2013 13:14,8/29/2013 13:41,3
4547,1580,8/29/2013 13:52,8/29/2013 14:18,3
4218,1593,8/29/2013 11:17,8/29/2013 11:43,3
4825,1605,8/29/2013 17:38,8/29/2013 18:05,3
4422,1682,8/29/2013 12:47,8/29/2013 13:15,3
4567,1684,8/29/2013 14:04,8/29/2013 14:33,3
4564,1693,8/29/2013 14:04,8/29/2013 14:32,3
4566,1699,8/29/2013 14:04,8/29/2013 14:33,3
5053,1701,8/29/2013 21:04,8/29/2013 21:32,3
4283,1712,8/29/2013 11:55,8/29/2013 12:23,3
4650,1716,8/29/2013 15:26,8/29/2013 15:55,3
5052,1719,8/29/2013 21:04,8/29/2013 21:33,3
4589,1723,8/29/2013 14:25,8/29/2013 14:54,3
4421,1724,8/29/2013 12:47,8/29/2013 13:16,3
5063,1725,8/29/2013 21:31,8/29/2013 22:00,3
4908,1731,8/29/2013 18:34,8/29/2013 19:03,3
4588,1751,8/29/2013 14:24,8/29/2013 14:53,3
4402,1776,8/29/2013 12:39,8/29/2013 13:09,3
4960,1790,8/29/2013 19:20,8/29/2013 19:50,3
4364,1800,8/29/2013 12:24,8/29/2013 12:54,3
4898,1804,8/29/2013 18:24,8/29/2013 18:54,3
4755,1808,8/29/2013 17:00,8/29/2013 17:30,3
4551,1817,8/29/2013 13:54,8/29/2013 14:24,3
4753,1830,8/29/2013 16:59,8/29/2013 17:30,3
4778,1849,8/29/2013 17:09,8/29/2013 17:40,3
4919,1879,8/29/2013 18:48,8/29/2013 19:19,3
4920,1880,8/29/2013 18:48,8/29/2013 19:19,3
5021,1899,8/29/2013 20:24,8/29/2013 20:56,3
4495,1901,8/29/2013 13:19,8/29/2013 13:51,3
4493,1914,8/29/2013 13:19,8/29/2013 13:50,3
4718,1946,8/29/2013 16:25,8/29/2013 16:57,3
4501,1963,8/29/2013 13:27,8/29/2013 14:00,3
4133,1965,8/29/2013 10:17,8/29/2013 10:50,3
4957,1969,8/29/2013 19:17,8/29/2013 19:50,3
4844,1970,8/29/2013 17:50,8/29/2013 18:23,3
4355,2044,8/29/2013 12:18,8/29/2013 12:52,3
4894,2069,8/29/2013 18:22,8/29/2013 18:57,3
4575,2096,8/29/2013 14:12,8/29/2013 14:47,3
4241,2124,8/29/2013 11:22,8/29/2013 11:58,3
4717,2136,8/29/2013 16:24,8/29/2013 17:00,3
4302,2138,8/29/2013 11:58,8/29/2013 12:33,3
4646,2542,8/29/2013 15:26,8/29/2013 16:08,3
4922,3349,8/29/2013 18:50,8/29/2013 19:46,3
4694,3362,8/29/2013 16:04,8/29/2013 17:00,3
4135,3492,8/29/2013 10:19,8/29/2013 11:18,3
4388,3582,8/29/2013 12:33,8/29/2013 13:33,3
4132,3637,8/29/2013 10:17,8/29/2013 11:17,3
4078,3829,8/29/2013 9:31,8/29/2013 10:34,3
4709,4116,8/29/2013 16:17,8/29/2013 17:26,3
4572,4331,8/29/2013 14:07,8/29/2013 15:20,3
4622,4499,8/29/2013 15:00,8/29/2013 16:15,3
4578,4521,8/29/2013 14:13,8/29/2013 15:29,3
4577,4524,8/29/2013 14:13,8/29/2013 15:28,3
4621,4536,8/29/2013 15:00,8/29/2013 16:15,3
4893,4756,8/29/2013 18:22,8/29/2013 19:41,3
4758,4801,8/29/2013 17:00,8/29/2013 18:20,3
4634,5075,8/29/2013 15:09,8/29/2013 16:34,3
4884,5506,8/29/2013 18:12,8/29/2013 19:44,3
4313,5709,8/29/2013 12:06,8/29/2013 13:41,3
4882,5776,8/29/2013 18:11,8/29/2013 19:48,3
4669,5983,8/29/2013 15:40,8/29/2013 17:20,3
4603,6095,8/29/2013 14:35,8/29/2013 16:16,3
4166,7138,8/29/2013 10:49,8/29/2013 12:48,3
4565,7148,8/29/2013 14:04,8/29/2013 16:03,3
4639,11118,8/29/2013 15:18,8/29/2013 18:23,3
4637,11272,8/29/2013 15:17,8/29/2013 18:25,3
4528,12280,8/29/2013 13:39,8/29/2013 17:04,3
4363,15244,8/29/2013 12:23,8/29/2013 16:37,3
4193,18192,8/29/2013 11:04,8/29/2013 16:08,3
4190,18240,8/29/2013 11:04,8/29/2013 16:08,3
4225,21612,8/29/2013 11:18,8/29/2013 17:18,3
4663,52698,8/29/2013 15:34,8/30/2013 6:12,3
4532,84990,8/29/2013 13:43,8/30/2013 13:19,3
4521,85385,8/29/2013 13:37,8/30/2013 13:20,3
5069,86102,8/29/2013 21:41,8/30/2013 21:37,3
4505,97713,8/29/2013 13:30,8/30/2013 16:38,3
6115,69,8/30/2013 16:30,8/30/2013 16:31,4
5157,75,8/30/2013 8:18,8/30/2013 8:19,4
5349,76,8/30/2013 10:56,8/30/2013 10:57,4
5314,94,8/30/2013 10:44,8/30/2013 10:46,4
5580,112,8/30/2013 12:52,8/30/2013 12:54,4
5872,125,8/30/2013 15:04,8/30/2013 15:06,4
5483,129,8/30/2013 12:07,8/30/2013 12:09,4
6457,130,8/30/2013 22:37,8/30/2013 22:39,4
5767,134,8/30/2013 14:14,8/30/2013 14:17,4
6393,134,8/30/2013 19:32,8/30/2013 19:34,4
5947,140,8/30/2013 15:22,8/30/2013 15:25,4
5480,149,8/30/2013 12:05,8/30/2013 12:08,4
6266,168,8/30/2013 17:53,8/30/2013 17:56,4
5702,170,8/30/2013 13:43,8/30/2013 13:46,4
5465,177,8/30/2013 12:00,8/30/2013 12:03,4
5617,179,8/30/2013 13:12,8/30/2013 13:15,4
5476,182,8/30/2013 12:04,8/30/2013 12:07,4
5744,182,8/30/2013 14:00,8/30/2013 14:03,4
5543,185,8/30/2013 12:36,8/30/2013 12:39,4
5282,193,8/30/2013 10:37,8/30/2013 10:41,4
5462,194,8/30/2013 11:58,8/30/2013 12:02,4
5213,195,8/30/2013 9:47,8/30/2013 9:50,4
6191,197,8/30/2013 17:09,8/30/2013 17:13,4
5873,199,8/30/2013 15:05,8/30/2013 15:09,4
5550,211,8/30/2013 12:46,8/30/2013 12:50,4
6117,213,8/30/2013 16:31,8/30/2013 16:35,4
5219,214,8/30/2013 9:52,8/30/2013 9:55,4
6220,216,8/30/2013 17:22,8/30/2013 17:25,4
5671,220,8/30/2013 13:28,8/30/2013 13:32,4
5830,220,8/30/2013 14:38,8/30/2013 14:41,4
5797,227,8/30/2013 14:27,8/30/2013 14:31,4
6292,229,8/30/2013 18:15,8/30/2013 18:18,4
5230,232,8/30/2013 9:58,8/30/2013 10:02,4
5426,232,8/30/2013 11:48,8/30/2013 11:52,4
5460,238,8/30/2013 11:58,8/30/2013 12:02,4
5746,238,8/30/2013 14:03,8/30/2013 14:07,4
5473,241,8/30/2013 12:04,8/30/2013 12:08,4
5705,241,8/30/2013 13:46,8/30/2013 13:50,4
5133,246,8/30/2013 7:27,8/30/2013 7:31,4
5196,246,8/30/2013 9:05,8/30/2013 9:09,4
5555,249,8/30/2013 12:47,8/30/2013 12:51,4
6405,251,8/30/2013 19:49,8/30/2013 19:54,4
5372,252,8/30/2013 11:04,8/30/2013 11:08,4
6234,254,8/30/2013 17:24,8/30/2013 17:28,4
5496,255,8/30/2013 12:14,8/30/2013 12:18,4
5652,256,8/30/2013 13:21,8/30/2013 13:25,4
5651,258,8/30/2013 13:20,8/30/2013 13:24,4
5229,259,8/30/2013 9:58,8/30/2013 10:02,4
5255,265,8/30/2013 10:23,8/30/2013 10:27,4
5209,266,8/30/2013 9:36,8/30/2013 9:40,4
5745,266,8/30/2013 14:03,8/30/2013 14:08,4
5257,268,8/30/2013 10:27,8/30/2013 10:32,4
6283,271,8/30/2013 18:08,8/30/2013 18:12,4
5958,273,8/30/2013 15:25,8/30/2013 15:29,4
6285,274,8/30/2013 18:08,8/30/2013 18:13,4
6446,280,8/30/2013 21:40,8/30/2013 21:45,4
5185,282,8/30/2013 8:49,8/30/2013 8:53,4
6304,282,8/30/2013 18:20,8/30/2013 18:24,4
6448,283,8/30/2013 21:41,8/30/2013 21:46,4
6132,284,8/30/2013 16:37,8/30/2013 16:42,4
5612,288,8/30/2013 13:10,8/30/2013 13:15,4
6326,289,8/30/2013 18:38,8/30/2013 18:43,4
5247,290,8/30/2013 10:15,8/30/2013 10:20,4
6218,292,8/30/2013 17:21,8/30/2013 17:26,4
6273,292,8/30/2013 18:04,8/30/2013 18:09,4
5742,293,8/30/2013 13:59,8/30/2013 14:04,4
6416,296,8/30/2013 20:19,8/30/2013 20:24,4
5675,297,8/30/2013 13:30,8/30/2013 13:35,4
5605,303,8/30/2013 13:08,8/30/2013 13:13,4
5399,304,8/30/2013 11:32,8/30/2013 11:37,4
6406,304,8/30/2013 19:51,8/30/2013 19:56,4
6352,306,8/30/2013 18:58,8/30/2013 19:03,4
6264,307,8/30/2013 17:53,8/30/2013 17:58,4
6305,307,8/30/2013 18:20,8/30/2013 18:25,4
5265,311,8/30/2013 10:32,8/30/2013 10:37,4
6073,311,8/30/2013 16:19,8/30/2013 16:24,4
5248,315,8/30/2013 10:15,8/30/2013 10:20,4
5730,316,8/30/2013 13:56,8/30/2013 14:01,4
5194,317,8/30/2013 9:04,8/30/2013 9:09,4
5207,317,8/30/2013 9:29,8/30/2013 9:35,4
6167,317,8/30/2013 16:47,8/30/2013 16:52,4
6327,317,8/30/2013 18:41,8/30/2013 18:47,4
6335,317,8/30/2013 18:43,8/30/2013 18:49,4
5266,318,8/30/2013 10:34,8/30/2013 10:39,4
5763,322,8/30/2013 14:13,8/30/2013 14:19,4
5518,325,8/30/2013 12:19,8/30/2013 12:25,4
6479,325,8/30/2013 23:51,8/30/2013 23:56,4
5290,327,8/30/2013 10:38,8/30/2013 10:44,4
6118,327,8/30/2013 16:32,8/30/2013 16:37,4
6272,328,8/30/2013 18:00,8/30/2013 18:06,4
6419,330,8/30/2013 20:36,8/30/2013 20:41,4
5499,331,8/30/2013 12:14,8/30/2013 12:19,4
5191,332,8/30/2013 8:59,8/30/2013 9:04,4
5994,333,8/30/2013 15:40,8/30/2013 15:45,4
6445,333,8/30/2013 21:37,8/30/2013 21:42,4
5212,334,8/30/2013 9:43,8/30/2013 9:49,4
6172,334,8/30/2013 16:53,8/30/2013 16:59,4
5491,335,8/30/2013 12:12,8/30/2013 12:18,4
6359,337,8/30/2013 19:05,8/30/2013 19:11,4
5454,341,8/30/2013 11:57,8/30/2013 12:03,4
5501,341,8/30/2013 12:14,8/30/2013 12:19,4
5776,343,8/30/2013 14:17,8/30/2013 14:23,4
5276,344,8/30/2013 10:35,8/30/2013 10:41,4
5516,347,8/30/2013 12:18,8/30/2013 12:24,4
6176,347,8/30/2013 16:57,8/30/2013 17:03,4
6296,348,8/30/2013 18:16,8/30/2013 18:22,4
6038,350,8/30/2013 16:08,8/30/2013 16:14,4
5168,352,8/30/2013 8:27,8/30/2013 8:33,4
5931,352,8/30/2013 15:19,8/30/2013 15:24,4
5694,355,8/30/2013 13:36,8/30/2013 13:42,4
5492,356,8/30/2013 12:09,8/30/2013 12:15,4
6477,356,8/30/2013 23:51,8/30/2013 23:56,4
6284,359,8/30/2013 18:08,8/30/2013 18:14,4
5798,362,8/30/2013 14:28,8/30/2013 14:34,4
5425,364,8/30/2013 11:48,8/30/2013 11:54,4
5288,368,8/30/2013 10:38,8/30/2013 10:44,4
6476,370,8/30/2013 23:50,8/30/2013 23:56,4
5117,371,8/30/2013 5:16,8/30/2013 5:23,4
5618,372,8/30/2013 13:12,8/30/2013 13:19,4
5600,375,8/30/2013 13:07,8/30/2013 13:13,4
5720,375,8/30/2013 13:54,8/30/2013 14:00,4
5868,375,8/30/2013 15:02,8/30/2013 15:08,4
5879,375,8/30/2013 15:09,8/30/2013 15:15,4
6438,377,8/30/2013 21:16,8/30/2013 21:22,4
5909,378,8/30/2013 15:14,8/30/2013 15:20,4
5834,381,8/30/2013 14:43,8/30/2013 14:49,4
6212,385,8/30/2013 17:18,8/30/2013 17:24,4
6307,387,8/30/2013 18:21,8/30/2013 18:27,4
6072,389,8/30/2013 16:17,8/30/2013 16:24,4
5604,390,8/30/2013 13:08,8/30/2013 13:15,4
5940,390,8/30/2013 15:21,8/30/2013 15:27,4
6358,391,8/30/2013 19:04,8/30/2013 19:11,4
6398,392,8/30/2013 19:36,8/30/2013 19:42,4
6125,393,8/30/2013 16:35,8/30/2013 16:42,4
5127,394,8/30/2013 7:07,8/30/2013 7:14,4
5549,395,8/30/2013 12:43,8/30/2013 12:50,4
6397,395,8/30/2013 19:36,8/30/2013 19:42,4
6442,396,8/30/2013 21:24,8/30/2013 21:31,4
5935,398,8/30/2013 15:19,8/30/2013 15:26,4
5419,399,8/30/2013 11:40,8/30/2013 11:47,4
5154,401,8/30/2013 8:16,8/30/2013 8:23,4
5869,401,8/30/2013 15:02,8/30/2013 15:09,4
5925,401,8/30/2013 15:17,8/30/2013 15:24,4
5681,403,8/30/2013 13:32,8/30/2013 13:39,4
5374,405,8/30/2013 11:07,8/30/2013 11:14,4
5877,405,8/30/2013 15:09,8/30/2013 15:16,4
6216,406,8/30/2013 17:21,8/30/2013 17:28,4
5440,408,8/30/2013 11:53,8/30/2013 11:59,4
5939,411,8/30/2013 15:20,8/30/2013 15:27,4
5418,412,8/30/2013 11:40,8/30/2013 11:47,4
6453,414,8/30/2013 22:13,8/30/2013 22:20,4
6174,415,8/30/2013 16:53,8/30/2013 17:00,4
6314,415,8/30/2013 18:26,8/30/2013 18:33,4
5301,416,8/30/2013 10:41,8/30/2013 10:48,4
6011,418,8/30/2013 15:53,8/30/2013 16:00,4
6313,419,8/30/2013 18:26,8/30/2013 18:33,4
5924,420,8/30/2013 15:17,8/30/2013 15:24,4
5525,422,8/30/2013 12:21,8/30/2013 12:28,4
6010,425,8/30/2013 15:53,8/30/2013 16:00,4
5118,430,8/30/2013 6:28,8/30/2013 6:35,4
5466,434,8/30/2013 12:00,8/30/2013 12:08,4
5169,437,8/30/2013 8:28,8/30/2013 8:35,4
6322,438,8/30/2013 18:36,8/30/2013 18:43,4
6386,438,8/30/2013 19:24,8/30/2013 19:31,4
6378,440,8/30/2013 19:20,8/30/2013 19:27,4
6455,441,8/30/2013 22:31,8/30/2013 22:39,4
5130,442,8/30/2013 7:16,8/30/2013 7:24,4
5488,444,8/30/2013 12:10,8/30/2013 12:18,4
5592,444,8/30/2013 13:03,8/30/2013 13:11,4
5171,445,8/30/2013 8:29,8/30/2013 8:36,4
5794,446,8/30/2013 14:22,8/30/2013 14:30,4
6277,446,8/30/2013 18:06,8/30/2013 18:13,4
6456,447,8/30/2013 22:35,8/30/2013 22:43,4
5590,449,8/30/2013 13:00,8/30/2013 13:07,4
5522,450,8/30/2013 12:20,8/30/2013 12:27,4
5487,452,8/30/2013 12:10,8/30/2013 12:18,4
5138,453,8/30/2013 7:44,8/30/2013 7:51,4
5206,455,8/30/2013 9:21,8/30/2013 9:29,4
5388,457,8/30/2013 11:21,8/30/2013 11:28,4
5850,457,8/30/2013 14:56,8/30/2013 15:03,4
5396,459,8/30/2013 11:30,8/30/2013 11:38,4
5542,461,8/30/2013 12:35,8/30/2013 12:43,4
6348,461,8/30/2013 18:53,8/30/2013 19:00,4
5180,462,8/30/2013 8:41,8/30/2013 8:49,4
5503,463,8/30/2013 12:16,8/30/2013 12:23,4
6371,466,8/30/2013 19:18,8/30/2013 19:25,4
5792,467,8/30/2013 14:20,8/30/2013 14:28,4
5848,468,8/30/2013 14:55,8/30/2013 15:03,4
5420,471,8/30/2013 11:40,8/30/2013 11:48,4
5412,478,8/30/2013 11:36,8/30/2013 11:44,4
5547,479,8/30/2013 12:42,8/30/2013 12:50,4
5741,480,8/30/2013 13:58,8/30/2013 14:06,4
5764,481,8/30/2013 14:14,8/30/2013 14:22,4
5774,481,8/30/2013 14:16,8/30/2013 14:24,4
6338,485,8/30/2013 18:46,8/30/2013 18:54,4
6447,485,8/30/2013 21:41,8/30/2013 21:49,4
5789,486,8/30/2013 14:20,8/30/2013 14:28,4
5842,486,8/30/2013 14:48,8/30/2013 14:56,4
6345,486,8/30/2013 18:50,8/30/2013 18:58,4
6299,487,8/30/2013 18:17,8/30/2013 18:25,4
5377,489,8/30/2013 11:12,8/30/2013 11:20,4
5376,490,8/30/2013 11:12,8/30/2013 11:20,4
5190,492,8/30/2013 8:57,8/30/2013 9:05,4
5210,493,8/30/2013 9:36,8/30/2013 9:44,4
5442,494,8/30/2013 11:53,8/30/2013 12:01,4
5591,494,8/30/2013 13:01,8/30/2013 13:10,4
5122,495,8/30/2013 6:41,8/30/2013 6:50,4
5136,495,8/30/2013 7:38,8/30/2013 7:46,4
5240,497,8/30/2013 10:02,8/30/2013 10:10,4
5199,498,8/30/2013 9:10,8/30/2013 9:19,4
5933,498,8/30/2013 15:19,8/30/2013 15:27,4
6179,498,8/30/2013 16:59,8/30/2013 17:08,4
6245,498,8/30/2013 17:30,8/30/2013 17:38,4
5749,499,8/30/2013 14:11,8/30/2013 14:19,4
6403,499,8/30/2013 19:48,8/30/2013 19:56,4
6004,506,8/30/2013 15:47,8/30/2013 15:55,4
6008,508,8/30/2013 15:49,8/30/2013 15:58,4
5217,509,8/30/2013 9:49,8/30/2013 9:58,4
6402,509,8/30/2013 19:48,8/30/2013 19:56,4
5125,511,8/30/2013 6:59,8/30/2013 7:08,4
6207,511,8/30/2013 17:13,8/30/2013 17:22,4
6330,511,8/30/2013 18:42,8/30/2013 18:51,4
6337,511,8/30/2013 18:46,8/30/2013 18:54,4
5712,512,8/30/2013 13:53,8/30/2013 14:01,4
6306,514,8/30/2013 18:20,8/30/2013 18:29,4
5134,515,8/30/2013 7:32,8/30/2013 7:41,4
5528,519,8/30/2013 12:24,8/30/2013 12:33,4
5628,522,8/30/2013 13:14,8/30/2013 13:22,4
5261,527,8/30/2013 10:28,8/30/2013 10:37,4
5920,527,8/30/2013 15:16,8/30/2013 15:25,4
5536,528,8/30/2013 12:29,8/30/2013 12:38,4
5595,528,8/30/2013 13:05,8/30/2013 13:14,4
6454,528,8/30/2013 22:20,8/30/2013 22:29,4
5936,531,8/30/2013 15:19,8/30/2013 15:28,4
6317,532,8/30/2013 18:30,8/30/2013 18:39,4
5822,534,8/30/2013 14:34,8/30/2013 14:42,4
6303,534,8/30/2013 18:18,8/30/2013 18:27,4
6430,534,8/30/2013 21:08,8/30/2013 21:17,4
5162,536,8/30/2013 8:24,8/30/2013 8:33,4
5369,539,8/30/2013 11:01,8/30/2013 11:10,4
6401,539,8/30/2013 19:47,8/30/2013 19:56,4
6421,539,8/30/2013 20:38,8/30/2013 20:47,4
5140,540,8/30/2013 7:52,8/30/2013 8:01,4
5328,540,8/30/2013 10:47,8/30/2013 10:56,4
5200,544,8/30/2013 9:13,8/30/2013 9:22,4
6256,545,8/30/2013 17:43,8/30/2013 17:52,4
5534,547,8/30/2013 12:29,8/30/2013 12:38,4
6046,549,8/30/2013 16:10,8/30/2013 16:19,4
6428,551,8/30/2013 21:05,8/30/2013 21:14,4
6127,555,8/30/2013 16:36,8/30/2013 16:45,4
6251,555,8/30/2013 17:39,8/30/2013 17:48,4
5707,556,8/30/2013 13:48,8/30/2013 13:58,4
6342,556,8/30/2013 18:49,8/30/2013 18:58,4
5812,557,8/30/2013 14:31,8/30/2013 14:40,4
6211,557,8/30/2013 17:16,8/30/2013 17:25,4
5262,561,8/30/2013 10:29,8/30/2013 10:38,4
5560,563,8/30/2013 12:47,8/30/2013 12:57,4
5804,566,8/30/2013 14:30,8/30/2013 14:39,4
5611,568,8/30/2013 13:10,8/30/2013 13:20,4
5538,570,8/30/2013 12:30,8/30/2013 12:40,4
5587,571,8/30/2013 12:58,8/30/2013 13:07,4
5722,572,8/30/2013 13:54,8/30/2013 14:04,4
5295,573,8/30/2013 10:40,8/30/2013 10:49,4
5352,573,8/30/2013 10:56,8/30/2013 11:05,4
5858,573,8/30/2013 14:59,8/30/2013 15:09,4
5505,575,8/30/2013 12:16,8/30/2013 12:26,4
6431,575,8/30/2013 21:08,8/30/2013 21:18,4
5141,576,8/30/2013 7:59,8/30/2013 8:09,4
5650,577,8/30/2013 13:19,8/30/2013 13:29,4
6034,578,8/30/2013 16:06,8/30/2013 16:16,4
6437,578,8/30/2013 21:15,8/30/2013 21:24,4
5803,584,8/30/2013 14:30,8/30/2013 14:39,4
6182,584,8/30/2013 17:03,8/30/2013 17:13,4
5484,585,8/30/2013 12:08,8/30/2013 12:18,4
6270,585,8/30/2013 17:57,8/30/2013 18:07,4
5258,586,8/30/2013 10:27,8/30/2013 10:37,4
5849,588,8/30/2013 14:55,8/30/2013 15:05,4
5189,589,8/30/2013 8:56,8/30/2013 9:06,4
6300,591,8/30/2013 18:18,8/30/2013 18:28,4
5548,593,8/30/2013 12:43,8/30/2013 12:53,4
5807,594,8/30/2013 14:30,8/30/2013 14:40,4
5647,595,8/30/2013 13:19,8/30/2013 13:29,4
5583,597,8/30/2013 12:53,8/30/2013 13:03,4
6351,597,8/30/2013 18:54,8/30/2013 19:04,4
6392,604,8/30/2013 19:31,8/30/2013 19:42,4
5646,606,8/30/2013 13:19,8/30/2013 13:29,4
6210,608,8/30/2013 17:15,8/30/2013 17:26,4
5806,609,8/30/2013 14:30,8/30/2013 14:40,4
6381,611,8/30/2013 19:22,8/30/2013 19:32,4
6415,611,8/30/2013 20:18,8/30/2013 20:28,4
6153,614,8/30/2013 16:41,8/30/2013 16:51,4
5344,619,8/30/2013 10:55,8/30/2013 11:05,4
5670,620,8/30/2013 13:28,8/30/2013 13:38,4
6123,621,8/30/2013 16:35,8/30/2013 16:45,4
6441,621,8/30/2013 21:19,8/30/2013 21:30,4
5527,622,8/30/2013 12:24,8/30/2013 12:34,4
5119,624,8/30/2013 6:33,8/30/2013 6:43,4
6400,624,8/30/2013 19:43,8/30/2013 19:54,4
5513,626,8/30/2013 12:18,8/30/2013 12:29,4
5832,627,8/30/2013 14:42,8/30/2013 14:52,4
6382,627,8/30/2013 19:22,8/30/2013 19:33,4
6380,631,8/30/2013 19:20,8/30/2013 19:31,4
6407,631,8/30/2013 19:51,8/30/2013 20:01,4
6460,632,8/30/2013 22:53,8/30/2013 23:03,4
5193,634,8/30/2013 9:02,8/30/2013 9:12,4
5178,638,8/30/2013 8:39,8/30/2013 8:50,4
5254,639,8/30/2013 10:25,8/30/2013 10:36,4
5471,639,8/30/2013 12:02,8/30/2013 12:13,4
5504,641,8/30/2013 12:16,8/30/2013 12:27,4
6060,647,8/30/2013 16:13,8/30/2013 16:24,4
5470,648,8/30/2013 12:02,8/30/2013 12:12,4
6346,648,8/30/2013 18:51,8/30/2013 19:02,4
5181,651,8/30/2013 8:42,8/30/2013 8:53,4
6310,655,8/30/2013 18:22,8/30/2013 18:33,4
5870,658,8/30/2013 15:04,8/30/2013 15:15,4
5142,659,8/30/2013 8:00,8/30/2013 8:11,4
6058,665,8/30/2013 16:13,8/30/2013 16:24,4
6097,670,8/30/2013 16:24,8/30/2013 16:35,4
5216,671,8/30/2013 9:49,8/30/2013 10:00,4
5350,672,8/30/2013 10:56,8/30/2013 11:07,4
5754,672,8/30/2013 14:12,8/30/2013 14:23,4
5831,672,8/30/2013 14:41,8/30/2013 14:52,4
5116,673,8/30/2013 5:11,8/30/2013 5:22,4
6181,674,8/30/2013 17:03,8/30/2013 17:14,4
6275,674,8/30/2013 18:05,8/30/2013 18:16,4
6187,676,8/30/2013 17:05,8/30/2013 17:16,4
6274,676,8/30/2013 18:04,8/30/2013 18:16,4
5143,678,8/30/2013 8:02,8/30/2013 8:13,4
5422,683,8/30/2013 11:41,8/30/2013 11:53,4
6080,683,8/30/2013 16:21,8/30/2013 16:32,4
5990,686,8/30/2013 15:37,8/30/2013 15:49,4
6343,689,8/30/2013 18:49,8/30/2013 19:00,4
6184,696,8/30/2013 17:04,8/30/2013 17:16,4
6177,697,8/30/2013 16:58,8/30/2013 17:10,4
6361,700,8/30/2013 19:07,8/30/2013 19:19,4
5173,701,8/30/2013 8:32,8/30/2013 8:44,4
5321,701,8/30/2013 10:46,8/30/2013 10:57,4
6175,702,8/30/2013 16:57,8/30/2013 17:08,4
5144,703,8/30/2013 8:02,8/30/2013 8:14,4
6168,704,8/30/2013 16:51,8/30/2013 17:03,4
5847,705,8/30/2013 14:55,8/30/2013 15:07,4
5486,710,8/30/2013 12:10,8/30/2013 12:21,4
5743,711,8/30/2013 13:59,8/30/2013 14:11,4
5787,711,8/30/2013 14:19,8/30/2013 14:31,4
6434,713,8/30/2013 21:12,8/30/2013 21:24,4
5972,716,8/30/2013 15:26,8/30/2013 15:38,4
5139,721,8/30/2013 7:49,8/30/2013 8:01,4
5368,722,8/30/2013 11:01,8/30/2013 11:13,4
5588,722,8/30/2013 12:58,8/30/2013 13:10,4
5846,722,8/30/2013 14:55,8/30/2013 15:07,4
5904,723,8/30/2013 15:13,8/30/2013 15:25,4
5489,724,8/30/2013 12:11,8/30/2013 12:23,4
6126,724,8/30/2013 16:36,8/30/2013 16:48,4
6461,724,8/30/2013 22:58,8/30/2013 23:10,4
5256,726,8/30/2013 10:27,8/30/2013 10:40,4
5214,727,8/30/2013 9:48,8/30/2013 10:00,4
6452,727,8/30/2013 22:10,8/30/2013 22:22,4
6244,731,8/30/2013 17:30,8/30/2013 17:42,4
6029,736,8/30/2013 16:05,8/30/2013 16:17,4
6215,736,8/30/2013 17:21,8/30/2013 17:33,4
6294,736,8/30/2013 18:16,8/30/2013 18:28,4
5263,740,8/30/2013 10:30,8/30/2013 10:42,4
6158,741,8/30/2013 16:44,8/30/2013 16:57,4
5814,745,8/30/2013 14:31,8/30/2013 14:44,4
5709,746,8/30/2013 13:50,8/30/2013 14:02,4
5187,749,8/30/2013 8:52,8/30/2013 9:04,4
6231,750,8/30/2013 17:23,8/30/2013 17:35,4
6463,750,8/30/2013 23:05,8/30/2013 23:18,4
6259,751,8/30/2013 17:48,8/30/2013 18:01,4
6122,755,8/30/2013 16:34,8/30/2013 16:47,4
6344,757,8/30/2013 18:50,8/30/2013 19:02,4
6357,757,8/30/2013 19:01,8/30/2013 19:14,4
5703,758,8/30/2013 13:45,8/30/2013 13:57,4
6363,763,8/30/2013 19:09,8/30/2013 19:22,4
6364,763,8/30/2013 19:09,8/30/2013 19:22,4
6395,763,8/30/2013 19:33,8/30/2013 19:45,4
5479,764,8/30/2013 12:05,8/30/2013 12:18,4
5221,768,8/30/2013 9:54,8/30/2013 10:07,4
6365,769,8/30/2013 19:11,8/30/2013 19:24,4
5186,770,8/30/2013 8:51,8/30/2013 9:04,4
5156,776,8/30/2013 8:18,8/30/2013 8:30,4
5183,776,8/30/2013 8:44,8/30/2013 8:57,4
6267,777,8/30/2013 17:55,8/30/2013 18:08,4
6394,778,8/30/2013 19:32,8/30/2013 19:45,4
6295,781,8/30/2013 18:16,8/30/2013 18:29,4
5124,783,8/30/2013 6:56,8/30/2013 7:09,4
6243,786,8/30/2013 17:29,8/30/2013 17:42,4
6423,787,8/30/2013 20:49,8/30/2013 21:02,4
5477,794,8/30/2013 12:05,8/30/2013 12:18,4
6242,796,8/30/2013 17:25,8/30/2013 17:39,4
6424,798,8/30/2013 20:50,8/30/2013 21:03,4
5170,805,8/30/2013 8:28,8/30/2013 8:42,4
5220,807,8/30/2013 9:54,8/30/2013 10:07,4
6432,808,8/30/2013 21:10,8/30/2013 21:23,4
6200,811,8/30/2013 17:11,8/30/2013 17:25,4
5821,815,8/30/2013 14:33,8/30/2013 14:47,4
6037,816,8/30/2013 16:08,8/30/2013 16:21,4
6044,818,8/30/2013 16:10,8/30/2013 16:24,4
6377,821,8/30/2013 19:20,8/30/2013 19:33,4
5526,822,8/30/2013 12:23,8/30/2013 12:36,4
5177,824,8/30/2013 8:38,8/30/2013 8:52,4
6420,826,8/30/2013 20:37,8/30/2013 20:51,4
5126,828,8/30/2013 7:00,8/30/2013 7:14,4
5871,830,8/30/2013 15:04,8/30/2013 15:18,4
6254,831,8/30/2013 17:40,8/30/2013 17:53,4
6268,837,8/30/2013 17:55,8/30/2013 18:09,4
5179,842,8/30/2013 8:40,8/30/2013 8:54,4
6433,845,8/30/2013 21:10,8/30/2013 21:24,4
5952,846,8/30/2013 15:24,8/30/2013 15:38,4
5452,847,8/30/2013 11:57,8/30/2013 12:11,4
5137,848,8/30/2013 7:42,8/30/2013 7:57,4
6436,857,8/30/2013 21:12,8/30/2013 21:27,4
6120,859,8/30/2013 16:32,8/30/2013 16:47,4
5530,860,8/30/2013 12:25,8/30/2013 12:40,4
6135,864,8/30/2013 16:39,8/30/2013 16:54,4
6417,869,8/30/2013 20:23,8/30/2013 20:38,4
5829,871,8/30/2013 14:36,8/30/2013 14:51,4
6435,872,8/30/2013 21:12,8/30/2013 21:27,4
6201,876,8/30/2013 17:11,8/30/2013 17:25,4
5153,879,8/30/2013 8:14,8/30/2013 8:29,4
6255,880,8/30/2013 17:42,8/30/2013 17:57,4
6261,882,8/30/2013 17:49,8/30/2013 18:03,4
5164,884,8/30/2013 8:24,8/30/2013 8:39,4
6185,885,8/30/2013 17:04,8/30/2013 17:18,4
6119,890,8/30/2013 16:32,8/30/2013 16:47,4
5495,892,8/30/2013 12:14,8/30/2013 12:29,4
6472,892,8/30/2013 23:40,8/30/2013 23:55,4
5135,893,8/30/2013 7:35,8/30/2013 7:50,4
6006,893,8/30/2013 15:48,8/30/2013 16:03,4
6145,895,8/30/2013 16:40,8/30/2013 16:55,4
6391,895,8/30/2013 19:31,8/30/2013 19:46,4
6108,897,8/30/2013 16:28,8/30/2013 16:43,4
6379,898,8/30/2013 19:20,8/30/2013 19:35,4
6188,902,8/30/2013 17:05,8/30/2013 17:20,4
5490,907,8/30/2013 12:12,8/30/2013 12:27,4
6005,908,8/30/2013 15:48,8/30/2013 16:03,4
6458,911,8/30/2013 22:37,8/30/2013 22:52,4
5313,916,8/30/2013 10:43,8/30/2013 10:59,4
6208,916,8/30/2013 17:13,8/30/2013 17:28,4
6252,916,8/30/2013 17:39,8/30/2013 17:55,4
6007,928,8/30/2013 15:49,8/30/2013 16:05,4
6329,928,8/30/2013 18:42,8/30/2013 18:57,4
5201,939,8/30/2013 9:14,8/30/2013 9:29,4
6370,941,8/30/2013 19:17,8/30/2013 19:33,4
5696,944,8/30/2013 13:38,8/30/2013 13:53,4
6478,944,8/30/2013 23:51,8/31/2013 0:07,4
6291,945,8/30/2013 18:13,8/30/2013 18:29,4
5841,949,8/30/2013 14:46,8/30/2013 15:02,4
6064,951,8/30/2013 16:14,8/30/2013 16:29,4
6189,952,8/30/2013 17:06,8/30/2013 17:22,4
6302,954,8/30/2013 18:18,8/30/2013 18:34,4
6290,961,8/30/2013 18:12,8/30/2013 18:28,4
5602,965,8/30/2013 13:08,8/30/2013 13:24,4
6240,972,8/30/2013 17:25,8/30/2013 17:41,4
6418,972,8/30/2013 20:34,8/30/2013 20:50,4
5198,973,8/30/2013 9:08,8/30/2013 9:24,4
5544,981,8/30/2013 12:37,8/30/2013 12:53,4
6451,985,8/30/2013 22:03,8/30/2013 22:19,4
5353,991,8/30/2013 10:56,8/30/2013 11:13,4
6355,995,8/30/2013 19:00,8/30/2013 19:16,4
6198,998,8/30/2013 17:11,8/30/2013 17:28,4
6339,1010,8/30/2013 18:47,8/30/2013 19:04,4
5700,1014,8/30/2013 13:41,8/30/2013 13:58,4
5252,1016,8/30/2013 10:20,8/30/2013 10:37,4
6246,1018,8/30/2013 17:36,8/30/2013 17:53,4
6372,1018,8/30/2013 19:18,8/30/2013 19:35,4
5790,1021,8/30/2013 14:20,8/30/2013 14:37,4
6258,1021,8/30/2013 17:48,8/30/2013 18:05,4
6450,1021,8/30/2013 22:02,8/30/2013 22:19,4
5121,1022,8/30/2013 6:38,8/30/2013 6:55,4
5481,1023,8/30/2013 12:06,8/30/2013 12:23,4
6090,1026,8/30/2013 16:22,8/30/2013 16:39,4
6247,1029,8/30/2013 17:36,8/30/2013 17:53,4
6373,1032,8/30/2013 19:18,8/30/2013 19:35,4
5839,1036,8/30/2013 14:44,8/30/2013 15:01,4
6429,1040,8/30/2013 21:06,8/30/2013 21:24,4
5478,1044,8/30/2013 12:05,8/30/2013 12:22,4
5546,1045,8/30/2013 12:42,8/30/2013 12:59,4
5132,1047,8/30/2013 7:19,8/30/2013 7:37,4
5251,1049,8/30/2013 10:20,8/30/2013 10:37,4
5779,1049,8/30/2013 14:18,8/30/2013 14:35,4
5371,1052,8/30/2013 11:03,8/30/2013 11:21,4
6315,1061,8/30/2013 18:28,8/30/2013 18:45,4
6050,1062,8/30/2013 16:11,8/30/2013 16:29,4
6199,1066,8/30/2013 17:11,8/30/2013 17:29,4
5778,1069,8/30/2013 14:17,8/30/2013 14:35,4
5370,1074,8/30/2013 11:03,8/30/2013 11:21,4
5993,1077,8/30/2013 15:39,8/30/2013 15:56,4
6024,1082,8/30/2013 15:59,8/30/2013 16:17,4
6349,1087,8/30/2013 18:52,8/30/2013 19:11,4
5991,1094,8/30/2013 15:38,8/30/2013 15:57,4
6025,1096,8/30/2013 15:59,8/30/2013 16:17,4
6241,1098,8/30/2013 17:25,8/30/2013 17:43,4
5584,1107,8/30/2013 12:54,8/30/2013 13:12,4
5569,1108,8/30/2013 12:48,8/30/2013 13:07,4
6287,1111,8/30/2013 18:09,8/30/2013 18:28,4
5485,1114,8/30/2013 12:09,8/30/2013 12:28,4
5910,1116,8/30/2013 15:14,8/30/2013 15:32,4
5461,1117,8/30/2013 11:59,8/30/2013 12:17,4
5155,1120,8/30/2013 8:16,8/30/2013 8:35,4
6321,1120,8/30/2013 18:34,8/30/2013 18:53,4
5148,1124,8/30/2013 8:06,8/30/2013 8:25,4
5589,1125,8/30/2013 12:59,8/30/2013 13:17,4
6469,1126,8/30/2013 23:30,8/30/2013 23:49,4
5773,1133,8/30/2013 14:15,8/30/2013 14:34,4
5886,1138,8/30/2013 15:10,8/30/2013 15:29,4
5769,1152,8/30/2013 14:15,8/30/2013 14:34,4
6369,1155,8/30/2013 19:17,8/30/2013 19:36,4
5545,1156,8/30/2013 12:38,8/30/2013 12:57,4
6236,1163,8/30/2013 17:24,8/30/2013 17:43,4
6217,1165,8/30/2013 17:21,8/30/2013 17:41,4
6468,1165,8/30/2013 23:30,8/30/2013 23:49,4
5208,1168,8/30/2013 9:32,8/30/2013 9:52,4
6301,1169,8/30/2013 18:18,8/30/2013 18:37,4
6325,1172,8/30/2013 18:37,8/30/2013 18:57,4
5567,1173,8/30/2013 12:48,8/30/2013 13:07,4
6324,1187,8/30/2013 18:37,8/30/2013 18:57,4
5381,1190,8/30/2013 11:17,8/30/2013 11:37,4
5524,1192,8/30/2013 12:22,8/30/2013 12:41,4
5840,1195,8/30/2013 14:44,8/30/2013 15:04,4
5837,1196,8/30/2013 14:43,8/30/2013 15:03,4
5378,1201,8/30/2013 11:14,8/30/2013 11:34,4
5836,1202,8/30/2013 14:43,8/30/2013 15:03,4
5838,1207,8/30/2013 14:44,8/30/2013 15:04,4
5163,1209,8/30/2013 8:24,8/30/2013 8:44,4
6328,1209,8/30/2013 18:42,8/30/2013 19:02,4
5585,1213,8/30/2013 12:55,8/30/2013 13:15,4
5498,1214,8/30/2013 12:14,8/30/2013 12:34,4
5835,1214,8/30/2013 14:43,8/30/2013 15:03,4
5202,1216,8/30/2013 9:18,8/30/2013 9:39,4
5581,1223,8/30/2013 12:52,8/30/2013 13:13,4
6331,1231,8/30/2013 18:42,8/30/2013 19:03,4
5497,1235,8/30/2013 12:14,8/30/2013 12:34,4
5149,1238,8/30/2013 8:08,8/30/2013 8:28,4
6427,1239,8/30/2013 21:03,8/30/2013 21:24,4
5988,1241,8/30/2013 15:35,8/30/2013 15:55,4
5736,1247,8/30/2013 13:57,8/30/2013 14:18,4
6467,1249,8/30/2013 23:28,8/30/2013 23:49,4
5197,1257,8/30/2013 9:06,8/30/2013 9:27,4
6281,1276,8/30/2013 18:07,8/30/2013 18:28,4
6368,1278,8/30/2013 19:14,8/30/2013 19:36,4
6465,1283,8/30/2013 23:27,8/30/2013 23:49,4
6280,1285,8/30/2013 18:07,8/30/2013 18:28,4
5987,1298,8/30/2013 15:34,8/30/2013 15:56,4
5874,1301,8/30/2013 15:07,8/30/2013 15:29,4
6426,1307,8/30/2013 20:54,8/30/2013 21:16,4
6367,1308,8/30/2013 19:14,8/30/2013 19:36,4
5416,1317,8/30/2013 11:38,8/30/2013 12:00,4
6263,1321,8/30/2013 17:52,8/30/2013 18:14,4
6376,1323,8/30/2013 19:18,8/30/2013 19:40,4
6375,1324,8/30/2013 19:18,8/30/2013 19:40,4
6249,1328,8/30/2013 17:38,8/30/2013 18:00,4
6374,1333,8/30/2013 19:18,8/30/2013 19:40,4
5645,1344,8/30/2013 13:19,8/30/2013 13:41,4
5708,1349,8/30/2013 13:49,8/30/2013 14:12,4
6334,1352,8/30/2013 18:43,8/30/2013 19:06,4
5391,1356,8/30/2013 11:21,8/30/2013 11:44,4
5808,1359,8/30/2013 14:30,8/30/2013 14:53,4
5701,1361,8/30/2013 13:42,8/30/2013 14:05,4
6262,1365,8/30/2013 17:52,8/30/2013 18:14,4
5845,1373,8/30/2013 14:52,8/30/2013 15:15,4
6308,1405,8/30/2013 18:21,8/30/2013 18:45,4
6336,1406,8/30/2013 18:45,8/30/2013 19:09,4
6289,1415,8/30/2013 18:11,8/30/2013 18:34,4
6425,1415,8/30/2013 20:52,8/30/2013 21:16,4
5607,1430,8/30/2013 13:10,8/30/2013 13:34,4
5608,1433,8/30/2013 13:10,8/30/2013 13:34,4
5174,1435,8/30/2013 8:34,8/30/2013 8:58,4
5606,1436,8/30/2013 13:10,8/30/2013 13:34,4
5150,1443,8/30/2013 8:08,8/30/2013 8:32,4
5482,1450,8/30/2013 12:06,8/30/2013 12:31,4
5243,1452,8/30/2013 10:05,8/30/2013 10:30,4
5721,1452,8/30/2013 13:54,8/30/2013 14:19,4
6156,1462,8/30/2013 16:44,8/30/2013 17:08,4
6440,1462,8/30/2013 21:20,8/30/2013 21:44,4
6154,1473,8/30/2013 16:44,8/30/2013 17:08,4
6288,1487,8/30/2013 18:10,8/30/2013 18:35,4
6113,1526,8/30/2013 16:28,8/30/2013 16:54,4
6366,1528,8/30/2013 19:13,8/30/2013 19:39,4
5579,1543,8/30/2013 12:51,8/30/2013 13:16,4
6318,1562,8/30/2013 18:32,8/30/2013 18:58,4
5242,1585,8/30/2013 10:05,8/30/2013 10:31,4
6121,1588,8/30/2013 16:34,8/30/2013 17:01,4
6130,1595,8/30/2013 16:37,8/30/2013 17:03,4
5474,1596,8/30/2013 12:04,8/30/2013 12:31,4
6459,1604,8/30/2013 22:40,8/30/2013 23:07,4
5843,1613,8/30/2013 14:52,8/30/2013 15:18,4
6129,1619,8/30/2013 16:36,8/30/2013 17:03,4
5983,1628,8/30/2013 15:31,8/30/2013 15:58,4
5989,1628,8/30/2013 15:37,8/30/2013 16:04,4
5984,1632,8/30/2013 15:31,8/30/2013 15:59,4
5246,1633,8/30/2013 10:14,8/30/2013 10:41,4
5514,1641,8/30/2013 12:18,8/30/2013 12:45,4
5571,1647,8/30/2013 12:49,8/30/2013 13:16,4
6070,1659,8/30/2013 16:16,8/30/2013 16:44,4
5245,1671,8/30/2013 10:14,8/30/2013 10:42,4
5515,1683,8/30/2013 12:18,8/30/2013 12:46,4
6069,1689,8/30/2013 16:16,8/30/2013 16:44,4
6214,1721,8/30/2013 17:20,8/30/2013 17:49,4
5494,1738,8/30/2013 12:13,8/30/2013 12:42,4
6404,1744,8/30/2013 19:49,8/30/2013 20:18,4
5500,1751,8/30/2013 12:14,8/30/2013 12:44,4
5192,1752,8/30/2013 9:01,8/30/2013 9:31,4
6213,1753,8/30/2013 17:20,8/30/2013 17:49,4
5793,1780,8/30/2013 14:20,8/30/2013 14:50,4
5469,1798,8/30/2013 12:01,8/30/2013 12:31,4
5561,1806,8/30/2013 12:47,8/30/2013 13:17,4
6035,1812,8/30/2013 16:06,8/30/2013 16:37,4
5833,1824,8/30/2013 14:42,8/30/2013 15:12,4
5995,1825,8/30/2013 15:41,8/30/2013 16:11,4
5653,1827,8/30/2013 13:21,8/30/2013 13:52,4
6116,1845,8/30/2013 16:31,8/30/2013 17:02,4
6075,1870,8/30/2013 16:20,8/30/2013 16:51,4
5306,1881,8/30/2013 10:42,8/30/2013 11:14,4
5244,1978,8/30/2013 10:07,8/30/2013 10:40,4
5648,1978,8/30/2013 13:19,8/30/2013 13:52,4
5457,2030,8/30/2013 11:57,8/30/2013 12:31,4
5748,2048,8/30/2013 14:07,8/30/2013 14:41,4
5109,2137,8/30/2013 0:19,8/30/2013 0:54,4
6350,2207,8/30/2013 18:53,8/30/2013 19:30,4
5111,2224,8/30/2013 1:15,8/30/2013 1:52,4
5123,2481,8/30/2013 6:44,8/30/2013 7:25,4
6298,2496,8/30/2013 18:17,8/30/2013 18:58,4
6297,2527,8/30/2013 18:16,8/30/2013 18:59,4
5938,2650,8/30/2013 15:20,8/30/2013 16:04,4
6341,2688,8/30/2013 18:49,8/30/2013 19:34,4
5205,2727,8/30/2013 9:20,8/30/2013 10:06,4
6340,2746,8/30/2013 18:48,8/30/2013 19:34,4
5204,2751,8/30/2013 9:20,8/30/2013 10:06,4
5908,2862,8/30/2013 15:13,8/30/2013 16:01,4
6323,2868,8/30/2013 18:36,8/30/2013 19:24,4
5582,2911,8/30/2013 12:53,8/30/2013 13:41,4
6319,2929,8/30/2013 18:33,8/30/2013 19:22,4
6480,3278,8/30/2013 23:57,8/31/2013 0:52,4
5913,3314,8/30/2013 15:14,8/30/2013 16:10,4
5912,3328,8/30/2013 15:14,8/30/2013 16:10,4
5523,3494,8/30/2013 12:21,8/30/2013 13:20,4
6141,3504,8/30/2013 16:40,8/30/2013 17:39,4
6271,3644,8/30/2013 17:57,8/30/2013 18:58,4
5698,3684,8/30/2013 13:39,8/30/2013 14:40,4
6161,4375,8/30/2013 16:45,8/30/2013 17:58,4
6293,4436,8/30/2013 18:15,8/30/2013 19:29,4
6360,4446,8/30/2013 19:05,8/30/2013 20:19,4
6411,4446,8/30/2013 20:03,8/30/2013 21:17,4
6410,4451,8/30/2013 20:03,8/30/2013 21:17,4
6093,4528,8/30/2013 16:23,8/30/2013 17:38,4
5165,4542,8/30/2013 8:25,8/30/2013 9:41,4
5375,4856,8/30/2013 11:07,8/30/2013 12:28,4
5373,4908,8/30/2013 11:07,8/30/2013 12:28,4
6414,5218,8/30/2013 20:15,8/30/2013 21:42,4
6413,5334,8/30/2013 20:13,8/30/2013 21:42,4
5260,5536,8/30/2013 10:28,8/30/2013 12:00,4
5259,5574,8/30/2013 10:27,8/30/2013 12:00,4
5379,5719,8/30/2013 11:15,8/30/2013 12:51,4
6312,5900,8/30/2013 18:25,8/30/2013 20:03,4
6311,5929,8/30/2013 18:25,8/30/2013 20:04,4
5706,6553,8/30/2013 13:47,8/30/2013 15:36,4
6396,6731,8/30/2013 19:34,8/30/2013 21:26,4
5731,6748,8/30/2013 13:56,8/30/2013 15:49,4
5727,6797,8/30/2013 13:55,8/30/2013 15:48,4
6390,7003,8/30/2013 19:30,8/30/2013 21:27,4
6389,7044,8/30/2013 19:30,8/30/2013 21:27,4
6387,7268,8/30/2013 19:26,8/30/2013 21:28,4
6383,7453,8/30/2013 19:23,8/30/2013 21:27,4
6388,7454,8/30/2013 19:27,8/30/2013 21:31,4
5614,7570,8/30/2013 13:11,8/30/2013 15:17,4
5609,7603,8/30/2013 13:10,8/30/2013 15:17,4
5203,7713,8/30/2013 9:19,8/30/2013 11:27,4
6180,7833,8/30/2013 17:00,8/30/2013 19:11,4
6227,7890,8/30/2013 17:23,8/30/2013 19:34,4
6085,7931,8/30/2013 16:21,8/30/2013 18:34,4
5472,8134,8/30/2013 12:03,8/30/2013 14:19,4
6082,8181,8/30/2013 16:21,8/30/2013 18:37,4
5464,8315,8/30/2013 12:00,8/30/2013 14:18,4
5992,8522,8/30/2013 15:38,8/30/2013 18:00,4
6333,9268,8/30/2013 18:43,8/30/2013 21:17,4
5131,10040,8/30/2013 7:19,8/30/2013 10:06,4
5539,10805,8/30/2013 12:32,8/30/2013 15:32,4
6032,10963,8/30/2013 16:05,8/30/2013 19:08,4
6409,12408,8/30/2013 19:54,8/30/2013 23:21,4
6408,12459,8/30/2013 19:53,8/30/2013 23:21,4
5697,12562,8/30/2013 13:38,8/30/2013 17:08,4
5683,12875,8/30/2013 13:33,8/30/2013 17:07,4
5218,13809,8/30/2013 9:50,8/30/2013 13:40,4
5716,14545,8/30/2013 13:53,8/30/2013 17:56,4
5717,14568,8/30/2013 13:54,8/30/2013 17:57,4
5241,15160,8/30/2013 10:02,8/30/2013 14:15,4
5537,16570,8/30/2013 12:29,8/30/2013 17:05,4
5253,16713,8/30/2013 10:24,8/30/2013 15:03,4
5531,16744,8/30/2013 12:26,8/30/2013 17:05,4
6131,16933,8/30/2013 16:37,8/30/2013 21:19,4
6098,17593,8/30/2013 16:25,8/30/2013 21:18,4
6091,17774,8/30/2013 16:23,8/30/2013 21:19,4
5115,18198,8/30/2013 3:00,8/30/2013 8:03,4
5114,18206,8/30/2013 2:59,8/30/2013 8:03,4
5250,18219,8/30/2013 10:17,8/30/2013 15:20,4
5249,18241,8/30/2013 10:16,8/30/2013 15:20,4
5508,20920,8/30/2013 12:17,8/30/2013 18:06,4
5506,20931,8/30/2013 12:17,8/30/2013 18:06,4
5167,23182,8/30/2013 8:26,8/30/2013 14:53,4
5166,23212,8/30/2013 8:26,8/30/2013 14:53,4
5640,23319,8/30/2013 13:17,8/30/2013 19:46,4
5638,23360,8/30/2013 13:17,8/30/2013 19:46,4
6003,23694,8/30/2013 15:45,8/30/2013 22:20,4
5380,25335,8/30/2013 11:15,8/30/2013 18:18,4
5222,27103,8/30/2013 9:55,8/30/2013 17:27,4
5120,33088,8/30/2013 6:37,8/30/2013 15:49,4
5113,34449,8/30/2013 2:16,8/30/2013 11:50,4
5182,36255,8/30/2013 8:42,8/30/2013 18:47,4
6412,70731,8/30/2013 20:04,8/31/2013 15:43,4
6178,70982,8/30/2013 16:59,8/31/2013 12:42,4
6462,77919,8/30/2013 22:59,8/31/2013 20:38,4
5493,83224,8/30/2013 12:13,8/31/2013 11:20,4
6282,241334,8/30/2013 18:07,9/2/2013 13:10,4
7416,62,8/31/2013 20:52,8/31/2013 20:53,5
7250,68,8/31/2013 16:53,8/31/2013 16:54,5
7403,69,8/31/2013 19:58,8/31/2013 19:59,5
7226,79,8/31/2013 16:39,8/31/2013 16:40,5
7375,101,8/31/2013 18:47,8/31/2013 18:48,5
7441,103,8/31/2013 23:46,8/31/2013 23:48,5
7415,104,8/31/2013 20:48,8/31/2013 20:50,5
7317,111,8/31/2013 17:42,8/31/2013 17:43,5
6717,120,8/31/2013 11:53,8/31/2013 11:55,5
7343,126,8/31/2013 18:11,8/31/2013 18:13,5
6662,127,8/31/2013 11:25,8/31/2013 11:27,5
6832,128,8/31/2013 13:03,8/31/2013 13:05,5
7362,159,8/31/2013 18:31,8/31/2013 18:33,5
6768,173,8/31/2013 12:20,8/31/2013 12:23,5
7277,177,8/31/2013 17:10,8/31/2013 17:13,5
6776,186,8/31/2013 12:24,8/31/2013 12:27,5
7282,188,8/31/2013 17:12,8/31/2013 17:15,5
6945,199,8/31/2013 13:54,8/31/2013 13:57,5
6993,208,8/31/2013 14:17,8/31/2013 14:20,5
6488,209,8/31/2013 1:01,8/31/2013 1:04,5
6489,210,8/31/2013 1:01,8/31/2013 1:04,5
6668,218,8/31/2013 11:28,8/31/2013 11:32,5
6749,218,8/31/2013 12:06,8/31/2013 12:10,5
7273,219,8/31/2013 17:06,8/31/2013 17:10,5
6483,221,8/31/2013 0:23,8/31/2013 0:27,5
7299,221,8/31/2013 17:27,8/31/2013 17:31,5
7171,228,8/31/2013 16:03,8/31/2013 16:06,5
7001,246,8/31/2013 14:19,8/31/2013 14:23,5
6493,250,8/31/2013 2:09,8/31/2013 2:13,5
7047,259,8/31/2013 14:46,8/31/2013 14:51,5
7426,260,8/31/2013 21:24,8/31/2013 21:29,5
7372,262,8/31/2013 18:42,8/31/2013 18:47,5
6972,264,8/31/2013 14:07,8/31/2013 14:11,5
6628,273,8/31/2013 11:08,8/31/2013 11:12,5
6543,276,8/31/2013 9:44,8/31/2013 9:48,5
6509,278,8/31/2013 8:25,8/31/2013 8:30,5
7330,279,8/31/2013 18:02,8/31/2013 18:07,5
6758,281,8/31/2013 12:13,8/31/2013 12:18,5
7206,281,8/31/2013 16:24,8/31/2013 16:29,5
7238,281,8/31/2013 16:48,8/31/2013 16:53,5
6608,283,8/31/2013 10:47,8/31/2013 10:52,5
6844,294,8/31/2013 13:09,8/31/2013 13:14,5
7193,295,8/31/2013 16:17,8/31/2013 16:22,5
6696,296,8/31/2013 11:42,8/31/2013 11:47,5
6618,298,8/31/2013 10:57,8/31/2013 11:02,5
6487,300,8/31/2013 0:49,8/31/2013 0:54,5
6704,302,8/31/2013 11:48,8/31/2013 11:53,5
6502,310,8/31/2013 6:30,8/31/2013 6:35,5
6492,311,8/31/2013 2:07,8/31/2013 2:12,5
7010,311,8/31/2013 14:23,8/31/2013 14:28,5
7440,324,8/31/2013 23:37,8/31/2013 23:43,5
7340,329,8/31/2013 18:10,8/31/2013 18:15,5
6791,330,8/31/2013 12:38,8/31/2013 12:43,5
7423,330,8/31/2013 21:07,8/31/2013 21:13,5
7207,334,8/31/2013 16:25,8/31/2013 16:31,5
7093,340,8/31/2013 15:09,8/31/2013 15:15,5
6787,341,8/31/2013 12:33,8/31/2013 12:39,5
7433,341,8/31/2013 21:54,8/31/2013 22:00,5
6722,345,8/31/2013 11:54,8/31/2013 12:00,5
7113,345,8/31/2013 15:31,8/31/2013 15:36,5
7036,349,8/31/2013 14:41,8/31/2013 14:47,5
7425,350,8/31/2013 21:11,8/31/2013 21:17,5
6650,367,8/31/2013 11:20,8/31/2013 11:26,5
6505,369,8/31/2013 8:01,8/31/2013 8:07,5
7114,369,8/31/2013 15:31,8/31/2013 15:37,5
7211,370,8/31/2013 16:30,8/31/2013 16:36,5
6894,374,8/31/2013 13:28,8/31/2013 13:34,5
6770,375,8/31/2013 12:21,8/31/2013 12:27,5
7039,376,8/31/2013 14:43,8/31/2013 14:49,5
6583,378,8/31/2013 10:31,8/31/2013 10:38,5
6682,378,8/31/2013 11:32,8/31/2013 11:38,5
6614,382,8/31/2013 10:52,8/31/2013 10:59,5
7006,382,8/31/2013 14:22,8/31/2013 14:28,5
7398,382,8/31/2013 19:41,8/31/2013 19:47,5
6625,387,8/31/2013 11:05,8/31/2013 11:11,5
6880,395,8/31/2013 13:22,8/31/2013 13:28,5
6508,400,8/31/2013 8:25,8/31/2013 8:32,5
6881,407,8/31/2013 13:22,8/31/2013 13:28,5
6515,410,8/31/2013 8:52,8/31/2013 8:59,5
6918,414,8/31/2013 13:40,8/31/2013 13:47,5
6884,431,8/31/2013 13:25,8/31/2013 13:33,5
7218,432,8/31/2013 16:31,8/31/2013 16:38,5
6660,436,8/31/2013 11:24,8/31/2013 11:32,5
7083,439,8/31/2013 15:06,8/31/2013 15:13,5
7162,440,8/31/2013 15:55,8/31/2013 16:02,5
7163,443,8/31/2013 15:55,8/31/2013 16:02,5
7303,444,8/31/2013 17:29,8/31/2013 17:37,5
7244,446,8/31/2013 16:50,8/31/2013 16:58,5
7418,446,8/31/2013 20:53,8/31/2013 21:01,5
6491,453,8/31/2013 1:58,8/31/2013 2:06,5
7167,453,8/31/2013 15:58,8/31/2013 16:06,5
6511,457,8/31/2013 8:29,8/31/2013 8:37,5
7100,459,8/31/2013 15:19,8/31/2013 15:27,5
7270,459,8/31/2013 17:03,8/31/2013 17:10,5
6707,462,8/31/2013 11:49,8/31/2013 11:57,5
7184,462,8/31/2013 16:11,8/31/2013 16:19,5
7351,463,8/31/2013 18:19,8/31/2013 18:27,5
7168,466,8/31/2013 15:58,8/31/2013 16:06,5
7417,472,8/31/2013 20:53,8/31/2013 21:01,5
6700,480,8/31/2013 11:45,8/31/2013 11:53,5
6706,484,8/31/2013 11:49,8/31/2013 11:57,5
6619,488,8/31/2013 10:58,8/31/2013 11:07,5
7249,490,8/31/2013 16:53,8/31/2013 17:01,5
7230,496,8/31/2013 16:42,8/31/2013 16:50,5
7112,499,8/31/2013 15:28,8/31/2013 15:36,5
6520,501,8/31/2013 9:05,8/31/2013 9:13,5
7183,501,8/31/2013 16:11,8/31/2013 16:19,5
6637,506,8/31/2013 11:09,8/31/2013 11:17,5
7111,508,8/31/2013 15:28,8/31/2013 15:36,5
7200,509,8/31/2013 16:22,8/31/2013 16:30,5
6646,510,8/31/2013 11:15,8/31/2013 11:24,5
7247,511,8/31/2013 16:53,8/31/2013 17:01,5
7086,518,8/31/2013 15:07,8/31/2013 15:16,5
7199,518,8/31/2013 16:22,8/31/2013 16:30,5
7301,524,8/31/2013 17:28,8/31/2013 17:37,5
6512,528,8/31/2013 8:38,8/31/2013 8:47,5
6732,533,8/31/2013 11:55,8/31/2013 12:04,5
6691,535,8/31/2013 11:36,8/31/2013 11:45,5
6537,536,8/31/2013 9:28,8/31/2013 9:37,5
7327,536,8/31/2013 17:57,8/31/2013 18:05,5
6536,538,8/31/2013 9:28,8/31/2013 9:37,5
6690,538,8/31/2013 11:35,8/31/2013 11:44,5
6850,541,8/31/2013 13:10,8/31/2013 13:19,5
6919,544,8/31/2013 13:40,8/31/2013 13:49,5
7421,544,8/31/2013 21:03,8/31/2013 21:12,5
6905,548,8/31/2013 13:31,8/31/2013 13:40,5
6528,549,8/31/2013 9:14,8/31/2013 9:23,5
6607,549,8/31/2013 10:47,8/31/2013 10:56,5
7353,551,8/31/2013 18:19,8/31/2013 18:29,5
7422,552,8/31/2013 21:03,8/31/2013 21:12,5
6923,556,8/31/2013 13:42,8/31/2013 13:51,5
7072,556,8/31/2013 14:59,8/31/2013 15:08,5
7300,556,8/31/2013 17:28,8/31/2013 17:37,5
6649,559,8/31/2013 11:17,8/31/2013 11:27,5
6743,560,8/31/2013 12:01,8/31/2013 12:10,5
6926,561,8/31/2013 13:46,8/31/2013 13:55,5
7438,566,8/31/2013 22:17,8/31/2013 22:27,5
6861,568,8/31/2013 13:12,8/31/2013 13:21,5
7159,574,8/31/2013 15:53,8/31/2013 16:02,5
6684,576,8/31/2013 11:33,8/31/2013 11:42,5
7105,576,8/31/2013 15:24,8/31/2013 15:34,5
6805,577,8/31/2013 12:43,8/31/2013 12:53,5
6860,577,8/31/2013 13:12,8/31/2013 13:21,5
7166,585,8/31/2013 15:56,8/31/2013 16:06,5
7408,587,8/31/2013 20:03,8/31/2013 20:13,5
6580,590,8/31/2013 10:31,8/31/2013 10:41,5
7333,595,8/31/2013 18:05,8/31/2013 18:15,5
6740,601,8/31/2013 12:00,8/31/2013 12:10,5
6695,606,8/31/2013 11:40,8/31/2013 11:50,5
6823,608,8/31/2013 12:58,8/31/2013 13:08,5
7034,615,8/31/2013 14:40,8/31/2013 14:50,5
7321,616,8/31/2013 17:51,8/31/2013 18:01,5
7322,617,8/31/2013 17:51,8/31/2013 18:01,5
7192,619,8/31/2013 16:15,8/31/2013 16:25,5
6803,621,8/31/2013 12:43,8/31/2013 12:53,5
7245,626,8/31/2013 16:51,8/31/2013 17:02,5
7023,631,8/31/2013 14:34,8/31/2013 14:44,5
7189,635,8/31/2013 16:14,8/31/2013 16:24,5
7287,636,8/31/2013 17:16,8/31/2013 17:26,5
7410,637,8/31/2013 20:09,8/31/2013 20:19,5
6703,641,8/31/2013 11:46,8/31/2013 11:57,5
7188,641,8/31/2013 16:14,8/31/2013 16:24,5
7409,644,8/31/2013 20:09,8/31/2013 20:19,5
6774,647,8/31/2013 12:23,8/31/2013 12:33,5
7022,647,8/31/2013 14:33,8/31/2013 14:44,5
7108,647,8/31/2013 15:26,8/31/2013 15:37,5
6561,648,8/31/2013 10:04,8/31/2013 10:15,5
6630,649,8/31/2013 11:08,8/31/2013 11:19,5
7107,653,8/31/2013 15:26,8/31/2013 15:37,5
7190,653,8/31/2013 16:14,8/31/2013 16:25,5
7429,659,8/31/2013 21:48,8/31/2013 21:59,5
7032,660,8/31/2013 14:39,8/31/2013 14:50,5
6629,663,8/31/2013 11:08,8/31/2013 11:19,5
6795,663,8/31/2013 12:38,8/31/2013 12:49,5
7342,663,8/31/2013 18:11,8/31/2013 18:22,5
6557,665,8/31/2013 10:03,8/31/2013 10:14,5
7407,665,8/31/2013 20:02,8/31/2013 20:13,5
7336,669,8/31/2013 18:05,8/31/2013 18:16,5
6556,670,8/31/2013 10:03,8/31/2013 10:14,5
7019,671,8/31/2013 14:30,8/31/2013 14:42,5
7031,673,8/31/2013 14:39,8/31/2013 14:50,5
7428,673,8/31/2013 21:48,8/31/2013 21:59,5
6713,674,8/31/2013 11:52,8/31/2013 12:03,5
6781,675,8/31/2013 12:29,8/31/2013 12:40,5
6788,675,8/31/2013 12:33,8/31/2013 12:44,5
6835,679,8/31/2013 13:04,8/31/2013 13:15,5
7014,680,8/31/2013 14:27,8/31/2013 14:38,5
7344,680,8/31/2013 18:11,8/31/2013 18:23,5
6559,685,8/31/2013 10:04,8/31/2013 10:15,5
6978,689,8/31/2013 14:12,8/31/2013 14:24,5
6560,694,8/31/2013 10:04,8/31/2013 10:15,5
7173,694,8/31/2013 16:06,8/31/2013 16:18,5
7051,697,8/31/2013 14:51,8/31/2013 15:02,5
6789,699,8/31/2013 12:34,8/31/2013 12:45,5
7202,700,8/31/2013 16:23,8/31/2013 16:34,5
6546,701,8/31/2013 9:51,8/31/2013 10:03,5
7201,702,8/31/2013 16:22,8/31/2013 16:34,5
7341,702,8/31/2013 18:11,8/31/2013 18:22,5
7345,705,8/31/2013 18:12,8/31/2013 18:24,5
6667,714,8/31/2013 11:28,8/31/2013 11:40,5
6666,715,8/31/2013 11:28,8/31/2013 11:40,5
6645,716,8/31/2013 11:14,8/31/2013 11:26,5
6780,716,8/31/2013 12:28,8/31/2013 12:40,5
6639,718,8/31/2013 11:09,8/31/2013 11:21,5
6640,720,8/31/2013 11:09,8/31/2013 11:21,5
6929,720,8/31/2013 13:47,8/31/2013 13:59,5
7265,721,8/31/2013 17:00,8/31/2013 17:12,5
6680,726,8/31/2013 11:31,8/31/2013 11:43,5
6763,729,8/31/2013 12:18,8/31/2013 12:30,5
7346,733,8/31/2013 18:12,8/31/2013 18:24,5
6558,735,8/31/2013 10:03,8/31/2013 10:15,5
6579,738,8/31/2013 10:28,8/31/2013 10:41,5
6954,738,8/31/2013 14:00,8/31/2013 14:12,5
6790,740,8/31/2013 12:37,8/31/2013 12:49,5
7390,741,8/31/2013 19:18,8/31/2013 19:31,5
7337,742,8/31/2013 18:07,8/31/2013 18:20,5
7172,748,8/31/2013 16:06,8/31/2013 16:18,5
7391,751,8/31/2013 19:18,8/31/2013 19:31,5
6554,752,8/31/2013 10:01,8/31/2013 10:13,5
6676,755,8/31/2013 11:31,8/31/2013 11:43,5
7387,757,8/31/2013 19:07,8/31/2013 19:19,5
7027,758,8/31/2013 14:37,8/31/2013 14:49,5
6545,760,8/31/2013 9:51,8/31/2013 10:03,5
7186,769,8/31/2013 16:13,8/31/2013 16:26,5
6582,772,8/31/2013 10:33,8/31/2013 10:46,5
6577,776,8/31/2013 10:27,8/31/2013 10:40,5
7026,778,8/31/2013 14:36,8/31/2013 14:49,5
6553,780,8/31/2013 10:01,8/31/2013 10:14,5
6581,783,8/31/2013 10:33,8/31/2013 10:46,5
7366,793,8/31/2013 18:39,8/31/2013 18:53,5
6555,799,8/31/2013 10:02,8/31/2013 10:15,5
6899,803,8/31/2013 13:29,8/31/2013 13:42,5
7393,804,8/31/2013 19:31,8/31/2013 19:44,5
6855,805,8/31/2013 13:11,8/31/2013 13:24,5
6611,809,8/31/2013 10:52,8/31/2013 11:05,5
6620,813,8/31/2013 11:01,8/31/2013 11:15,5
7378,816,8/31/2013 18:50,8/31/2013 19:03,5
6533,820,8/31/2013 9:24,8/31/2013 9:37,5
7394,821,8/31/2013 19:31,8/31/2013 19:44,5
6568,823,8/31/2013 10:11,8/31/2013 10:24,5
6898,824,8/31/2013 13:29,8/31/2013 13:42,5
6715,830,8/31/2013 11:53,8/31/2013 12:07,5
6943,832,8/31/2013 13:51,8/31/2013 14:05,5
6578,837,8/31/2013 10:28,8/31/2013 10:42,5
7356,845,8/31/2013 18:22,8/31/2013 18:36,5
7220,846,8/31/2013 16:33,8/31/2013 16:47,5
7315,856,8/31/2013 17:41,8/31/2013 17:55,5
6686,857,8/31/2013 11:33,8/31/2013 11:47,5
6685,858,8/31/2013 11:33,8/31/2013 11:47,5
6510,860,8/31/2013 8:27,8/31/2013 8:41,5
7109,866,8/31/2013 15:26,8/31/2013 15:40,5
6616,870,8/31/2013 10:55,8/31/2013 11:09,5
6518,871,8/31/2013 8:59,8/31/2013 9:13,5
6632,871,8/31/2013 11:09,8/31/2013 11:23,5
7404,871,8/31/2013 19:59,8/31/2013 20:13,5
6764,878,8/31/2013 12:18,8/31/2013 12:32,5
7134,881,8/31/2013 15:43,8/31/2013 15:57,5
6678,882,8/31/2013 11:31,8/31/2013 11:46,5
6765,886,8/31/2013 12:19,8/31/2013 12:34,5
6925,900,8/31/2013 13:46,8/31/2013 14:01,5
7248,908,8/31/2013 16:53,8/31/2013 17:08,5
6738,910,8/31/2013 11:58,8/31/2013 12:13,5
6739,910,8/31/2013 11:58,8/31/2013 12:13,5
6532,911,8/31/2013 9:23,8/31/2013 9:38,5
6584,916,8/31/2013 10:35,8/31/2013 10:50,5
6675,916,8/31/2013 11:31,8/31/2013 11:46,5
7212,919,8/31/2013 16:30,8/31/2013 16:46,5
6517,925,8/31/2013 8:58,8/31/2013 9:13,5
6814,925,8/31/2013 12:54,8/31/2013 13:09,5
6689,927,8/31/2013 11:34,8/31/2013 11:50,5
6808,929,8/31/2013 12:47,8/31/2013 13:02,5
7439,933,8/31/2013 23:17,8/31/2013 23:32,5
7124,934,8/31/2013 15:40,8/31/2013 15:55,5
6875,936,8/31/2013 13:17,8/31/2013 13:32,5
7431,936,8/31/2013 21:53,8/31/2013 22:09,5
6837,938,8/31/2013 13:05,8/31/2013 13:20,5
6818,940,8/31/2013 12:54,8/31/2013 13:09,5
6490,944,8/31/2013 1:58,8/31/2013 2:13,5
7025,944,8/31/2013 14:35,8/31/2013 14:51,5
7365,950,8/31/2013 18:37,8/31/2013 18:52,5
7430,951,8/31/2013 21:53,8/31/2013 22:09,5
6742,960,8/31/2013 12:01,8/31/2013 12:17,5
6669,961,8/31/2013 11:28,8/31/2013 11:44,5
6843,961,8/31/2013 13:08,8/31/2013 13:24,5
6572,964,8/31/2013 10:20,8/31/2013 10:36,5
6677,965,8/31/2013 11:27,8/31/2013 11:43,5
6783,966,8/31/2013 12:30,8/31/2013 12:47,5
7024,968,8/31/2013 14:34,8/31/2013 14:51,5
7412,974,8/31/2013 20:26,8/31/2013 20:43,5
7312,975,8/31/2013 17:38,8/31/2013 17:54,5
6609,976,8/31/2013 10:50,8/31/2013 11:06,5
6571,979,8/31/2013 10:20,8/31/2013 10:36,5
7013,979,8/31/2013 14:25,8/31/2013 14:41,5
6523,981,8/31/2013 9:06,8/31/2013 9:22,5
7050,982,8/31/2013 14:49,8/31/2013 15:05,5
6873,983,8/31/2013 13:16,8/31/2013 13:33,5
7367,986,8/31/2013 18:40,8/31/2013 18:56,5
7264,988,8/31/2013 16:59,8/31/2013 17:16,5
7392,989,8/31/2013 19:26,8/31/2013 19:43,5
7123,996,8/31/2013 15:39,8/31/2013 15:56,5
6755,998,8/31/2013 12:12,8/31/2013 12:29,5
6535,1000,8/31/2013 9:25,8/31/2013 9:42,5
6569,1003,8/31/2013 10:11,8/31/2013 10:28,5
7357,1006,8/31/2013 18:22,8/31/2013 18:39,5
6485,1009,8/31/2013 0:39,8/31/2013 0:56,5
7004,1011,8/31/2013 14:20,8/31/2013 14:37,5
7150,1013,8/31/2013 15:48,8/31/2013 16:04,5
6503,1017,8/31/2013 7:47,8/31/2013 8:04,5
7011,1017,8/31/2013 14:24,8/31/2013 14:41,5
7130,1017,8/31/2013 15:42,8/31/2013 15:59,5
7319,1024,8/31/2013 17:47,8/31/2013 18:04,5
6574,1025,8/31/2013 10:23,8/31/2013 10:40,5
6834,1029,8/31/2013 13:03,8/31/2013 13:21,5
7383,1038,8/31/2013 18:59,8/31/2013 19:16,5
7017,1039,8/31/2013 14:27,8/31/2013 14:45,5
6522,1041,8/31/2013 9:05,8/31/2013 9:22,5
6573,1043,8/31/2013 10:22,8/31/2013 10:40,5
6857,1045,8/31/2013 13:11,8/31/2013 13:29,5
6915,1048,8/31/2013 13:36,8/31/2013 13:53,5
6534,1049,8/31/2013 9:25,8/31/2013 9:42,5
7089,1053,8/31/2013 15:07,8/31/2013 15:25,5
7018,1054,8/31/2013 14:27,8/31/2013 14:45,5
6944,1055,8/31/2013 13:53,8/31/2013 14:10,5
6643,1060,8/31/2013 11:13,8/31/2013 11:30,5
7326,1064,8/31/2013 17:55,8/31/2013 18:13,5
7060,1066,8/31/2013 14:53,8/31/2013 15:11,5
6760,1068,8/31/2013 12:16,8/31/2013 12:34,5
7318,1070,8/31/2013 17:46,8/31/2013 18:03,5
7436,1071,8/31/2013 22:05,8/31/2013 22:22,5
7002,1072,8/31/2013 14:19,8/31/2013 14:37,5
7325,1075,8/31/2013 17:55,8/31/2013 18:13,5
7359,1076,8/31/2013 18:27,8/31/2013 18:45,5
6567,1080,8/31/2013 10:11,8/31/2013 10:29,5
6519,1084,8/31/2013 9:04,8/31/2013 9:23,5
6977,1087,8/31/2013 14:12,8/31/2013 14:30,5
6705,1088,8/31/2013 11:49,8/31/2013 12:07,5
7059,1095,8/31/2013 14:53,8/31/2013 15:11,5
7314,1096,8/31/2013 17:41,8/31/2013 17:59,5
7228,1098,8/31/2013 16:40,8/31/2013 16:58,5
6759,1103,8/31/2013 12:15,8/31/2013 12:34,5
7095,1103,8/31/2013 15:11,8/31/2013 15:30,5
6785,1105,8/31/2013 12:32,8/31/2013 12:50,5
7369,1106,8/31/2013 18:41,8/31/2013 19:00,5
7048,1109,8/31/2013 14:47,8/31/2013 15:05,5
7435,1109,8/31/2013 22:01,8/31/2013 22:20,5
6767,1110,8/31/2013 12:20,8/31/2013 12:39,5
7227,1111,8/31/2013 16:40,8/31/2013 16:58,5
7323,1116,8/31/2013 17:54,8/31/2013 18:13,5
7038,1118,8/31/2013 14:42,8/31/2013 15:01,5
6524,1121,8/31/2013 9:07,8/31/2013 9:25,5
6644,1123,8/31/2013 11:13,8/31/2013 11:32,5
6766,1125,8/31/2013 12:20,8/31/2013 12:39,5
7361,1129,8/31/2013 18:29,8/31/2013 18:48,5
7049,1131,8/31/2013 14:49,8/31/2013 15:08,5
6514,1134,8/31/2013 8:48,8/31/2013 9:07,5
6879,1135,8/31/2013 13:21,8/31/2013 13:40,5
6845,1139,8/31/2013 13:09,8/31/2013 13:28,5
7320,1146,8/31/2013 17:50,8/31/2013 18:09,5
7368,1156,8/31/2013 18:40,8/31/2013 19:00,5
7360,1158,8/31/2013 18:29,8/31/2013 18:48,5
6683,1165,8/31/2013 11:32,8/31/2013 11:51,5
7414,1167,8/31/2013 20:35,8/31/2013 20:54,5
6693,1170,8/31/2013 11:39,8/31/2013 11:58,5
7389,1177,8/31/2013 19:15,8/31/2013 19:34,5
6694,1182,8/31/2013 11:39,8/31/2013 11:58,5
6757,1186,8/31/2013 12:13,8/31/2013 12:33,5
6642,1190,8/31/2013 11:12,8/31/2013 11:32,5
7382,1203,8/31/2013 18:54,8/31/2013 19:14,5
7213,1205,8/31/2013 16:31,8/31/2013 16:51,5
7210,1211,8/31/2013 16:29,8/31/2013 16:49,5
7411,1211,8/31/2013 20:16,8/31/2013 20:36,5
7381,1215,8/31/2013 18:53,8/31/2013 19:14,5
6974,1222,8/31/2013 14:10,8/31/2013 14:30,5
7214,1222,8/31/2013 16:31,8/31/2013 16:51,5
6507,1236,8/31/2013 8:04,8/31/2013 8:24,5
7388,1237,8/31/2013 19:13,8/31/2013 19:34,5
6852,1238,8/31/2013 13:10,8/31/2013 13:31,5
6782,1245,8/31/2013 12:29,8/31/2013 12:50,5
6648,1246,8/31/2013 11:15,8/31/2013 11:36,5
7334,1249,8/31/2013 18:05,8/31/2013 18:26,5
6777,1256,8/31/2013 12:26,8/31/2013 12:47,5
7316,1258,8/31/2013 17:41,8/31/2013 18:02,5
7420,1261,8/31/2013 21:00,8/31/2013 21:21,5
6802,1263,8/31/2013 12:43,8/31/2013 13:04,5
6647,1264,8/31/2013 11:15,8/31/2013 11:36,5
7233,1266,8/31/2013 16:44,8/31/2013 17:05,5
7386,1270,8/31/2013 19:04,8/31/2013 19:26,5
7419,1270,8/31/2013 20:59,8/31/2013 21:21,5
6848,1271,8/31/2013 13:10,8/31/2013 13:31,5
6506,1273,8/31/2013 8:03,8/31/2013 8:25,5
7283,1281,8/31/2013 17:12,8/31/2013 17:34,5
6886,1285,8/31/2013 13:26,8/31/2013 13:47,5
7358,1287,8/31/2013 18:25,8/31/2013 18:46,5
6754,1288,8/31/2013 12:11,8/31/2013 12:32,5
6753,1292,8/31/2013 12:11,8/31/2013 12:32,5
6811,1298,8/31/2013 12:52,8/31/2013 13:14,5
7161,1300,8/31/2013 15:54,8/31/2013 16:16,5
6976,1302,8/31/2013 14:11,8/31/2013 14:33,5
7332,1310,8/31/2013 18:04,8/31/2013 18:26,5
6807,1314,8/31/2013 12:44,8/31/2013 13:06,5
6885,1318,8/31/2013 13:25,8/31/2013 13:47,5
6718,1320,8/31/2013 11:53,8/31/2013 12:15,5
7432,1324,8/31/2013 21:54,8/31/2013 22:16,5
6973,1325,8/31/2013 14:08,8/31/2013 14:30,5
6688,1327,8/31/2013 11:34,8/31/2013 11:56,5
6804,1329,8/31/2013 12:43,8/31/2013 13:05,5
7216,1335,8/31/2013 16:31,8/31/2013 16:53,5
7215,1337,8/31/2013 16:31,8/31/2013 16:53,5
7217,1341,8/31/2013 16:31,8/31/2013 16:54,5
7169,1362,8/31/2013 16:01,8/31/2013 16:24,5
6687,1364,8/31/2013 11:34,8/31/2013 11:56,5
6699,1365,8/31/2013 11:43,8/31/2013 12:05,5
7139,1366,8/31/2013 15:45,8/31/2013 16:07,5
7331,1378,8/31/2013 18:03,8/31/2013 18:25,5
7338,1380,8/31/2013 18:07,8/31/2013 18:30,5
7140,1386,8/31/2013 15:45,8/31/2013 16:08,5
7181,1388,8/31/2013 16:09,8/31/2013 16:32,5
6697,1390,8/31/2013 11:42,8/31/2013 12:05,5
7335,1392,8/31/2013 18:06,8/31/2013 18:29,5
7384,1398,8/31/2013 19:02,8/31/2013 19:26,5
6800,1405,8/31/2013 12:43,8/31/2013 13:06,5
6799,1413,8/31/2013 12:43,8/31/2013 13:06,5
7304,1420,8/31/2013 17:30,8/31/2013 17:53,5
7377,1429,8/31/2013 18:49,8/31/2013 19:13,5
6786,1432,8/31/2013 12:32,8/31/2013 12:56,5
7102,1441,8/31/2013 15:22,8/31/2013 15:46,5
7164,1441,8/31/2013 15:55,8/31/2013 16:19,5
7175,1447,8/31/2013 16:07,8/31/2013 16:31,5
6913,1453,8/31/2013 13:36,8/31/2013 14:00,5
7329,1454,8/31/2013 18:01,8/31/2013 18:26,5
6916,1455,8/31/2013 13:36,8/31/2013 14:00,5
7101,1462,8/31/2013 15:22,8/31/2013 15:46,5
6784,1482,8/31/2013 12:31,8/31/2013 12:56,5
7099,1485,8/31/2013 15:19,8/31/2013 15:44,5
6856,1487,8/31/2013 13:11,8/31/2013 13:36,5
6761,1491,8/31/2013 12:17,8/31/2013 12:42,5
6841,1494,8/31/2013 13:07,8/31/2013 13:31,5
6854,1501,8/31/2013 13:11,8/31/2013 13:36,5
6969,1501,8/31/2013 14:06,8/31/2013 14:31,5
6959,1503,8/31/2013 14:02,8/31/2013 14:27,5
6840,1513,8/31/2013 13:06,8/31/2013 13:31,5
6967,1521,8/31/2013 14:05,8/31/2013 14:31,5
6714,1528,8/31/2013 11:52,8/31/2013 12:18,5
7302,1530,8/31/2013 17:28,8/31/2013 17:53,5
6576,1552,8/31/2013 10:26,8/31/2013 10:52,5
6961,1563,8/31/2013 14:04,8/31/2013 14:30,5
7104,1565,8/31/2013 15:24,8/31/2013 15:50,5
7311,1567,8/31/2013 17:37,8/31/2013 18:03,5
7242,1569,8/31/2013 16:50,8/31/2013 17:16,5
7241,1570,8/31/2013 16:50,8/31/2013 17:16,5
6575,1577,8/31/2013 10:26,8/31/2013 10:52,5
6964,1581,8/31/2013 14:04,8/31/2013 14:30,5
6551,1585,8/31/2013 9:58,8/31/2013 10:24,5
6882,1598,8/31/2013 13:22,8/31/2013 13:49,5
7204,1600,8/31/2013 16:23,8/31/2013 16:50,5
6550,1610,8/31/2013 9:58,8/31/2013 10:24,5
7309,1622,8/31/2013 17:36,8/31/2013 18:03,5
7141,1625,8/31/2013 15:45,8/31/2013 16:12,5
7203,1635,8/31/2013 16:23,8/31/2013 16:50,5
6987,1636,8/31/2013 14:16,8/31/2013 14:43,5
6674,1649,8/31/2013 11:31,8/31/2013 11:58,5
7286,1653,8/31/2013 17:15,8/31/2013 17:43,5
7185,1655,8/31/2013 16:11,8/31/2013 16:39,5
7364,1655,8/31/2013 18:35,8/31/2013 19:02,5
7374,1655,8/31/2013 18:46,8/31/2013 19:14,5
7292,1663,8/31/2013 17:22,8/31/2013 17:50,5
7272,1688,8/31/2013 16:59,8/31/2013 17:27,5
7284,1689,8/31/2013 17:15,8/31/2013 17:43,5
6797,1715,8/31/2013 12:42,8/31/2013 13:11,5
6957,1717,8/31/2013 14:01,8/31/2013 14:29,5
6702,1721,8/31/2013 11:44,8/31/2013 12:13,5
7252,1724,8/31/2013 16:56,8/31/2013 17:25,5
6779,1749,8/31/2013 12:27,8/31/2013 12:56,5
6794,1750,8/31/2013 12:38,8/31/2013 13:07,5
6955,1767,8/31/2013 14:00,8/31/2013 14:29,5
7251,1796,8/31/2013 16:56,8/31/2013 17:26,5
7219,1819,8/31/2013 16:31,8/31/2013 17:02,5
6516,1829,8/31/2013 8:56,8/31/2013 9:27,5
7427,1830,8/31/2013 21:36,8/31/2013 22:06,5
7355,1833,8/31/2013 18:22,8/31/2013 18:52,5
7197,1834,8/31/2013 16:19,8/31/2013 16:49,5
7196,1839,8/31/2013 16:19,8/31/2013 16:50,5
7354,1841,8/31/2013 18:22,8/31/2013 18:52,5
7363,1853,8/31/2013 18:31,8/31/2013 19:02,5
6793,1854,8/31/2013 12:38,8/31/2013 13:09,5
6892,1911,8/31/2013 13:27,8/31/2013 13:59,5
6874,1915,8/31/2013 13:17,8/31/2013 13:48,5
6891,1926,8/31/2013 13:27,8/31/2013 13:59,5
6624,1939,8/31/2013 11:04,8/31/2013 11:37,5
6623,1948,8/31/2013 11:04,8/31/2013 11:37,5
7253,1955,8/31/2013 16:56,8/31/2013 17:28,5
6872,1964,8/31/2013 13:16,8/31/2013 13:49,5
7033,2031,8/31/2013 14:39,8/31/2013 15:13,5
7195,2049,8/31/2013 16:19,8/31/2013 16:53,5
7030,2062,8/31/2013 14:39,8/31/2013 15:13,5
7313,2076,8/31/2013 17:39,8/31/2013 18:14,5
7194,2082,8/31/2013 16:18,8/31/2013 16:53,5
6736,2094,8/31/2013 11:56,8/31/2013 12:31,5
6909,2152,8/31/2013 13:34,8/31/2013 14:09,5
6866,2165,8/31/2013 13:13,8/31/2013 13:49,5
7063,2178,8/31/2013 14:54,8/31/2013 15:30,5
6942,2223,8/31/2013 13:51,8/31/2013 14:28,5
7061,2226,8/31/2013 14:54,8/31/2013 15:31,5
6862,2261,8/31/2013 13:12,8/31/2013 13:50,5
6960,2336,8/31/2013 14:03,8/31/2013 14:42,5
6937,2400,8/31/2013 13:50,8/31/2013 14:30,5
6922,2415,8/31/2013 13:40,8/31/2013 14:20,5
7096,2491,8/31/2013 15:14,8/31/2013 15:55,5
7037,2500,8/31/2013 14:41,8/31/2013 15:23,5
6730,2503,8/31/2013 11:55,8/31/2013 12:37,5
6725,2536,8/31/2013 11:54,8/31/2013 12:37,5
6549,2646,8/31/2013 9:54,8/31/2013 10:38,5
6878,2695,8/31/2013 13:21,8/31/2013 14:06,5
6939,2725,8/31/2013 13:50,8/31/2013 14:35,5
7035,2731,8/31/2013 14:40,8/31/2013 15:26,5
6932,2859,8/31/2013 13:48,8/31/2013 14:36,5
7289,2862,8/31/2013 17:17,8/31/2013 18:05,5
6930,2887,8/31/2013 13:47,8/31/2013 14:35,5
7028,2888,8/31/2013 14:37,8/31/2013 15:25,5
7288,2897,8/31/2013 17:17,8/31/2013 18:05,5
6928,2921,8/31/2013 13:47,8/31/2013 14:36,5
7225,2925,8/31/2013 16:38,8/31/2013 17:27,5
7402,2944,8/31/2013 19:56,8/31/2013 20:45,5
6996,2950,8/31/2013 14:17,8/31/2013 15:06,5
6482,2958,8/31/2013 0:03,8/31/2013 0:52,5
6927,2961,8/31/2013 13:46,8/31/2013 14:36,5
7296,3046,8/31/2013 17:22,8/31/2013 18:13,5
7349,3099,8/31/2013 18:16,8/31/2013 19:07,5
6481,3131,8/31/2013 0:00,8/31/2013 0:52,5
7348,3144,8/31/2013 18:15,8/31/2013 19:07,5
6904,3182,8/31/2013 13:31,8/31/2013 14:24,5
6903,3221,8/31/2013 13:30,8/31/2013 14:24,5
7129,3277,8/31/2013 15:42,8/31/2013 16:37,5
7116,3280,8/31/2013 15:35,8/31/2013 16:30,5
7160,3454,8/31/2013 15:54,8/31/2013 16:52,5
7090,3478,8/31/2013 15:08,8/31/2013 16:06,5
7091,3521,8/31/2013 15:08,8/31/2013 16:06,5
