,0
"(57, 50)",2152
"(39, 70)",1649
"(63, 76)",1453
"(73, 82)",626
"(36, 34)",2889
"(41, 57)",2712
"(80, 12)",3455
"(41, 74)",657
"(45, 61)",2997
"(66, 66)",0
"(49, 58)",4056
"(3, 2)",1530
"(77, 55)",863
"(82, 66)",4897
"(57, 59)",1672
"(48, 77)",1495
"(65, 50)",3473
"(72, 67)",622
"(80, 3)",4453
"(61, 63)",1013
"(9, 9)",0
"(66, 42)",3611
"(69, 47)",2246
"(24, 21)",423
"(45, 54)",2045
"(49, 51)",301
"(13, 13)",0
"(3, 11)",1409
"(77, 48)",1811
"(82, 61)",2921
"(45, 71)",1142
"(57, 60)",3603
"(48, 68)",2329
"(72, 74)",2722
"(54, 46)",2737
"(61, 56)",1919
"(83, 23)",792
"(73, 45)",1086
"(42, 74)",697
"(45, 47)",714
"(13, 6)",579
"(70, 57)",1255
"(77, 41)",1036
"(45, 64)",1781
"(70, 72)",2217
"(57, 69)",1147
"(7, 4)",1020
"(73, 69)",4137
"(61, 49)",1585
"(66, 60)",4815
"(51, 71)",1978
"(76, 69)",1690
"(62, 48)",2434
"(49, 45)",1771
"(70, 48)",3507
"(74, 63)",1135
"(82, 47)",1964
"(70, 67)",2878
"(58, 68)",2533
"(16, 11)",1135
"(54, 56)",1850
"(58, 55)",3229
"(61, 74)",2036
"(66, 55)",3493
"(51, 76)",1767
"(77, 74)",805
"(42, 60)",1208
"(62, 59)",2717
"(10, 5)",1078
"(67, 76)",1689
"(55, 72)",2278
"(50, 63)",1483
"(71, 72)",1373
"(4, 7)",1035
"(80, 80)",0
"(46, 51)",1999
"(16, 2)",2803
"(54, 51)",941
"(58, 62)",2628
"(61, 67)",3472
"(77, 67)",2053
"(42, 39)",2005
"(10, 12)",578
"(55, 65)",3428
"(25, 22)",1024
"(50, 54)",1296
"(71, 65)",2817
"(4, 14)",621
"(46, 58)",3115
"(51, 45)",1521
"(58, 57)",1524
"(55, 41)",937
"(59, 42)",3258
"(42, 46)",707
"(67, 58)",270
"(50, 49)",1063
"(71, 62)",1321
"(75, 59)",2330
"(46, 61)",3392
"(29, 27)",3420
"(51, 50)",585
"(42, 41)",663
"(23, 25)",740
"(49, 73)",2538
"(64, 69)",937
"(63, 55)",1144
"(14, 2)",470
"(71, 55)",1619
"(75, 48)",1570
"(46, 68)",2119
"(67, 45)",2871
"(51, 59)",3321
"(62, 68)",564
"(47, 47)",0
"(55, 63)",434
"(59, 56)",2585
"(23, 22)",689
"(64, 45)",2142
"(49, 66)",3703
"(63, 60)",2831
"(11, 10)",546
"(14, 5)",1076
"(75, 41)",843
"(47, 71)",635
"(5, 4)",587
"(65, 71)",2610
"(59, 49)",3415
"(50, 75)",839
"(74, 69)",2691
"(42, 67)",3132
"(11, 3)",946
"(68, 48)",3359
"(14, 12)",2150
"(72, 51)",3143
"(75, 46)",1073
"(39, 60)",3273
"(47, 76)",529
"(68, 71)",1471
"(2, 8)",2083
"(5, 13)",1456
"(47, 61)",1606
"(30, 31)",4889
"(59, 54)",3898
"(64, 59)",3174
"(50, 66)",4225
"(74, 76)",1340
"(60, 47)",2475
"(68, 63)",346
"(72, 58)",740
"(75, 39)",1167
"(26, 26)",0
"(56, 67)",2523
"(2, 3)",1605
"(76, 62)",1100
"(47, 58)",2135
"(56, 50)",499
"(25, 83)",1348
"(64, 50)",1942
"(35, 38)",3522
"(8, 4)",1229
"(39, 50)",1821
"(48, 58)",3636
"(47, 82)",2041
"(12, 16)",734
"(69, 65)",831
"(56, 74)",409
"(56, 57)",1713
"(59, 68)",2604
"(75, 68)",1201
"(60, 61)",3450
"(8, 11)",897
"(65, 46)",3493
"(68, 45)",1756
"(54, 72)",4010
"(48, 49)",1563
"(69, 74)",2690
"(32, 31)",2992
"(60, 69)",4035
"(6, 9)",1811
"(57, 39)",626
"(65, 39)",2298
"(33, 30)",3384
"(72, 47)",1760
"(54, 67)",4571
"(12, 6)",1736
"(69, 51)",2385
"(73, 48)",1139
"(27, 28)",1038
"(59, 82)",3860
"(39, 72)",566
"(60, 51)",1961
"(63, 70)",1604
"(36, 36)",0
"(41, 55)",1392
"(48, 47)",1791
"(69, 60)",4097
"(73, 57)",2515
"(41, 64)",2562
"(66, 72)",894
"(77, 61)",1873
"(82, 72)",3160
"(57, 49)",1851
"(39, 65)",2066
"(65, 49)",3070
"(65, 51)",3216
"(36, 35)",2842
"(41, 56)",541
"(80, 13)",2827
"(9, 7)",2227
"(41, 73)",1418
"(45, 60)",1386
"(66, 67)",272
"(49, 57)",1847
"(3, 5)",523
"(77, 54)",1995
"(60, 82)",1063
"(82, 67)",3721
"(45, 77)",932
"(57, 58)",1724
"(33, 33)",0
"(72, 68)",2536
"(80, 4)",3323
"(61, 62)",746
"(9, 8)",2565
"(69, 46)",3713
"(24, 22)",1077
"(49, 50)",835
"(13, 12)",1224
"(3, 10)",1638
"(77, 47)",296
"(82, 58)",3809
"(45, 70)",3519
"(57, 67)",1753
"(7, 14)",1586
"(48, 69)",3334
"(72, 75)",2158
"(73, 67)",3312
"(54, 47)",2815
"(41, 42)",467
"(61, 55)",2021
"(83, 22)",1146
"(51, 65)",2925
"(42, 75)",737
"(45, 46)",328
"(10, 16)",1302
"(67, 65)",1929
"(13, 5)",1718
"(70, 62)",1337
"(70, 73)",4055
"(57, 68)",727
"(7, 7)",0
"(73, 68)",3132
"(58, 45)",3102
"(61, 48)",2916
"(66, 61)",3638
"(51, 70)",2031
"(76, 70)",1627
"(42, 50)",795
"(62, 49)",847
"(45, 39)",1858
"(67, 70)",2869
"(70, 49)",2176
"(74, 60)",1641
"(70, 64)",874
"(71, 82)",2157
"(57, 77)",1256
"(58, 69)",2768
"(46, 41)",695
"(16, 12)",782
"(73, 77)",1651
"(54, 57)",2551
"(22, 22)",0
"(61, 73)",3464
"(77, 73)",1622
"(42, 61)",2911
"(62, 56)",1173
"(10, 2)",1884
"(74, 39)",1731
"(55, 75)",837
"(82, 39)",2594
"(50, 60)",1444
"(71, 75)",997
"(58, 76)",1921
"(46, 48)",1251
"(51, 39)",2158
"(16, 3)",1267
"(54, 48)",2594
"(58, 63)",2797
"(61, 66)",3479
"(34, 36)",2766
"(77, 66)",2952
"(10, 13)",811
"(74, 46)",1192
"(55, 64)",1158
"(25, 21)",658
"(64, 72)",2520
"(50, 55)",1049
"(71, 64)",1779
"(46, 59)",2841
"(30, 32)",2484
"(59, 45)",2789
"(42, 47)",1376
"(62, 42)",2077
"(67, 61)",3366
"(74, 41)",962
"(50, 46)",1035
"(71, 57)",1204
"(75, 58)",2382
"(46, 66)",4146
"(67, 42)",3339
"(62, 66)",2961
"(23, 24)",748
"(62, 45)",1684
"(49, 72)",3407
"(64, 70)",874
"(65, 72)",1525
"(50, 41)",991
"(56, 70)",2412
"(14, 3)",1906
"(71, 54)",2751
"(75, 51)",985
"(21, 83)",1822
"(83, 83)",0
"(46, 69)",3977
"(68, 82)",3293
"(51, 58)",3373
"(62, 69)",1400
"(47, 46)",766
"(65, 64)",1769
"(55, 62)",701
"(59, 59)",0
"(64, 46)",2427
"(49, 65)",2707
"(8, 16)",869
"(65, 65)",0
"(11, 13)",656
"(63, 69)",1667
"(71, 47)",460
"(46, 76)",1843
"(47, 70)",2197
"(2, 14)",513
"(5, 3)",604
"(62, 76)",1672
"(47, 55)",1158
"(55, 55)",0
"(59, 48)",3925
"(50, 72)",2572
"(74, 66)",3878
"(38, 36)",646
"(11, 2)",1729
"(68, 49)",1772
"(14, 13)",1546
"(39, 63)",1272
"(68, 64)",1480
"(2, 9)",3202
"(5, 12)",1464
"(47, 60)",2642
"(30, 28)",1167
"(59, 73)",3089
"(64, 60)",3397
"(50, 67)",3132
"(74, 77)",805
"(75, 73)",1429
"(63, 45)",1465
"(68, 56)",1245
"(72, 59)",688
"(69, 71)",2084
"(56, 68)",1172
"(76, 63)",881
"(56, 51)",765
"(64, 51)",1714
"(60, 39)",3105
"(8, 5)",1095
"(63, 42)",1627
"(68, 39)",1159
"(39, 45)",1600
"(48, 59)",3584
"(69, 64)",937
"(56, 75)",229
"(76, 54)",2530
"(56, 58)",2611
"(59, 71)",1645
"(28, 32)",1440
"(75, 71)",988
"(60, 62)",2952
"(8, 12)",505
"(65, 45)",4548
"(68, 46)",2354
"(72, 41)",2795
"(54, 73)",3142
"(39, 42)",2069
"(48, 50)",724
"(12, 8)",473
"(69, 73)",4118
"(56, 82)",1350
"(76, 45)",1209
"(60, 70)",3972
"(6, 14)",1120
"(39, 82)",2672
"(33, 29)",1409
"(54, 64)",808
"(80, 16)",4411
"(48, 41)",1077
"(12, 7)",761
"(69, 50)",2642
"(73, 55)",2352
"(27, 31)",2799
"(31, 27)",2952
"(57, 47)",1100
"(39, 75)",1167
"(65, 63)",2499
"(63, 66)",2743
"(36, 37)",3299
"(41, 54)",1726
"(69, 59)",2762
"(73, 56)",1580
"(41, 71)",1426
"(66, 73)",3443
"(77, 60)",2347
"(82, 73)",608
"(57, 48)",3067
"(21, 26)",960
"(65, 48)",4401
"(48, 72)",2987
"(54, 82)",2529
"(41, 63)",1826
"(80, 14)",2919
"(9, 6)",2237
"(48, 39)",2421
"(41, 72)",2171
"(42, 70)",3433
"(45, 59)",3021
"(66, 64)",3349
"(67, 82)",3942
"(3, 4)",881
"(82, 64)",2805
"(45, 76)",1467
"(57, 57)",0
"(7, 16)",1109
"(33, 32)",2981
"(72, 69)",2771
"(80, 5)",3622
"(61, 61)",0
"(69, 45)",3717
"(73, 42)",995
"(42, 65)",4327
"(49, 49)",0
"(13, 11)",874
"(3, 13)",1750
"(77, 46)",1266
"(82, 59)",3757
"(45, 69)",3582
"(57, 66)",1916
"(7, 9)",2030
"(48, 70)",3271
"(72, 76)",1410
"(73, 66)",4430
"(41, 41)",0
"(61, 54)",1076
"(83, 25)",1348
"(51, 64)",1393
"(76, 72)",985
"(42, 72)",2571
"(45, 45)",0
"(66, 82)",4214
"(49, 42)",1657
"(13, 4)",1376
"(70, 63)",1604
"(74, 50)",190
"(77, 39)",926
"(82, 50)",896
"(57, 75)",1497
"(7, 6)",1007
"(46, 39)",2234
"(73, 75)",1498
"(54, 39)",3444
"(58, 42)",3571
"(26, 83)",1351
"(66, 58)",586
"(51, 73)",2054
"(37, 38)",3923
"(76, 71)",969
"(42, 51)",1247
"(62, 54)",1330
"(67, 73)",3171
"(70, 54)",1667
"(74, 61)",2106
"(55, 77)",918
"(82, 45)",1078
"(70, 65)",940
"(71, 77)",756
"(57, 76)",749
"(58, 66)",1106
"(46, 46)",0
"(16, 13)",1729
"(73, 76)",2186
"(54, 62)",1270
"(2, 80)",3443
"(22, 23)",712
"(61, 72)",2809
"(77, 72)",1492
"(42, 58)",3220
"(62, 57)",1105
"(10, 3)",1063
"(70, 41)",3606
"(55, 74)",906
"(50, 61)",2248
"(71, 74)",1561
"(58, 77)",2428
"(46, 49)",2206
"(16, 4)",2128
"(54, 49)",660
"(58, 60)",4918
"(61, 65)",1534
"(34, 37)",846
"(77, 65)",3359
"(10, 10)",0
"(67, 55)",3221
"(74, 47)",1102
"(55, 67)",2891
"(64, 73)",3418
"(71, 67)",1934
"(4, 8)",1199
"(46, 56)",1287
"(51, 47)",1528
"(30, 33)",3511
"(67, 60)",4543
"(64, 64)",0
"(50, 47)",1376
"(71, 56)",1226
"(75, 61)",2706
"(46, 67)",3361
"(5, 16)",2188
"(62, 67)",3190
"(63, 63)",0
"(39, 76)",419
"(64, 71)",2342
"(63, 49)",1293
"(14, 10)",1434
"(71, 49)",2073
"(75, 50)",654
"(46, 74)",1352
"(51, 61)",1509
"(62, 74)",1509
"(47, 41)",1079
"(55, 57)",1320
"(59, 58)",316
"(64, 47)",1891
"(49, 64)",1175
"(49, 41)",2090
"(38, 34)",3535
"(63, 62)",267
"(11, 12)",423
"(14, 11)",1801
"(71, 46)",1183
"(26, 22)",1231
"(46, 77)",1308
"(47, 65)",3092
"(5, 2)",1136
"(62, 77)",703
"(47, 54)",2290
"(55, 54)",1088
"(59, 51)",3341
"(50, 73)",1441
"(74, 67)",2858
"(38, 37)",3911
"(63, 39)",1844
"(11, 5)",923
"(68, 50)",2437
"(71, 39)",807
"(39, 62)",1490
"(68, 65)",2147
"(2, 6)",1391
"(5, 11)",1115
"(47, 63)",641
"(30, 29)",4926
"(56, 45)",838
"(59, 72)",694
"(64, 61)",283
"(50, 64)",2132
"(35, 35)",0
"(74, 74)",0
"(75, 72)",1733
"(60, 41)",1185
"(65, 82)",4336
"(68, 57)",534
"(72, 60)",4263
"(39, 55)",1789
"(26, 24)",668
"(68, 72)",1492
"(69, 70)",109
"(56, 69)",2475
"(76, 56)",1005
"(59, 65)",2213
"(49, 39)",2841
"(75, 65)",4122
"(8, 6)",1216
"(48, 60)",1046
"(56, 76)",1005
"(76, 55)",1398
"(56, 59)",2559
"(59, 70)",2820
"(60, 72)",3671
"(28, 33)",2553
"(67, 71)",2235
"(75, 70)",3228
"(60, 63)",2685
"(8, 13)",1257
"(63, 82)",2230
"(68, 47)",1633
"(33, 27)",2518
"(72, 42)",3060
"(48, 51)",1259
"(12, 9)",2647
"(69, 72)",2108
"(76, 46)",1099
"(3, 16)",1234
"(60, 71)",2926
"(31, 29)",911
"(21, 23)",1169
"(60, 54)",2498
"(24, 26)",668
"(33, 28)",2553
"(65, 61)",1534
"(54, 65)",2340
"(48, 42)",407
"(69, 49)",2239
"(73, 54)",2599
"(27, 30)",1869
"(6, 6)",0
"(57, 46)",1821
"(39, 74)",1731
"(63, 64)",724
"(48, 82)",380
"(36, 38)",646
"(80, 8)",3928
"(61, 42)",2582
"(69, 58)",2814
"(73, 63)",2786
"(41, 70)",3200
"(66, 70)",2866
"(77, 59)",2089
"(82, 70)",3443
"(45, 82)",703
"(57, 55)",1702
"(39, 67)",1127
"(65, 55)",3506
"(48, 73)",993
"(41, 62)",2093
"(9, 5)",2586
"(66, 46)",3033
"(65, 73)",4949
"(42, 71)",1826
"(45, 58)",3073
"(66, 65)",1926
"(49, 63)",960
"(3, 7)",519
"(82, 65)",4337
"(45, 75)",779
"(14, 80)",2930
"(57, 56)",1726
"(48, 64)",2633
"(72, 70)",2880
"(54, 42)",2260
"(41, 39)",1605
"(80, 6)",3491
"(61, 60)",3443
"(9, 14)",2865
"(66, 41)",3347
"(73, 41)",1038
"(76, 82)",2281
"(24, 24)",0
"(45, 51)",1397
"(49, 48)",1991
"(13, 10)",645
"(3, 12)",543
"(77, 45)",981
"(82, 56)",949
"(45, 68)",1247
"(28, 28)",0
"(57, 65)",1673
"(7, 8)",506
"(48, 71)",2242
"(16, 16)",0
"(72, 77)",1917
"(73, 65)",4968
"(54, 45)",2741
"(22, 26)",1254
"(83, 24)",1357
"(51, 67)",3284
"(76, 73)",1509
"(42, 73)",977
"(67, 67)",0
"(13, 3)",1742
"(70, 60)",4034
"(74, 51)",422
"(82, 51)",1431
"(28, 27)",1038
"(57, 74)",2062
"(73, 74)",1595
"(66, 59)",902
"(51, 72)",2722
"(37, 37)",0
"(76, 64)",1558
"(42, 48)",694
"(62, 55)",699
"(67, 72)",622
"(70, 55)",2612
"(39, 66)",2309
"(74, 58)",2946
"(55, 76)",1373
"(82, 42)",364
"(70, 70)",0
"(71, 76)",622
"(58, 67)",263
"(46, 47)",1318
"(65, 54)",2561
"(54, 63)",1665
"(58, 50)",4042
"(61, 71)",2630
"(66, 50)",4306
"(77, 71)",1024
"(42, 59)",3168
"(62, 62)",0
"(65, 77)",2928
"(67, 49)",3369
"(70, 46)",3650
"(55, 69)",2597
"(50, 58)",3221
"(71, 69)",1987
"(58, 74)",3233
"(4, 2)",928
"(46, 54)",2440
"(51, 41)",1577
"(16, 5)",1996
"(54, 54)",0
"(58, 61)",3374
"(61, 64)",283
"(34, 34)",0
"(55, 45)",1155
"(77, 64)",1584
"(10, 11)",229
"(67, 54)",3852
"(55, 66)",3177
"(64, 74)",1990
"(71, 66)",3061
"(4, 9)",2240
"(46, 57)",2231
"(29, 31)",911
"(51, 46)",1627
"(65, 66)",1945
"(39, 77)",926
"(55, 42)",1430
"(59, 47)",1958
"(42, 45)",711
"(67, 63)",2789
"(64, 65)",1769
"(67, 69)",2760
"(71, 59)",1970
"(75, 60)",2105
"(46, 64)",3276
"(51, 55)",444
"(61, 82)",2851
"(62, 64)",457
"(23, 26)",813
"(64, 41)",2197
"(63, 48)",2295
"(50, 39)",2006
"(71, 48)",2567
"(46, 75)",1155
"(51, 60)",2033
"(62, 75)",944
"(55, 56)",619
"(59, 61)",3411
"(49, 71)",2662
"(38, 35)",3488
"(63, 57)",887
"(14, 8)",2179
"(71, 41)",1496
"(75, 42)",902
"(26, 23)",813
"(46, 82)",738
"(47, 64)",1318
"(2, 12)",2040
"(47, 49)",1612
"(30, 27)",2032
"(56, 39)",1396
"(55, 49)",530
"(59, 50)",3010
"(64, 39)",2521
"(50, 70)",2770
"(74, 64)",1990
"(75, 82)",1505
"(11, 4)",1056
"(68, 51)",2068
"(72, 54)",3863
"(39, 57)",394
"(22, 83)",1169
"(7, 80)",3379
"(47, 73)",1175
"(68, 66)",2391
"(2, 7)",1679
"(5, 10)",1344
"(47, 62)",860
"(56, 46)",1124
"(59, 75)",2356
"(64, 62)",457
"(50, 65)",3664
"(31, 33)",1183
"(35, 34)",209
"(74, 75)",564
"(75, 75)",0
"(60, 42)",1090
"(63, 47)",1214
"(68, 58)",2198
"(72, 61)",3377
"(39, 54)",2722
"(26, 25)",317
"(68, 73)",2764
"(69, 69)",0
"(32, 29)",3852
"(76, 57)",907
"(59, 64)",3122
"(75, 64)",1428
"(8, 7)",674
"(65, 42)",4067
"(39, 47)",769
"(48, 61)",2749
"(56, 77)",470
"(76, 48)",2346
"(41, 82)",1175
"(56, 60)",1951
"(60, 73)",1338
"(60, 56)",1679
"(8, 14)",1795
"(65, 62)",2232
"(12, 10)",1233
"(69, 55)",2675
"(2, 16)",2764
"(76, 47)",378
"(60, 64)",3334
"(6, 12)",1397
"(31, 28)",3843
"(21, 22)",791
"(60, 55)",2251
"(72, 82)",3662
"(54, 70)",1446
"(41, 51)",1078
"(69, 48)",3570
"(42, 82)",364
"(66, 76)",1961
"(6, 7)",1035
"(82, 76)",2203
"(57, 45)",1931
"(39, 69)",1540
"(63, 67)",2452
"(80, 9)",1509
"(61, 41)",3015
"(9, 3)",2610
"(69, 57)",1147
"(73, 62)",3053
"(41, 69)",3263
"(66, 71)",2551
"(77, 58)",2141
"(82, 71)",2415
"(57, 54)",2334
"(21, 24)",569
"(63, 72)",1845
"(48, 74)",790
"(72, 64)",3088
"(41, 61)",2678
"(9, 4)",2244
"(66, 47)",2312
"(73, 39)",2185
"(42, 68)",2316
"(5, 80)",3831
"(45, 57)",1788
"(49, 62)",1637
"(13, 16)",1947
"(3, 6)",1259
"(77, 51)",1226
"(82, 62)",2422
"(45, 74)",976
"(70, 82)",3442
"(57, 63)",1270
"(48, 65)",4165
"(29, 33)",1409
"(72, 71)",1455
"(80, 7)",3591
"(61, 59)",3463
"(9, 13)",1463
"(24, 25)",517
"(45, 50)",970
"(49, 55)",868
"(13, 9)",1303
"(70, 58)",2923
"(82, 57)",3041
"(45, 67)",2985
"(28, 29)",3931
"(57, 64)",1558
"(7, 11)",366
"(73, 64)",3436
"(32, 28)",1440
"(41, 47)",976
"(51, 66)",3620
"(76, 74)",1340
"(42, 54)",1958
"(6, 80)",3218
"(67, 66)",899
"(13, 2)",2304
"(70, 61)",639
"(21, 25)",658
"(74, 48)",1105
"(82, 48)",507
"(70, 76)",2003
"(57, 73)",2231
"(16, 8)",869
"(73, 73)",0
"(61, 77)",1449
"(66, 56)",2938
"(51, 75)",990
"(37, 36)",3395
"(76, 65)",2520
"(77, 77)",0
"(42, 49)",1725
"(10, 6)",1199
"(67, 75)",2437
"(74, 59)",2894
"(70, 71)",2192
"(57, 82)",3002
"(58, 64)",3085
"(4, 4)",0
"(67, 41)",3075
"(54, 60)",3121
"(58, 51)",3673
"(22, 21)",734
"(61, 70)",639
"(66, 51)",3937
"(77, 70)",2464
"(42, 56)",582
"(62, 63)",267
"(67, 48)",4007
"(70, 47)",2354
"(55, 68)",780
"(50, 59)",3169
"(71, 68)",1245
"(58, 75)",2669
"(4, 3)",926
"(46, 55)",2289
"(16, 6)",2121
"(54, 55)",1231
"(58, 58)",0
"(63, 61)",1013
"(34, 35)",405
"(59, 41)",2993
"(10, 8)",1051
"(67, 57)",1516
"(74, 45)",906
"(25, 26)",303
"(64, 75)",1402
"(50, 50)",0
"(71, 61)",2067
"(58, 82)",3808
"(4, 10)",825
"(46, 62)",2041
"(29, 30)",4761
"(51, 49)",301
"(59, 46)",2679
"(42, 42)",0
"(62, 41)",1739
"(67, 62)",2620
"(3, 80)",4362
"(64, 66)",3418
"(11, 16)",1135
"(67, 56)",2666
"(50, 45)",998
"(71, 58)",2022
"(75, 63)",1056
"(46, 65)",4808
"(51, 54)",585
"(62, 65)",2232
"(27, 33)",2532
"(59, 39)",1235
"(23, 21)",1169
"(64, 42)",2536
"(49, 77)",1915
"(63, 51)",1711
"(11, 9)",2214
"(14, 6)",945
"(71, 51)",1982
"(46, 72)",2800
"(51, 63)",877
"(5, 7)",738
"(62, 72)",2063
"(55, 59)",2932
"(59, 60)",4645
"(49, 70)",1813
"(50, 76)",1615
"(74, 70)",2628
"(4, 80)",3387
"(63, 56)",954
"(11, 14)",1623
"(14, 9)",3479
"(72, 48)",3727
"(75, 45)",788
"(47, 67)",2046
"(68, 68)",0
"(69, 82)",3505
"(2, 13)",1899
"(47, 48)",2106
"(55, 48)",1787
"(64, 56)",1631
"(50, 71)",1826
"(74, 65)",3522
"(11, 7)",559
"(68, 60)",3885
"(14, 16)",2874
"(72, 55)",3232
"(39, 56)",1396
"(32, 30)",2270
"(47, 72)",1486
"(49, 68)",1306
"(68, 67)",2099
"(56, 64)",1551
"(2, 4)",963
"(5, 9)",2759
"(47, 57)",1325
"(56, 47)",766
"(59, 74)",2920
"(64, 63)",724
"(31, 32)",3076
"(35, 37)",581
"(74, 72)",2297
"(75, 74)",564
"(63, 46)",1750
"(68, 59)",2146
"(72, 62)",2631
"(39, 49)",2239
"(68, 74)",1581
"(69, 68)",1409
"(16, 80)",4192
"(56, 71)",1217
"(76, 58)",1634
"(63, 58)",2551
"(56, 54)",1409
"(59, 67)",579
"(64, 54)",945
"(75, 67)",2294
"(8, 8)",0
"(65, 41)",4500
"(63, 65)",2499
"(39, 46)",1490
"(48, 62)",2250
"(12, 12)",0
"(69, 77)",2103
"(76, 49)",1852
"(75, 47)",537
"(56, 61)",1840
"(60, 74)",1474
"(6, 10)",818
"(60, 57)",3571
"(68, 41)",1811
"(54, 76)",3053
"(39, 39)",0
"(9, 16)",2899
"(12, 11)",676
"(69, 54)",1730
"(73, 51)",2062
"(27, 27)",0
"(60, 65)",4866
"(6, 13)",579
"(82, 82)",0
"(31, 31)",0
"(21, 21)",0
"(60, 48)",681
"(65, 59)",2179
"(54, 71)",3265
"(41, 50)",651
"(61, 47)",2179
"(12, 2)",2418
"(69, 63)",1667
"(76, 39)",419
"(41, 67)",2732
"(66, 77)",2468
"(6, 4)",429
"(82, 77)",1668
"(39, 68)",1415
"(65, 60)",4928
"(41, 59)",2768
"(80, 10)",2877
"(9, 2)",3172
"(69, 56)",2573
"(73, 61)",3552
"(41, 68)",2171
"(45, 63)",1397
"(66, 68)",2797
"(77, 57)",1746
"(82, 68)",2501
"(63, 75)",725
"(48, 75)",1254
"(72, 65)",1940
"(41, 60)",1791
"(9, 11)",1742
"(41, 77)",679
"(42, 69)",3496
"(45, 56)",860
"(49, 61)",1291
"(3, 9)",3053
"(77, 50)",895
"(82, 63)",2155
"(45, 73)",738
"(57, 62)",1101
"(7, 13)",726
"(48, 66)",4725
"(29, 32)",3883
"(72, 72)",0
"(58, 39)",1548
"(61, 58)",3515
"(9, 12)",2092
"(83, 21)",1778
"(66, 39)",1821
"(69, 42)",3236
"(73, 47)",1602
"(76, 76)",0
"(42, 76)",1614
"(45, 49)",1690
"(49, 54)",367
"(13, 8)",1697
"(70, 59)",2871
"(39, 64)",1947
"(74, 54)",1154
"(3, 14)",1812
"(23, 83)",792
"(82, 54)",1968
"(45, 66)",3644
"(28, 30)",1040
"(70, 74)",2627
"(57, 71)",938
"(7, 10)",616
"(73, 71)",1434
"(58, 46)",2992
"(41, 46)",1062
"(22, 24)",1056
"(61, 51)",1731
"(83, 26)",1351
"(66, 62)",2892
"(51, 69)",2094
"(76, 75)",776
"(42, 55)",1537
"(62, 50)",1512
"(45, 42)",719
"(49, 47)",2212
"(70, 50)",2579
"(74, 49)",723
"(82, 49)",1735
"(70, 77)",2040
"(57, 72)",1018
"(58, 70)",2877
"(7, 3)",521
"(46, 42)",753
"(16, 9)",2704
"(73, 72)",2751
"(54, 58)",4659
"(58, 41)",3306
"(61, 76)",2418
"(66, 57)",1788
"(51, 74)",626
"(37, 35)",581
"(76, 66)",2445
"(77, 76)",535
"(42, 62)",2238
"(10, 7)",714
"(67, 74)",3002
"(74, 56)",544
"(70, 68)",1346
"(58, 65)",1937
"(4, 5)",322
"(46, 45)",834
"(54, 61)",924
"(58, 48)",4964
"(61, 69)",702
"(66, 48)",4279
"(65, 76)",2421
"(77, 69)",2527
"(42, 57)",2857
"(62, 60)",2960
"(10, 14)",1824
"(67, 51)",3665
"(55, 71)",1585
"(50, 56)",763
"(71, 71)",0
"(58, 72)",792
"(4, 12)",1404
"(16, 7)",1147
"(58, 59)",316
"(49, 56)",1146
"(55, 47)",1135
"(62, 39)",2063
"(10, 9)",1749
"(49, 82)",1925
"(70, 39)",1880
"(74, 42)",613
"(25, 25)",0
"(64, 76)",2130
"(50, 51)",759
"(71, 60)",2562
"(75, 57)",1655
"(4, 11)",1047
"(46, 63)",1773
"(29, 29)",0
"(51, 48)",1507
"(62, 46)",1969
"(49, 75)",1674
"(64, 67)",3648
"(65, 75)",3169
"(50, 42)",558
"(75, 62)",970
"(46, 70)",3914
"(51, 57)",1764
"(62, 70)",1337
"(27, 32)",396
"(47, 45)",1023
"(55, 61)",1447
"(49, 76)",2450
"(50, 82)",828
"(55, 82)",1721
"(63, 50)",1380
"(11, 8)",896
"(14, 7)",1789
"(71, 50)",1651
"(75, 55)",622
"(46, 73)",450
"(47, 69)",2260
"(51, 62)",1145
"(63, 73)",2106
"(5, 6)",966
"(62, 73)",2981
"(47, 42)",1438
"(63, 68)",346
"(55, 58)",2984
"(59, 63)",2460
"(67, 47)",2040
"(50, 77)",1080
"(74, 71)",1552
"(63, 59)",2499
"(68, 54)",2255
"(14, 14)",0
"(72, 49)",3380
"(26, 21)",869
"(47, 66)",3181
"(49, 69)",1876
"(68, 69)",1621
"(32, 27)",396
"(2, 10)",1788
"(47, 51)",1521
"(56, 41)",620
"(55, 51)",444
"(64, 57)",1562
"(50, 68)",1829
"(13, 80)",2652
"(60, 45)",1808
"(11, 6)",1044
"(68, 61)",1769
"(72, 56)",2387
"(39, 59)",1163
"(47, 75)",536
"(68, 76)",1282
"(56, 65)",3306
"(2, 5)",966
"(76, 60)",2882
"(5, 8)",877
"(47, 56)",765
"(65, 69)",831
"(56, 48)",1415
"(59, 77)",2115
"(64, 48)",2870
"(35, 36)",2877
"(74, 73)",1653
"(75, 77)",241
"(24, 23)",748
"(63, 41)",1520
"(65, 56)",3398
"(72, 63)",2262
"(39, 48)",2737
"(48, 56)",996
"(68, 75)",1016
"(69, 67)",2770
"(56, 72)",1962
"(76, 59)",1582
"(56, 55)",393
"(59, 66)",1422
"(60, 76)",2714
"(6, 16)",2121
"(64, 55)",1156
"(32, 32)",0
"(75, 66)",3193
"(8, 9)",2560
"(16, 14)",2748
"(54, 74)",1714
"(39, 41)",1804
"(48, 63)",1983
"(12, 13)",1344
"(69, 76)",1895
"(76, 50)",1430
"(56, 62)",1094
"(60, 75)",1938
"(6, 11)",1047
"(60, 58)",4320
"(68, 42)",3002
"(72, 45)",2591
"(54, 77)",2518
"(48, 54)",1796
"(12, 4)",1743
"(73, 50)",1527
"(76, 41)",1413
"(60, 66)",5427
"(6, 2)",1428
"(31, 30)",4673
"(57, 42)",2399
"(60, 49)",2265
"(65, 58)",2231
"(54, 68)",2010
"(41, 49)",1371
"(61, 46)",3059
"(48, 45)",1125
"(12, 3)",543
"(69, 62)",1400
"(73, 59)",3125
"(41, 66)",4568
"(66, 74)",3274
"(77, 63)",859
"(6, 5)",891
"(82, 74)",963
"(57, 51)",2146
"(39, 71)",1360
"(63, 77)",484
"(41, 58)",2820
"(80, 11)",3106
"(61, 39)",2809
"(69, 39)",1772
"(73, 60)",1309
"(41, 75)",696
"(45, 62)",1323
"(66, 69)",2757
"(49, 59)",4004
"(3, 3)",0
"(77, 56)",470
"(82, 69)",3506
"(63, 74)",1290
"(48, 76)",2030
"(11, 80)",3309
"(72, 66)",1788
"(80, 2)",3389
"(9, 10)",1513
"(66, 45)",3143
"(41, 76)",1214
"(42, 66)",4713
"(45, 55)",1711
"(49, 60)",2518
"(13, 14)",1997
"(3, 8)",365
"(77, 49)",1317
"(82, 60)",927
"(45, 72)",2424
"(57, 61)",1847
"(7, 12)",385
"(48, 67)",3548
"(72, 73)",2891
"(54, 41)",2693
"(61, 57)",1851
"(69, 41)",3669
"(73, 46)",752
"(76, 77)",535
"(42, 77)",1079
"(45, 48)",1216
"(67, 64)",3077
"(13, 7)",1359
"(70, 56)",2510
"(74, 55)",702
"(77, 42)",1143
"(82, 55)",1721
"(45, 65)",4413
"(28, 31)",3843
"(70, 75)",2281
"(57, 70)",1256
"(4, 16)",2128
"(7, 5)",886
"(12, 80)",3997
"(73, 70)",4074
"(58, 47)",2271
"(41, 45)",776
"(22, 25)",1047
"(61, 50)",1988
"(66, 63)",3061
"(51, 68)",1223
"(76, 68)",1024
"(77, 82)",1746
"(62, 51)",1143
"(45, 41)",319
"(49, 46)",2134
"(70, 51)",2322
"(74, 62)",1403
"(82, 46)",1074
"(70, 66)",2885
"(58, 71)",1965
"(63, 54)",1431
"(7, 2)",1692
"(16, 10)",1618
"(54, 59)",4607
"(58, 54)",3860
"(61, 75)",1690
"(66, 54)",4124
"(51, 77)",1362
"(37, 34)",846
"(76, 67)",1546
"(77, 75)",241
"(42, 63)",1971
"(62, 58)",2769
"(10, 4)",1204
"(67, 77)",2196
"(70, 42)",3173
"(74, 57)",2022
"(55, 73)",2334
"(82, 41)",455
"(50, 62)",1750
"(70, 69)",109
"(71, 73)",1783
"(4, 6)",429
"(46, 50)",1346
"(54, 50)",1198
"(58, 49)",3377
"(61, 68)",1310
"(62, 82)",2368
"(66, 49)",3641
"(51, 82)",1441
"(34, 38)",3411
"(77, 68)",1205
"(62, 61)",746
"(67, 50)",4034
"(70, 45)",3654
"(55, 70)",2534
"(25, 23)",740
"(50, 57)",2369
"(71, 70)",1924
"(58, 73)",3431
"(4, 13)",937
"(51, 42)",1150
"(58, 56)",2898
"(55, 46)",1441
"(67, 59)",586
"(25, 24)",644
"(64, 77)",1161
"(50, 48)",894
"(71, 63)",1102
"(75, 56)",229
"(46, 60)",1421
"(29, 28)",3930
"(51, 51)",0
"(9, 80)",1490
"(47, 39)",920
"(55, 39)",1764
"(8, 2)",1901
"(62, 47)",1433
"(49, 74)",1111
"(74, 82)",1040
"(64, 68)",1021
"(65, 74)",3521
"(75, 49)",1076
"(46, 71)",1150
"(51, 56)",1063
"(62, 71)",1884
"(55, 60)",2313
"(59, 57)",1565
"(23, 23)",0
"(49, 67)",3968
"(65, 67)",1938
"(11, 11)",0
"(14, 4)",609
"(71, 45)",1293
"(75, 54)",1754
"(47, 68)",784
"(5, 5)",0
"(10, 80)",3236
"(59, 62)",2665
"(67, 46)",2761
"(50, 74)",374
"(74, 68)",1481
"(38, 38)",0
"(64, 82)",2805
"(65, 68)",2236
"(68, 55)",1624
"(72, 50)",2812
"(71, 42)",1895
"(67, 39)",1818
"(39, 61)",2236
"(47, 77)",295
"(68, 70)",1254
"(2, 11)",1691
"(5, 14)",1281
"(67, 68)",2525
"(47, 50)",1190
"(30, 30)",0
"(65, 70)",940
"(56, 42)",747
"(55, 50)",865
"(59, 55)",2978
"(24, 83)",1401
"(64, 58)",3226
"(50, 69)",2833
"(60, 46)",1804
"(42, 64)",2795
"(68, 62)",1023
"(65, 57)",1673
"(72, 57)",1226
"(39, 58)",1215
"(47, 74)",1100
"(68, 77)",775
"(56, 66)",3569
"(2, 2)",0
"(76, 61)",1846
"(47, 59)",2083
"(56, 49)",852
"(59, 76)",1608
"(64, 49)",1304
"(75, 76)",776
"(8, 3)",386
"(39, 51)",2152
"(48, 57)",2869
"(69, 66)",2777
"(56, 73)",1480
"(56, 56)",0
"(59, 69)",2711
"(60, 77)",2179
"(32, 33)",2761
"(75, 69)",3291
"(60, 60)",0
"(8, 10)",1146
"(65, 47)",2772
"(72, 39)",1037
"(54, 75)",2277
"(48, 48)",0
"(12, 14)",2363
"(69, 75)",2344
"(76, 51)",1761
"(56, 63)",827
"(60, 68)",3031
"(6, 8)",1439
"(60, 59)",4268
"(33, 31)",1183
"(72, 46)",2481
"(54, 66)",4285
"(48, 55)",1549
"(12, 5)",1611
"(73, 49)",2366
"(76, 42)",1678
"(27, 29)",3623
"(60, 67)",4232
"(6, 3)",958
"(57, 41)",2135
"(39, 73)",1900
"(60, 50)",1426
"(63, 71)",1665
"(54, 69)",1509
"(41, 48)",1240
"(61, 45)",3063
"(48, 46)",1121
"(69, 61)",702
"(73, 58)",3399
"(41, 65)",4094
"(66, 75)",2709
"(77, 62)",1127
"(8, 80)",3910
"(82, 75)",1427
