Station,Change,Available
2,1,26
2,1,26
2,-1,28
2,0,27
2,-1,28
2,-2,29
2,-1,28
2,2,25
2,3,24
2,-1,28
2,-3,30
2,0,27
2,-2,29
2,-1,28
2,-2,29
2,0,27
2,0,27
2,-1,28
2,1,26
2,0,27
2,-3,30
2,0,27
2,1,26
2,1,26
2,2,25
2,-2,29
2,-4,31
2,-2,29
2,-4,31
2,1,26
2,-3,30
2,-1,28
2,-6,33
2,-2,29
2,-2,29
2,-7,34
2,-7,34
2,-1,28
2,0,27
2,-2,29
2,-4,31
2,3,24
2,-4,31
2,-1,28
2,-6,33
2,4,23
2,-1,28
2,-1,28
2,-2,29
2,-2,29
2,0,27
2,0,27
2,0,27
2,-1,28
2,2,25
2,0,27
2,1,26
2,2,25
2,-4,31
2,1,26
2,6,21
2,-1,28
2,-2,29
2,3,24
2,-1,28
2,-3,30
2,0,27
2,-2,29
2,-7,34
2,1,26
2,-1,28
2,0,27
2,0,27
2,-2,29
2,-6,33
2,-2,29
2,-4,31
2,-4,31
2,4,23
2,-2,29
2,-2,29
2,-2,29
2,-2,29
2,-1,28
2,-1,28
2,-1,28
2,-3,30
2,1,26
2,-2,29
2,2,25
2,4,23
2,-1,28
2,-2,29
2,0,27
2,-1,28
2,3,24
2,-6,33
2,3,24
2,-1,28
2,1,26
2,-1,28
2,-1,28
2,-2,29
2,-1,28
2,1,26
2,-2,29
2,0,27
2,0,27
2,0,27
2,0,27
2,-2,29
2,-7,34
2,-4,31
2,-6,33
2,-2,29
2,-2,29
2,-1,28
2,1,26
2,-1,28
2,2,25
2,1,26
2,-3,30
2,1,26
2,0,27
2,1,26
2,2,25
2,3,24
2,-3,30
2,2,25
2,0,27
2,0,27
2,0,27
2,0,27
2,-3,30
2,-4,31
2,0,27
2,2,25
2,2,25
2,-4,31
2,1,26
2,-3,30
2,3,24
2,1,26
2,-2,29
2,-3,30
2,0,27
2,0,27
2,4,23
2,3,24
2,1,26
2,0,27
2,-2,29
2,-1,28
2,-3,30
2,3,24
2,-2,29
2,2,25
2,-2,29
2,1,26
2,0,27
2,-2,29
2,1,26
2,-6,33
2,2,25
2,0,27
2,-6,33
2,-2,29
2,-4,31
2,3,24
2,2,25
2,-3,30
2,0,27
2,-1,28
2,1,26
2,-1,28
2,-2,29
2,-2,29
2,0,27
2,0,27
2,-3,30
2,0,27
2,-1,28
2,-3,30
2,0,27
3,-4,19
3,1,14
3,2,13
3,1,14
3,1,14
3,0,15
3,7,8
3,1,14
3,1,14
3,0,15
3,1,14
3,0,15
3,0,15
3,-3,18
3,4,11
3,1,14
3,-2,17
3,-2,17
3,-1,16
3,0,15
3,3,12
3,-2,17
3,-2,17
3,-1,16
3,1,14
3,2,13
3,1,14
3,0,15
3,1,14
3,1,14
3,3,12
3,-2,17
3,3,12
3,-4,19
3,-2,17
3,-4,19
3,-2,17
3,0,15
3,1,14
3,-3,18
3,1,14
3,1,14
3,2,13
3,0,15
3,1,14
3,0,15
3,-1,16
3,0,15
3,0,15
3,1,14
3,0,15
3,0,15
3,0,15
3,-1,16
3,1,14
3,0,15
3,1,14
3,-2,17
3,0,15
3,2,13
3,1,14
3,0,15
3,0,15
3,-1,16
3,-2,17
3,1,14
3,1,14
3,-1,16
3,1,14
3,1,14
3,0,15
3,1,14
3,-1,16
3,-1,16
3,-1,16
3,-5,20
3,2,13
3,5,10
3,-3,18
3,-1,16
3,2,13
3,2,13
3,1,14
3,-1,16
3,0,15
3,0,15
3,2,13
3,-1,16
3,-1,16
3,-2,17
3,0,15
3,-1,16
3,0,15
3,0,15
3,1,14
3,1,14
3,0,15
3,1,14
3,1,14
3,1,14
3,1,14
3,-1,16
3,0,15
3,3,12
3,-1,16
3,1,14
3,-2,17
3,1,14
3,1,14
3,0,15
3,0,15
3,-1,16
3,0,15
3,1,14
3,0,15
3,5,10
3,0,15
3,0,15
3,-1,16
3,1,14
3,-1,16
3,0,15
3,1,14
3,1,14
3,3,12
3,-1,16
3,2,13
3,2,13
3,1,14
3,0,15
3,-2,17
3,-1,16
3,0,15
3,-2,17
3,-3,18
3,-1,16
3,-1,16
3,-1,16
3,2,13
3,0,15
3,1,14
3,-1,16
3,1,14
3,1,14
3,0,15
3,1,14
3,0,15
3,0,15
3,0,15
3,1,14
3,1,14
3,1,14
3,-1,16
3,0,15
3,1,14
3,0,15
3,0,15
3,0,15
3,2,13
3,1,14
3,1,14
4,0,11
4,-1,12
4,0,11
4,1,10
4,0,11
4,1,10
4,-1,12
4,-4,15
4,1,10
4,-1,12
4,-1,12
4,-1,12
4,1,10
4,0,11
4,-1,12
4,-1,12
4,-2,13
4,-2,13
4,1,10
4,1,10
4,-1,12
4,-1,12
4,-2,13
4,-3,14
4,0,11
4,1,10
4,-2,13
4,-2,13
4,-2,13
4,1,10
4,0,11
4,-1,12
4,0,11
4,-1,12
4,2,9
4,-2,13
4,-1,12
4,2,9
4,-3,14
4,0,11
4,0,11
4,0,11
4,-1,12
4,2,9
4,-1,12
4,-1,12
4,2,9
4,-1,12
4,-2,13
4,-1,12
4,2,9
4,0,11
4,-3,14
4,-4,15
4,1,10
4,-2,13
4,0,11
4,-1,12
4,0,11
4,-3,14
4,-1,12
4,-1,12
4,1,10
4,-6,17
4,1,10
4,1,10
4,-1,12
4,1,10
4,-2,13
4,0,11
4,3,8
4,-1,12
4,-1,12
4,1,10
4,2,9
4,-5,16
4,-1,12
4,1,10
4,0,11
4,1,10
4,0,11
4,1,10
4,-2,13
4,0,11
4,0,11
4,2,9
4,0,11
4,1,10
4,-1,12
4,0,11
4,-1,12
4,-1,12
4,-1,12
4,-3,14
4,0,11
4,-3,14
4,3,8
4,2,9
4,3,8
4,1,10
4,-2,13
4,1,10
4,-4,15
4,-1,12
4,1,10
4,-1,12
4,0,11
4,1,10
4,0,11
4,1,10
4,2,9
4,3,8
4,-4,15
4,2,9
4,2,9
4,-1,12
4,-1,12
4,0,11
4,0,11
4,0,11
4,-2,13
4,0,11
4,-1,12
4,1,10
4,-3,14
4,-2,13
4,-2,13
4,0,11
4,-1,12
4,-2,13
4,1,10
4,-1,12
4,0,11
4,1,10
4,-1,12
4,-1,12
4,-3,14
4,1,10
4,0,11
4,0,11
4,-2,13
4,1,10
4,-1,12
4,2,9
4,3,8
4,-3,14
4,-4,15
4,1,10
4,1,10
4,1,10
4,-1,12
4,-2,13
4,-2,13
4,-1,12
4,-1,12
4,1,10
4,1,10
4,4,7
4,-2,13
4,1,10
4,0,11
4,-1,12
4,2,9
4,1,10
4,-2,13
4,-1,12
4,-2,13
4,1,10
4,-3,14
4,-3,14
4,-2,13
4,2,9
4,1,10
4,-3,14
4,-3,14
4,-3,14
4,0,11
4,-2,13
4,2,9
4,2,9
4,-1,12
5,-1,20
5,1,18
5,0,19
5,-1,20
5,-3,22
5,-2,21
5,-1,20
5,0,19
5,0,19
5,0,19
5,-1,20
5,-1,20
5,-1,20
5,0,19
5,-1,20
5,0,19
5,-3,22
5,0,19
5,0,19
5,-2,21
5,1,18
5,1,18
5,0,19
5,1,18
5,1,18
5,-1,20
5,-1,20
5,2,17
5,0,19
5,-1,20
5,3,16
5,0,19
5,2,17
5,0,19
5,-1,20
5,0,19
5,0,19
5,1,18
5,-2,21
5,1,18
5,-1,20
5,0,19
5,-1,20
5,-1,20
5,2,17
5,0,19
5,0,19
5,0,19
5,-2,21
5,0,19
5,1,18
5,0,19
5,-2,21
5,-2,21
5,-1,20
5,-1,20
5,1,18
5,-1,20
5,0,19
5,2,17
5,0,19
5,1,18
5,1,18
5,0,19
5,0,19
5,1,18
5,1,18
5,0,19
5,1,18
5,-2,21
5,0,19
5,3,16
5,2,17
5,-1,20
5,-1,20
5,1,18
5,1,18
5,-2,21
5,-1,20
5,-1,20
5,1,18
5,1,18
5,1,18
5,1,18
5,0,19
5,2,17
5,-3,22
5,0,19
5,0,19
5,1,18
5,0,19
5,0,19
5,0,19
5,1,18
5,0,19
5,0,19
5,0,19
5,1,18
5,0,19
5,1,18
5,0,19
5,0,19
5,-1,20
5,0,19
5,-1,20
5,-2,21
5,0,19
5,0,19
5,-2,21
5,4,15
5,-1,20
5,-1,20
5,-2,21
5,0,19
5,1,18
5,-1,20
5,2,17
5,1,18
5,-1,20
5,1,18
5,-1,20
5,2,17
5,0,19
5,0,19
5,1,18
5,0,19
5,0,19
5,-1,20
5,-1,20
5,-1,20
5,-1,20
5,1,18
5,1,18
5,2,17
5,0,19
5,1,18
5,-1,20
5,0,19
5,1,18
6,2,13
6,-2,17
6,1,14
6,-2,17
6,-1,16
6,0,15
6,1,14
6,-1,16
6,3,12
6,0,15
6,2,13
6,-2,17
6,-1,16
6,0,15
6,2,13
6,1,14
6,1,14
6,1,14
6,1,14
6,1,14
6,1,14
6,2,13
6,-1,16
6,-7,22
6,0,15
6,1,14
6,3,12
6,0,15
6,-2,17
6,0,15
6,1,14
6,4,11
6,0,15
6,3,12
6,4,11
6,6,9
6,-2,17
6,-5,20
6,1,14
6,4,11
6,1,14
6,1,14
6,1,14
6,0,15
6,1,14
6,-1,16
6,1,14
6,2,13
6,3,12
6,1,14
6,-2,17
6,2,13
6,1,14
6,4,11
6,2,13
6,-1,16
6,3,12
6,3,12
6,2,13
6,1,14
6,2,13
6,0,15
6,-3,18
6,3,12
6,0,15
6,2,13
6,1,14
6,-1,16
6,0,15
6,1,14
6,2,13
6,-3,18
6,2,13
6,-1,16
6,0,15
6,6,9
6,-1,16
6,1,14
6,0,15
6,-1,16
6,1,14
6,-1,16
6,3,12
6,-2,17
6,5,10
6,-5,20
6,1,14
6,-1,16
6,-1,16
6,1,14
6,-2,17
6,4,11
6,1,14
6,-1,16
6,0,15
6,-1,16
6,0,15
6,2,13
6,0,15
6,0,15
6,1,14
6,0,15
6,0,15
6,3,12
6,-4,19
6,-1,16
6,0,15
6,-1,16
6,0,15
6,2,13
6,1,14
6,-2,17
6,2,13
6,0,15
6,0,15
6,0,15
6,1,14
6,-2,17
6,-2,17
6,1,14
6,1,14
6,1,14
6,0,15
6,1,14
6,5,10
6,0,15
6,1,14
6,1,14
6,0,15
6,4,11
6,2,13
6,1,14
6,-1,16
6,2,13
6,2,13
6,1,14
6,3,12
6,1,14
6,0,15
6,-1,16
6,-1,16
6,2,13
6,1,14
6,-3,18
6,0,15
6,1,14
6,0,15
6,1,14
6,1,14
6,1,14
6,1,14
6,0,15
6,5,10
6,-3,18
6,2,13
6,0,15
6,0,15
6,0,15
6,5,10
6,-1,16
6,1,14
6,-1,16
6,-1,16
6,1,14
6,-2,17
6,-3,18
6,0,15
6,1,14
6,1,14
6,0,15
6,0,15
6,-2,17
6,2,13
6,1,14
6,2,13
6,-1,16
6,0,15
6,1,14
6,-1,16
6,-1,16
7,-1,16
7,-1,16
7,-1,16
7,0,15
7,-3,18
7,-1,16
7,1,14
7,-3,18
7,-4,19
7,-3,18
7,3,12
7,2,13
7,-1,16
7,-1,16
7,1,14
7,5,10
7,-4,19
7,-1,16
7,-1,16
7,-5,20
7,0,15
7,6,9
7,-3,18
7,-4,19
7,1,14
7,5,10
7,0,15
7,2,13
7,3,12
7,0,15
7,-1,16
7,-1,16
7,1,14
7,-1,16
7,-1,16
7,1,14
7,0,15
7,1,14
7,-1,16
7,-2,17
7,-4,19
7,1,14
7,1,14
7,1,14
7,-1,16
7,0,15
7,0,15
7,1,14
7,-2,17
7,1,14
7,-1,16
7,-1,16
7,-2,17
7,-2,17
7,-2,17
7,-2,17
7,-1,16
7,1,14
7,0,15
7,-2,17
7,3,12
7,-1,16
7,-2,17
7,-1,16
7,5,10
7,-1,16
7,1,14
7,1,14
7,-2,17
7,0,15
7,-2,17
7,-3,18
7,1,14
7,1,14
7,1,14
7,0,15
7,-1,16
7,0,15
7,0,15
7,-3,18
7,-2,17
7,1,14
7,-1,16
7,0,15
7,0,15
7,-1,16
7,-3,18
7,-4,19
7,2,13
7,1,14
7,1,14
7,1,14
7,-2,17
7,1,14
7,1,14
7,-1,16
7,1,14
7,0,15
7,-1,16
7,0,15
7,1,14
7,0,15
7,-2,17
7,-3,18
7,0,15
7,4,11
7,-1,16
7,-1,16
7,-1,16
7,1,14
7,2,13
7,2,13
7,0,15
7,0,15
7,-1,16
7,2,13
7,2,13
7,1,14
7,5,10
7,1,14
7,1,14
7,0,15
7,1,14
7,0,15
7,-1,16
7,0,15
7,1,14
7,1,14
7,-2,17
7,1,14
7,0,15
7,0,15
7,2,13
7,-1,16
7,0,15
7,0,15
7,1,14
7,-2,17
7,3,12
7,0,15
7,-2,17
7,-1,16
7,-1,16
7,-1,16
7,2,13
7,4,11
7,0,15
7,0,15
7,0,15
7,3,12
7,0,15
7,1,14
7,-3,18
7,-1,16
7,0,15
7,-6,21
7,-1,16
7,0,15
7,1,14
7,-1,16
7,-5,20
7,1,14
7,-2,17
7,1,14
7,2,13
7,1,14
7,2,13
7,2,13
7,-1,16
7,1,14
7,1,14
7,-1,16
7,1,14
7,-3,18
7,2,13
7,1,14
7,1,14
7,-2,17
7,-2,17
7,-1,16
7,0,15
8,2,13
8,0,15
8,-2,17
8,0,15
8,0,15
8,-1,16
8,1,14
8,-3,18
8,0,15
8,0,15
8,1,14
8,0,15
8,1,14
8,-2,17
8,0,15
8,0,15
8,-1,16
8,1,14
8,0,15
8,0,15
8,1,14
8,4,11
8,0,15
8,1,14
8,-3,18
8,3,12
8,0,15
8,0,15
8,-2,17
8,-1,16
8,-3,18
8,0,15
8,-2,17
8,2,13
8,-2,17
8,4,11
8,-3,18
8,-1,16
8,0,15
8,-3,18
8,1,14
8,-1,16
8,-1,16
8,2,13
8,3,12
8,0,15
8,0,15
8,-2,17
8,-2,17
8,2,13
8,0,15
8,0,15
8,0,15
8,-1,16
8,1,14
8,-3,18
8,0,15
8,-2,17
8,-1,16
8,0,15
8,0,15
8,0,15
8,-2,17
8,0,15
8,1,14
8,-1,16
8,-3,18
8,0,15
8,0,15
8,0,15
8,2,13
8,-1,16
8,2,13
8,-1,16
8,1,14
8,1,14
8,-3,18
8,2,13
8,1,14
8,4,11
8,1,14
8,1,14
8,2,13
8,2,13
8,2,13
8,0,15
8,2,13
8,0,15
8,0,15
8,1,14
8,0,15
8,1,14
8,2,13
8,0,15
8,-1,16
8,2,13
8,0,15
8,0,15
8,-1,16
8,2,13
8,0,15
8,1,14
8,0,15
8,0,15
8,-1,16
8,1,14
8,1,14
8,0,15
8,-2,17
8,0,15
8,0,15
8,0,15
8,8,7
8,-1,16
8,0,15
8,1,14
8,1,14
8,1,14
8,0,15
8,-2,17
8,0,15
8,1,14
8,-2,17
8,1,14
8,-1,16
8,2,13
8,-2,17
8,0,15
8,0,15
8,-1,16
8,0,15
8,4,11
8,0,15
8,3,12
8,0,15
8,-1,16
8,1,14
8,-1,16
8,1,14
8,-2,17
8,0,15
8,0,15
8,3,12
8,1,14
8,1,14
8,-4,19
8,0,15
8,1,14
8,-2,17
8,0,15
8,0,15
8,-1,16
8,0,15
8,0,15
8,0,15
8,0,15
8,-1,16
8,0,15
8,-1,16
8,-2,17
8,-1,16
8,1,14
8,-4,19
8,-2,17
8,3,12
8,0,15
9,-2,17
9,1,14
9,-1,16
9,0,15
9,-1,16
9,0,15
9,2,13
9,1,14
9,0,15
9,2,13
9,-2,17
9,1,14
9,1,14
9,2,13
9,-1,16
9,1,14
9,1,14
9,0,15
9,2,13
9,2,13
9,1,14
9,-2,17
9,-1,16
9,0,15
9,3,12
9,-2,17
9,2,13
9,4,11
9,-1,16
9,0,15
9,1,14
9,2,13
9,1,14
9,-1,16
9,1,14
9,0,15
9,0,15
9,1,14
9,0,15
9,-1,16
9,-1,16
9,0,15
9,2,13
9,0,15
9,-3,18
9,1,14
9,3,12
9,1,14
9,0,15
9,-2,17
9,-1,16
9,3,12
9,1,14
9,0,15
9,1,14
9,3,12
9,2,13
9,2,13
9,-1,16
9,3,12
9,1,14
9,0,15
9,3,12
9,0,15
9,0,15
9,0,15
9,1,14
9,1,14
9,4,11
9,3,12
9,-1,16
9,2,13
9,0,15
9,2,13
9,1,14
9,1,14
9,0,15
9,0,15
9,0,15
9,0,15
9,0,15
9,2,13
9,2,13
9,0,15
9,-1,16
9,1,14
9,1,14
9,0,15
9,-1,16
9,-1,16
9,0,15
9,-1,16
9,1,14
9,1,14
9,2,13
9,0,15
9,0,15
9,0,15
9,1,14
9,1,14
9,0,15
9,1,14
9,2,13
9,1,14
9,1,14
9,0,15
9,1,14
9,4,11
9,2,13
9,0,15
9,1,14
9,-5,20
9,-1,16
9,-6,21
9,2,13
9,-2,17
9,0,15
9,0,15
9,-1,16
9,1,14
9,0,15
9,2,13
9,1,14
9,0,15
9,2,13
9,1,14
9,-1,16
9,0,15
9,0,15
9,-1,16
9,2,13
9,1,14
9,-1,16
9,-1,16
9,1,14
9,-3,18
9,3,12
9,0,15
9,3,12
9,2,13
9,0,15
9,-2,17
9,0,15
9,2,13
9,1,14
9,3,12
9,1,14
9,2,13
9,4,11
9,0,15
9,1,14
9,2,13
9,-1,16
9,1,14
9,0,15
9,1,14
9,0,15
9,1,14
9,0,15
9,0,15
9,1,14
9,0,15
9,2,13
9,2,13
9,-1,16
9,1,14
9,2,13
9,1,14
9,1,14
10,4,11
10,-4,19
10,-1,16
10,0,15
10,1,14
10,1,14
10,-2,17
10,1,14
10,0,15
10,1,14
10,0,15
10,-2,17
10,-1,16
10,-2,17
10,-3,18
10,-2,17
10,-1,16
10,0,15
10,-2,17
10,-2,17
10,-2,17
10,-1,16
10,1,14
10,-2,17
10,1,14
10,-2,17
10,-6,21
10,-4,19
10,-6,21
10,-2,17
10,0,15
10,2,13
10,1,14
10,-3,18
10,-2,17
10,-4,19
10,1,14
10,1,14
10,-1,16
10,-4,19
10,-3,18
10,-2,17
10,-4,19
10,-1,16
10,1,14
10,-1,16
10,-3,18
10,0,15
10,-2,17
10,1,14
10,-1,16
10,-2,17
10,-3,18
10,-3,18
10,-1,16
10,-4,19
10,-4,19
10,1,14
10,-4,19
10,-2,17
10,-3,18
10,-2,17
10,5,10
10,-1,16
10,-6,21
10,-1,16
10,-5,20
10,-4,19
10,-1,16
10,1,14
10,4,11
10,-2,17
10,-3,18
10,-3,18
10,-1,16
10,-3,18
10,1,14
10,2,13
10,-2,17
10,-1,16
10,-3,18
10,-2,17
10,-1,16
10,1,14
10,-4,19
10,-7,22
10,-2,17
10,1,14
10,1,14
10,2,13
10,0,15
10,-4,19
10,-1,16
10,-4,19
10,-1,16
10,-2,17
10,-2,17
10,-3,18
10,-2,17
10,0,15
10,1,14
10,0,15
10,-4,19
10,-5,20
10,-2,17
10,-3,18
10,0,15
10,-1,16
10,1,14
10,0,15
10,0,15
10,1,14
10,-1,16
10,-5,20
10,3,12
10,0,15
10,-1,16
10,-1,16
10,-2,17
10,-3,18
10,3,12
10,-1,16
10,0,15
10,-2,17
10,-2,17
10,-3,18
10,-4,19
10,-3,18
10,0,15
10,2,13
10,-1,16
10,-4,19
10,-2,17
10,-4,19
10,-3,18
10,1,14
10,1,14
10,-1,16
10,-3,18
10,-2,17
10,-3,18
10,-5,20
10,1,14
10,-1,16
10,-7,22
10,-2,17
10,-3,18
10,-2,17
10,2,13
10,0,15
10,4,11
10,-3,18
10,-1,16
10,-2,17
10,1,14
10,2,13
10,-2,17
10,-2,17
10,-3,18
10,-3,18
10,2,13
10,-4,19
10,0,15
10,-1,16
10,-6,21
10,-1,16
11,-2,21
11,0,19
11,0,19
11,2,17
11,0,19
11,0,19
11,1,18
11,3,16
11,3,16
11,-2,21
11,1,18
11,2,17
11,1,18
11,1,18
11,3,16
11,2,17
11,3,16
11,-1,20
11,2,17
11,0,19
11,2,17
11,1,18
11,4,15
11,0,19
11,-4,23
11,2,17
11,4,15
11,4,15
11,4,15
11,1,18
11,1,18
11,-3,22
11,0,19
11,-1,20
11,2,17
11,1,18
11,2,17
11,2,17
11,-1,20
11,4,15
11,4,15
11,4,15
11,6,13
11,2,17
11,0,19
11,0,19
11,1,18
11,1,18
11,2,17
11,3,16
11,2,17
11,-1,20
11,0,19
11,6,13
11,1,18
11,3,16
11,-1,20
11,2,17
11,2,17
11,-3,22
11,1,18
11,5,14
11,1,18
11,2,17
11,-1,20
11,-1,20
11,4,15
11,0,19
11,5,14
11,4,15
11,1,18
11,0,19
11,0,19
11,2,17
11,1,18
11,4,15
11,3,16
11,-1,20
11,-1,20
11,0,19
11,0,19
11,3,16
11,4,15
11,0,19
11,-2,21
11,3,16
11,2,17
11,1,18
11,-1,20
11,-1,20
11,-3,22
11,-1,20
11,5,14
11,3,16
11,2,17
11,-1,20
11,0,19
11,1,18
11,4,15
11,1,18
11,-1,20
11,3,16
11,0,19
11,1,18
11,0,19
11,1,18
11,2,17
11,0,19
11,2,17
11,0,19
11,0,19
11,0,19
11,0,19
11,1,18
11,1,18
11,-1,20
11,1,18
11,0,19
11,-3,22
11,-1,20
11,-2,21
11,1,18
11,1,18
11,2,17
11,2,17
11,2,17
11,2,17
11,0,19
11,1,18
11,5,14
11,3,16
11,4,15
11,4,15
11,-3,22
11,0,19
11,2,17
11,0,19
11,0,19
11,2,17
11,-1,20
11,-1,20
11,1,18
11,3,16
11,3,16
11,1,18
11,4,15
11,0,19
11,9,10
11,3,16
11,1,18
11,0,19
11,1,18
11,0,19
11,1,18
11,2,17
11,-6,25
11,4,15
11,3,16
11,3,16
11,0,19
11,2,17
11,5,14
11,2,17
11,4,15
11,1,18
11,6,13
11,3,16
11,2,17
11,4,15
11,1,18
12,2,17
12,1,18
12,1,18
12,-2,21
12,-2,21
12,1,18
12,-1,20
12,0,19
12,1,18
12,1,18
12,-4,23
12,-2,21
12,3,16
12,2,17
12,0,19
12,1,18
12,-2,21
12,-1,20
12,0,19
12,-1,20
12,-2,21
12,-4,23
12,1,18
12,1,18
12,-3,22
12,0,19
12,3,16
12,1,18
12,2,17
12,1,18
12,0,19
12,-1,20
12,2,17
12,0,19
12,-1,20
12,-1,20
12,3,16
12,2,17
12,1,18
12,3,16
12,2,17
12,3,16
12,1,18
12,1,18
12,-5,24
12,0,19
12,2,17
12,0,19
12,-2,21
12,4,15
12,1,18
12,0,19
12,1,18
12,4,15
12,4,15
12,0,19
12,-1,20
12,3,16
12,2,17
12,-3,22
12,-1,20
12,1,18
12,0,19
12,-1,20
12,0,19
12,1,18
12,1,18
12,0,19
12,1,18
12,-1,20
12,0,19
12,1,18
12,-1,20
12,0,19
12,2,17
12,0,19
12,1,18
12,-1,20
12,0,19
12,1,18
12,2,17
12,3,16
12,-2,21
12,1,18
12,-2,21
12,1,18
12,-2,21
12,-1,20
12,1,18
12,-1,20
12,-1,20
12,1,18
12,0,19
12,1,18
12,0,19
12,-1,20
12,-2,21
12,-1,20
12,6,13
12,-2,21
12,0,19
12,1,18
12,-1,20
12,2,17
12,3,16
12,1,18
12,1,18
12,0,19
12,1,18
12,1,18
12,1,18
12,1,18
12,1,18
12,1,18
12,3,16
12,-2,21
12,1,18
12,1,18
12,1,18
12,-1,20
12,-1,20
12,-2,21
12,1,18
12,1,18
12,-3,22
12,0,19
12,0,19
12,0,19
12,-2,21
12,-1,20
12,-1,20
12,1,18
12,-4,23
12,1,18
12,0,19
12,1,18
12,0,19
12,1,18
12,-1,20
12,0,19
12,2,17
12,3,16
12,-2,21
12,0,19
12,1,18
12,-1,20
12,-1,20
12,1,18
12,0,19
12,4,15
12,1,18
12,-2,21
12,0,19
12,0,19
12,-1,20
12,1,18
12,3,16
12,-1,20
12,2,17
12,0,19
12,0,19
12,-1,20
12,-1,20
12,1,18
12,0,19
12,0,19
12,1,18
13,-1,16
13,3,12
13,1,14
13,0,15
13,1,14
13,1,14
13,-1,16
13,-1,16
13,0,15
13,-5,20
13,1,14
13,0,15
13,-2,17
13,-1,16
13,-2,17
13,0,15
13,0,15
13,0,15
13,0,15
13,-1,16
13,1,14
13,3,12
13,1,14
13,1,14
13,2,13
13,-1,16
13,1,14
13,-1,16
13,0,15
13,2,13
13,0,15
13,3,12
13,0,15
13,0,15
13,-1,16
13,0,15
13,1,14
13,0,15
13,-1,16
13,0,15
13,-1,16
13,-1,16
13,0,15
13,0,15
13,-1,16
13,1,14
13,-1,16
13,2,13
13,-2,17
13,2,13
13,-1,16
13,-3,18
13,-4,19
13,1,14
13,-1,16
13,-2,17
13,0,15
13,2,13
13,1,14
13,-1,16
13,1,14
13,-1,16
13,-1,16
13,0,15
13,0,15
13,1,14
13,-1,16
13,1,14
13,0,15
13,0,15
13,-1,16
13,-2,17
13,1,14
13,2,13
13,0,15
13,0,15
13,-1,16
13,-1,16
13,-2,17
13,0,15
13,0,15
13,0,15
13,0,15
13,0,15
13,-2,17
13,0,15
13,1,14
13,0,15
13,1,14
13,-1,16
13,-1,16
13,0,15
13,0,15
13,1,14
13,0,15
13,-1,16
13,-1,16
13,0,15
13,0,15
13,1,14
13,-2,17
13,-1,16
13,0,15
13,-1,16
13,0,15
13,0,15
13,1,14
13,0,15
13,0,15
13,0,15
13,-2,17
13,3,12
13,-1,16
13,0,15
13,0,15
13,-1,16
13,0,15
13,2,13
13,-1,16
13,0,15
13,-1,16
13,-1,16
13,3,12
13,1,14
13,-1,16
13,0,15
13,1,14
13,3,12
13,1,14
13,0,15
13,0,15
13,-1,16
13,0,15
13,-1,16
13,0,15
13,-1,16
13,1,14
13,-1,16
13,0,15
13,0,15
13,1,14
13,-1,16
13,-3,18
13,-2,17
13,-1,16
13,2,13
13,1,14
13,0,15
13,-1,16
13,-2,17
13,0,15
13,0,15
13,-1,16
13,0,15
13,-1,16
13,0,15
13,-5,20
13,1,14
13,-2,17
13,0,15
13,1,14
13,-1,16
13,-1,16
13,-2,17
13,-1,16
14,0,19
14,-1,20
14,0,19
14,1,18
14,2,17
14,1,18
14,1,18
14,0,19
14,0,19
14,-2,21
14,1,18
14,-1,20
14,1,18
14,-1,20
14,2,17
14,0,19
14,1,18
14,-1,20
14,0,19
14,-1,20
14,0,19
14,0,19
14,3,16
14,-1,20
14,1,18
14,0,19
14,-1,20
14,1,18
14,-1,20
14,0,19
14,-1,20
14,-1,20
14,0,19
14,3,16
14,0,19
14,-2,21
14,-4,23
14,1,18
14,-1,20
14,0,19
14,0,19
14,-1,20
14,-2,21
14,0,19
14,0,19
14,0,19
14,0,19
14,1,18
14,0,19
14,0,19
14,2,17
14,1,18
14,-2,21
14,0,19
14,0,19
14,1,18
14,0,19
14,-1,20
14,0,19
14,0,19
14,1,18
14,0,19
14,0,19
14,-1,20
14,1,18
14,2,17
14,0,19
14,1,18
14,1,18
14,1,18
14,-1,20
14,0,19
14,0,19
14,-1,20
14,0,19
14,0,19
14,1,18
14,-1,20
14,1,18
14,0,19
14,1,18
14,-1,20
14,1,18
14,0,19
14,0,19
14,0,19
14,0,19
14,-1,20
14,-1,20
14,-2,21
14,0,19
14,-1,20
14,1,18
14,-4,23
14,-4,23
14,0,19
14,1,18
14,1,18
14,-2,21
14,1,18
14,0,19
14,-2,21
14,0,19
14,-2,21
14,-1,20
14,-1,20
14,0,19
14,2,17
14,-1,20
14,1,18
14,-1,20
14,0,19
14,-1,20
14,-1,20
14,0,19
14,1,18
14,-1,20
14,1,18
14,1,18
14,-2,21
14,0,19
14,0,19
14,-1,20
14,-1,20
14,0,19
14,-1,20
14,0,19
14,-2,21
14,0,19
14,1,18
14,0,19
14,0,19
14,0,19
14,-1,20
14,0,19
14,0,19
14,1,18
14,0,19
14,0,19
14,2,17
14,0,19
14,-1,20
14,1,18
16,1,14
16,-1,16
16,4,11
16,2,13
16,0,15
16,3,12
16,-1,16
16,0,15
16,-1,16
16,2,13
16,1,14
16,1,14
16,1,14
16,0,15
16,0,15
16,4,11
16,1,14
16,2,13
16,8,7
16,-6,21
16,8,7
16,3,12
16,2,13
16,-1,16
16,-2,17
16,1,14
16,-3,18
16,1,14
16,2,13
16,2,13
16,1,14
16,3,12
16,2,13
16,-2,17
16,-1,16
16,1,14
16,5,10
16,0,15
16,0,15
16,-1,16
16,0,15
16,2,13
16,1,14
16,-4,19
16,2,13
16,0,15
16,0,15
16,-2,17
16,0,15
16,0,15
16,1,14
16,0,15
16,2,13
16,-2,17
16,1,14
16,1,14
16,3,12
16,1,14
16,2,13
16,-2,17
16,1,14
16,1,14
16,0,15
16,0,15
16,2,13
16,2,13
16,-2,17
16,-1,16
16,-2,17
16,1,14
16,2,13
16,-1,16
16,-1,16
16,0,15
16,-3,18
16,1,14
16,0,15
16,-1,16
16,0,15
16,1,14
16,-1,16
16,-1,16
16,1,14
16,1,14
16,1,14
16,0,15
16,0,15
16,0,15
16,1,14
16,-2,17
16,1,14
16,0,15
16,0,15
16,1,14
16,-1,16
16,0,15
16,3,12
16,0,15
16,-2,17
16,-2,17
16,-2,17
16,0,15
16,1,14
16,-1,16
16,0,15
16,1,14
16,3,12
16,0,15
16,-1,16
16,-3,18
16,0,15
16,0,15
16,-1,16
16,-1,16
16,0,15
16,-2,17
16,-1,16
16,0,15
16,-1,16
16,0,15
16,-1,16
16,-1,16
16,-1,16
16,0,15
16,-2,17
16,1,14
16,-1,16
16,1,14
16,-1,16
16,0,15
16,3,12
16,-3,18
16,0,15
16,-1,16
16,-1,16
16,3,12
16,-2,17
16,-2,17
16,-1,16
16,0,15
16,0,15
16,2,13
16,2,13
16,1,14
16,-2,17
16,1,14
16,3,12
16,-9,24
16,2,13
16,0,15
16,1,14
16,1,14
16,2,13
16,-1,16
16,-1,16
16,3,12
16,2,13
16,2,13
16,-1,16
16,0,15
16,1,14
16,1,14
16,-1,16
16,3,12
16,-2,17
16,1,14
16,1,14
16,-1,16
16,0,15
16,1,14
16,2,13
16,0,15
21,1,14
21,-1,16
21,1,14
21,1,14
21,-2,17
21,0,15
21,1,14
21,2,13
21,0,15
21,0,15
21,0,15
21,0,15
21,0,15
21,1,14
21,0,15
21,0,15
21,1,14
21,0,15
21,-1,16
21,-1,16
21,0,15
21,-2,17
21,1,14
21,0,15
21,-1,16
21,-3,18
21,0,15
21,1,14
21,1,14
21,1,14
21,1,14
21,-1,16
21,0,15
21,0,15
21,1,14
21,0,15
21,1,14
21,-1,16
21,-1,16
21,0,15
21,0,15
21,-2,17
21,1,14
21,0,15
21,0,15
21,0,15
21,0,15
21,-2,17
21,2,13
21,-1,16
21,0,15
21,1,14
21,0,15
21,1,14
21,0,15
21,-1,16
21,1,14
21,-1,16
21,1,14
21,0,15
21,-1,16
21,1,14
21,-1,16
21,-1,16
21,1,14
21,1,14
21,-1,16
21,-1,16
21,-1,16
21,2,13
21,-1,16
21,-1,16
21,-1,16
21,1,14
21,-1,16
21,0,15
21,-1,16
21,-1,16
21,-1,16
22,-2,27
22,-1,26
22,0,25
22,1,24
22,0,25
22,0,25
22,0,25
22,-2,27
22,-2,27
22,-2,27
22,0,25
22,-1,26
22,-2,27
22,-1,26
22,-1,26
22,-1,26
22,-1,26
22,-2,27
22,-1,26
22,-4,29
22,1,24
22,-1,26
22,-1,26
22,0,25
22,-3,28
22,-3,28
22,-3,28
22,1,24
22,-1,26
22,1,24
22,-2,27
22,1,24
22,-1,26
22,-2,27
22,0,25
22,-1,26
22,2,23
22,-3,28
22,-2,27
22,-2,27
22,-2,27
22,-3,28
22,-1,26
22,-1,26
22,1,24
22,-3,28
22,-3,28
22,-2,27
22,2,23
22,0,25
22,0,25
22,-1,26
22,-2,27
22,-4,29
22,-2,27
22,-1,26
22,-1,26
22,0,25
22,-2,27
22,-1,26
22,-2,27
22,0,25
22,-2,27
22,-1,26
22,0,25
22,-2,27
22,0,25
22,-3,28
22,-1,26
22,-1,26
22,2,23
22,-4,29
22,0,25
22,-2,27
22,-3,28
22,-1,26
22,1,24
22,0,25
22,-3,28
22,-1,26
22,-4,29
22,0,25
22,-1,26
22,1,24
22,-1,26
22,-3,28
22,0,25
22,0,25
22,-1,26
22,-1,26
22,-4,29
22,-2,27
22,1,24
22,-1,26
22,-2,27
22,0,25
22,0,25
22,-1,26
22,0,25
22,1,24
22,-2,27
22,-1,26
22,1,24
22,-2,27
22,2,23
22,0,25
22,-1,26
22,1,24
22,1,24
22,-1,26
22,-1,26
22,-1,26
22,-1,26
22,-1,26
22,2,23
22,1,24
22,1,24
22,1,24
22,-1,26
22,1,24
22,-2,27
22,0,25
22,0,25
22,-1,26
22,-1,26
22,-2,27
22,-1,26
22,0,25
22,-1,26
22,-2,27
22,0,25
22,-1,26
22,-3,28
22,-1,26
22,-1,26
22,-2,27
22,-3,28
22,2,23
22,-2,27
22,0,25
22,-2,27
22,-1,26
22,-1,26
22,0,25
22,0,25
22,-1,26
22,-8,33
22,-1,26
22,-3,28
22,-1,26
22,-2,27
23,0,15
23,1,14
23,1,14
23,0,15
23,1,14
23,0,15
23,0,15
23,1,14
23,0,15
23,0,15
23,2,13
23,0,15
23,1,14
23,1,14
23,0,15
23,1,14
23,1,14
23,-2,17
23,-1,16
23,-1,16
23,-1,16
23,0,15
23,0,15
23,0,15
23,-1,16
23,1,14
23,-1,16
23,0,15
23,1,14
23,1,14
23,2,13
23,-3,18
23,1,14
23,0,15
23,0,15
23,1,14
23,1,14
23,0,15
23,0,15
23,0,15
23,0,15
23,-1,16
23,1,14
23,-1,16
23,0,15
23,0,15
23,-1,16
23,0,15
23,0,15
23,0,15
23,0,15
23,0,15
23,1,14
23,-1,16
23,-1,16
23,0,15
23,-1,16
23,0,15
23,0,15
23,-1,16
23,0,15
23,0,15
23,0,15
23,0,15
23,0,15
23,-1,16
23,1,14
23,1,14
23,0,15
23,0,15
23,0,15
23,0,15
23,1,14
24,0,15
24,-1,16
24,-1,16
24,0,15
24,0,15
24,1,14
24,0,15
24,1,14
24,1,14
24,1,14
24,1,14
24,0,15
24,0,15
24,1,14
24,1,14
24,1,14
24,1,14
24,0,15
24,0,15
24,1,14
24,1,14
24,2,13
24,1,14
24,1,14
24,2,13
24,1,14
24,1,14
24,2,13
24,2,13
24,1,14
24,1,14
24,1,14
24,0,15
24,1,14
24,1,14
24,1,14
24,1,14
24,0,15
24,1,14
24,1,14
24,1,14
24,-1,16
24,2,13
24,2,13
24,0,15
24,1,14
24,0,15
24,1,14
24,0,15
24,2,13
24,1,14
24,0,15
24,1,14
24,1,14
24,1,14
24,1,14
24,1,14
24,1,14
24,0,15
24,1,14
24,-2,17
24,2,13
24,1,14
24,1,14
24,1,14
24,1,14
24,1,14
24,1,14
24,1,14
24,0,15
24,1,14
24,1,14
24,1,14
24,0,15
24,1,14
24,1,14
24,0,15
24,1,14
24,2,13
24,1,14
24,1,14
24,1,14
24,1,14
24,1,14
24,0,15
24,1,14
24,1,14
24,1,14
24,1,14
24,0,15
24,1,14
24,-2,17
24,2,13
24,1,14
24,1,14
24,1,14
24,-1,16
25,1,14
25,1,14
25,0,15
25,-1,16
25,0,15
25,0,15
25,0,15
25,1,14
25,-1,16
25,0,15
25,1,14
25,-1,16
25,1,14
25,0,15
25,-1,16
25,2,13
25,1,14
25,1,14
25,0,15
25,2,13
25,-1,16
25,-1,16
25,0,15
25,0,15
25,1,14
25,0,15
25,0,15
25,0,15
25,2,13
25,1,14
25,0,15
25,0,15
25,0,15
25,-1,16
25,0,15
25,0,15
25,0,15
25,1,14
25,0,15
25,0,15
25,1,14
25,-1,16
25,1,14
25,0,15
25,-1,16
25,-1,16
25,1,14
25,1,14
25,1,14
26,0,15
26,0,15
26,0,15
26,1,14
26,0,15
26,0,15
26,0,15
26,0,15
26,1,14
26,0,15
26,2,13
26,-1,16
26,0,15
26,1,14
26,1,14
26,2,13
26,0,15
26,2,13
26,0,15
26,1,14
26,1,14
26,-1,16
26,1,14
26,0,15
26,1,14
26,0,15
26,2,13
26,0,15
26,1,14
26,1,14
26,-2,17
26,0,15
26,1,14
26,0,15
26,2,13
26,1,14
26,1,14
26,2,13
26,0,15
26,2,13
26,-1,16
26,1,14
26,1,14
26,1,14
26,0,15
26,1,14
26,1,14
26,1,14
26,0,15
26,0,15
26,1,14
26,1,14
26,3,12
26,0,15
26,-1,16
26,1,14
26,0,15
26,3,12
26,-1,16
26,1,14
26,0,15
26,2,13
26,-1,16
26,-1,16
26,0,15
26,1,14
26,1,14
26,1,14
26,1,14
26,0,15
26,0,15
26,0,15
26,1,14
26,1,14
26,-1,16
26,0,15
26,1,14
26,0,15
26,0,15
26,0,15
26,1,14
26,0,15
26,-2,17
26,1,14
26,0,15
26,0,15
26,1,14
26,-1,16
26,0,15
26,1,14
26,-1,16
26,1,14
26,1,14
26,0,15
26,1,14
26,1,14
26,0,15
26,0,15
26,0,15
26,1,14
26,0,15
26,2,13
26,1,14
26,1,14
26,1,14
26,0,15
26,1,14
26,0,15
26,1,14
26,1,14
27,0,15
27,-2,17
27,2,13
27,-2,17
27,1,14
27,0,15
27,3,12
27,2,13
27,0,15
27,2,13
27,3,12
27,5,10
27,3,12
27,7,8
27,2,13
27,-1,16
27,-1,16
27,5,10
27,5,10
27,3,12
27,3,12
27,2,13
27,1,14
27,0,15
27,4,11
27,-1,16
27,-2,17
27,-1,16
27,2,13
27,0,15
27,1,14
27,-3,18
27,-1,16
27,3,12
27,1,14
27,0,15
27,1,14
27,-1,16
27,1,14
27,2,13
27,1,14
27,-2,17
27,0,15
27,-1,16
27,2,13
27,0,15
27,1,14
27,1,14
27,-2,17
27,-1,16
27,0,15
27,2,13
27,-1,16
27,-1,16
27,2,13
27,3,12
27,-1,16
27,4,11
27,-2,17
27,1,14
27,-1,16
27,0,15
27,0,15
27,4,11
27,1,14
27,2,13
27,1,14
27,-2,17
27,0,15
27,5,10
27,3,12
27,4,11
27,-1,16
27,-1,16
27,-2,17
27,2,13
27,1,14
27,2,13
27,1,14
27,-2,17
27,2,13
27,0,15
27,5,10
27,-1,16
27,0,15
27,0,15
27,4,11
27,4,11
27,-2,17
27,0,15
27,3,12
27,2,13
27,1,14
27,1,14
27,2,13
27,2,13
27,0,15
27,1,14
27,-1,16
27,-2,17
27,1,14
27,-2,17
27,3,12
27,-1,16
27,1,14
27,-1,16
27,-1,16
27,0,15
27,0,15
27,1,14
27,0,15
27,-1,16
27,0,15
27,1,14
27,-2,17
27,0,15
27,1,14
27,0,15
27,1,14
27,4,11
27,-1,16
27,2,13
27,-4,19
27,-1,16
27,2,13
27,4,11
27,-2,17
27,0,15
27,-1,16
27,2,13
27,1,14
27,1,14
27,2,13
27,0,15
27,1,14
27,0,15
27,1,14
27,-1,16
27,2,13
27,-1,16
27,-1,16
27,1,14
27,1,14
27,2,13
27,1,14
27,1,14
27,1,14
27,1,14
27,-3,18
27,-1,16
27,1,14
27,0,15
27,1,14
27,0,15
27,3,12
27,-1,16
27,0,15
27,-1,16
27,1,14
27,-1,16
27,2,13
27,1,14
27,0,15
27,1,14
27,-3,18
28,0,23
28,1,22
28,0,23
28,3,20
28,-1,24
28,0,23
28,-2,25
28,-3,26
28,-2,25
28,-3,26
28,-3,26
28,-8,31
28,-5,28
28,-3,26
28,-6,29
28,-7,30
28,-1,24
28,-2,25
28,-6,29
28,-8,31
28,-4,27
28,-7,30
28,-5,28
28,-1,24
28,2,21
28,-6,29
28,1,22
28,2,21
28,1,22
28,0,23
28,1,22
28,-2,25
28,4,19
28,2,21
28,-1,24
28,-2,25
28,0,23
28,-1,24
28,-1,24
28,0,23
28,0,23
28,0,23
28,4,19
28,1,22
28,1,22
28,-1,24
28,-1,24
28,-2,25
28,-2,25
28,2,21
28,1,22
28,1,22
28,-5,28
28,0,23
28,1,22
28,-1,24
28,-2,25
28,0,23
28,0,23
28,-2,25
28,-4,27
28,0,23
28,-2,25
28,0,23
28,0,23
28,-5,28
28,-1,24
28,-3,26
28,-3,26
28,4,19
28,-1,24
28,-1,24
28,-6,29
28,-2,25
28,-6,29
28,-2,25
28,1,22
28,-1,24
28,2,21
28,-1,24
28,1,22
28,-2,25
28,-1,24
28,3,20
28,-2,25
28,0,23
28,-1,24
28,-6,29
28,5,18
28,1,22
28,-2,25
28,3,20
28,-3,26
28,-5,28
28,-2,25
28,1,22
28,0,23
28,-4,27
28,0,23
28,2,21
28,0,23
28,-1,24
28,-4,27
28,-1,24
28,-3,26
28,2,21
28,4,19
28,-1,24
28,0,23
28,2,21
28,-3,26
28,2,21
28,1,22
28,3,20
28,-1,24
28,1,22
28,2,21
28,0,23
28,0,23
28,-1,24
28,0,23
28,0,23
28,0,23
28,1,22
28,2,21
28,-1,24
28,-4,27
28,1,22
28,-3,26
28,-2,25
28,-2,25
28,1,22
28,3,20
28,-2,25
28,3,20
28,-5,28
28,-1,24
28,0,23
28,-2,25
28,-1,24
28,2,21
28,-3,26
28,0,23
28,-3,26
28,-2,25
28,1,22
28,-4,27
28,-1,24
28,2,21
28,-1,24
28,2,21
28,-1,24
28,1,22
28,3,20
28,1,22
28,4,19
28,0,23
28,0,23
28,-2,25
28,1,22
28,-6,29
28,6,17
28,1,22
28,-1,24
28,-1,24
28,-2,25
28,1,22
28,-2,25
28,3,20
28,2,21
28,2,21
28,0,23
28,-1,24
28,-2,25
28,-3,26
28,1,22
28,-4,27
28,1,22
29,0,23
29,0,23
29,-1,24
29,-1,24
29,-1,24
29,-1,24
29,0,23
29,1,22
29,1,22
29,0,23
29,2,21
29,1,22
29,1,22
29,-1,24
29,0,23
29,0,23
29,1,22
29,2,21
29,1,22
29,2,21
29,-1,24
29,-3,26
29,1,22
29,0,23
29,2,21
29,-1,24
29,-1,24
29,-2,25
29,-1,24
29,-2,25
29,1,22
29,1,22
29,1,22
29,0,23
29,3,20
29,0,23
29,1,22
29,1,22
29,0,23
29,1,22
29,-2,25
29,-1,24
29,1,22
29,1,22
29,1,22
29,1,22
29,0,23
29,2,21
29,-1,24
29,-1,24
29,-1,24
29,1,22
29,-1,24
29,-1,24
29,0,23
29,-1,24
29,0,23
29,2,21
29,1,22
29,0,23
29,-2,25
29,2,21
29,0,23
29,0,23
29,-1,24
29,0,23
29,-2,25
29,1,22
29,0,23
29,-1,24
29,2,21
29,0,23
29,1,22
29,0,23
29,1,22
29,1,22
29,0,23
29,0,23
29,0,23
29,1,22
29,-2,25
29,-3,26
29,0,23
29,1,22
29,2,21
29,-1,24
29,3,20
29,2,21
29,1,22
29,0,23
29,0,23
29,0,23
29,-1,24
29,-1,24
29,1,22
29,1,22
29,-1,24
29,-1,24
29,1,22
29,0,23
29,0,23
29,0,23
29,1,22
29,-1,24
29,2,21
29,1,22
29,1,22
29,2,21
29,1,22
29,0,23
29,1,22
29,-3,26
29,-1,24
29,1,22
29,-1,24
29,-1,24
29,2,21
29,1,22
29,1,22
29,-1,24
29,2,21
29,2,21
29,-3,26
29,1,22
29,-2,25
29,2,21
29,1,22
29,2,21
29,0,23
29,0,23
29,1,22
29,-1,24
29,1,22
29,1,22
29,1,22
29,1,22
29,2,21
29,1,22
29,-1,24
29,-1,24
29,-1,24
29,1,22
29,-1,24
29,0,23
29,1,22
29,1,22
29,2,21
29,0,23
29,-1,24
29,2,21
30,-1,16
30,1,14
30,-1,16
30,-1,16
30,1,14
30,-1,16
30,-1,16
30,-1,16
30,2,13
30,0,15
30,1,14
30,-1,16
30,4,11
30,1,14
30,1,14
30,1,14
30,2,13
30,1,14
30,0,15
30,1,14
30,-2,17
30,0,15
30,3,12
30,1,14
30,-2,17
30,0,15
30,0,15
30,0,15
30,1,14
30,0,15
30,0,15
30,0,15
30,0,15
30,-1,16
30,0,15
30,1,14
30,-2,17
30,0,15
30,3,12
30,0,15
30,0,15
30,1,14
30,0,15
30,1,14
30,0,15
30,0,15
30,0,15
30,1,14
30,0,15
30,0,15
30,1,14
30,0,15
30,2,13
30,-1,16
30,0,15
30,0,15
30,-1,16
30,1,14
30,3,12
30,0,15
30,0,15
30,0,15
30,-2,17
30,-1,16
30,0,15
30,-1,16
30,0,15
30,-1,16
30,-2,17
30,1,14
30,0,15
30,1,14
30,-1,16
30,1,14
30,-1,16
30,1,14
30,-1,16
30,-2,17
30,0,15
30,-1,16
30,2,13
30,0,15
30,1,14
30,1,14
30,-2,17
30,0,15
30,-1,16
30,0,15
30,-3,18
30,0,15
30,-1,16
30,-3,18
30,1,14
30,0,15
30,0,15
30,0,15
30,1,14
30,-1,16
30,1,14
30,-1,16
30,1,14
30,2,13
30,1,14
30,1,14
30,1,14
30,1,14
30,0,15
30,0,15
30,-1,16
30,-2,17
30,2,13
30,2,13
30,0,15
30,-1,16
30,0,15
30,1,14
30,0,15
30,0,15
30,-1,16
30,-1,16
30,0,15
30,2,13
30,-2,17
30,0,15
30,0,15
30,1,14
30,0,15
30,0,15
30,0,15
30,1,14
30,-1,16
30,0,15
30,-1,16
30,0,15
30,-1,16
30,-1,16
30,-1,16
30,-1,16
30,0,15
31,1,14
31,-1,16
31,0,15
31,1,14
31,1,14
31,-1,16
31,0,15
31,-1,16
31,-1,16
31,-1,16
31,-1,16
31,0,15
31,-1,16
31,2,13
31,1,14
31,0,15
31,-1,16
31,1,14
31,-1,16
31,0,15
31,-1,16
31,1,14
31,-1,16
31,0,15
31,-2,17
31,0,15
31,0,15
31,-1,16
31,-1,16
31,-3,18
31,-2,17
31,-1,16
31,-1,16
31,-1,16
31,-1,16
31,2,13
31,1,14
31,-1,16
31,-1,16
31,1,14
31,0,15
31,1,14
31,1,14
31,1,14
31,0,15
31,0,15
31,0,15
31,0,15
31,-1,16
31,-2,17
31,-1,16
31,0,15
31,0,15
31,1,14
31,-1,16
32,-1,12
32,2,9
32,-3,14
32,-1,12
32,1,10
32,-1,12
32,-2,13
32,0,11
32,0,11
32,0,11
32,0,11
32,1,10
32,-3,14
32,1,10
32,0,11
32,2,9
32,0,11
32,0,11
32,0,11
32,-2,13
32,1,10
32,0,11
32,0,11
32,0,11
32,0,11
32,1,10
32,0,11
32,0,11
32,-2,13
32,0,11
32,-1,12
32,-1,12
32,-1,12
32,-1,12
32,1,10
32,0,11
32,0,11
32,0,11
32,-1,12
32,2,9
32,0,11
32,0,11
32,0,11
32,-1,12
32,-2,13
32,-2,13
32,0,11
32,0,11
32,1,10
32,2,9
32,1,10
32,2,9
32,3,8
32,1,10
33,0,15
33,1,14
33,-1,16
33,1,14
33,0,15
33,1,14
33,3,12
33,0,15
33,-1,16
33,0,15
33,2,13
33,0,15
33,1,14
33,1,14
33,2,13
33,1,14
33,4,11
33,-1,16
33,1,14
33,-1,16
33,2,13
33,0,15
33,1,14
33,-1,16
33,0,15
33,0,15
33,0,15
33,1,14
33,-2,17
33,-1,16
33,-2,17
33,1,14
33,0,15
33,0,15
33,-3,18
33,1,14
33,-1,16
33,-2,17
33,0,15
33,-3,18
33,-1,16
33,1,14
33,0,15
33,0,15
33,1,14
33,0,15
33,0,15
33,1,14
33,-1,16
33,0,15
33,0,15
33,0,15
33,1,14
33,1,14
33,-2,17
33,1,14
33,2,13
33,-1,16
33,1,14
33,2,13
33,1,14
33,1,14
33,0,15
33,0,15
33,1,14
33,1,14
33,0,15
33,0,15
33,1,14
33,1,14
33,1,14
33,-3,18
33,2,13
33,2,13
33,1,14
33,2,13
33,-2,17
33,0,15
33,-1,16
33,1,14
33,0,15
33,-3,18
33,0,15
33,0,15
33,1,14
33,0,15
33,-1,16
33,0,15
33,1,14
33,-1,16
33,-1,16
33,-1,16
33,2,13
33,1,14
33,0,15
33,-2,17
33,0,15
33,0,15
33,1,14
33,0,15
33,2,13
33,-1,16
33,1,14
33,1,14
33,1,14
33,-1,16
33,2,13
33,2,13
33,-1,16
33,-1,16
33,2,13
33,0,15
33,0,15
33,4,11
33,1,14
33,0,15
33,-1,16
33,-1,16
33,1,14
33,1,14
33,1,14
33,-1,16
33,0,15
33,1,14
33,1,14
33,0,15
33,-1,16
33,-1,16
33,0,15
33,-1,16
33,0,15
33,2,13
33,-2,17
33,-1,16
33,-1,16
33,0,15
33,1,14
33,-1,16
33,-1,16
33,0,15
33,0,15
33,0,15
33,0,15
33,0,15
33,1,14
33,0,15
34,-1,24
34,1,22
34,2,21
34,0,23
34,0,23
34,2,21
34,1,22
34,0,23
34,0,23
34,-1,24
34,1,22
34,-3,26
34,-1,24
34,-1,24
34,1,22
34,0,23
34,-1,24
34,0,23
34,4,19
34,-2,25
34,-1,24
34,-1,24
34,-3,26
34,2,21
34,2,21
34,1,22
34,-1,24
34,0,23
34,-1,24
34,-1,24
34,1,22
34,-3,26
34,-2,25
34,2,21
34,-2,25
34,1,22
34,1,22
34,-1,24
34,0,23
34,2,21
34,-1,24
34,0,23
34,-1,24
34,-2,25
34,1,22
34,1,22
34,-6,29
34,2,21
34,-2,25
34,2,21
34,-1,24
34,0,23
34,-1,24
34,1,22
34,0,23
34,0,23
34,0,23
34,1,22
34,-3,26
34,0,23
34,0,23
34,0,23
34,1,22
34,-4,27
34,-4,27
34,-1,24
34,-3,26
34,1,22
34,0,23
34,0,23
34,-3,26
34,-3,26
34,1,22
34,0,23
34,0,23
34,3,20
34,-2,25
34,0,23
34,1,22
34,-1,24
34,0,23
34,0,23
34,0,23
34,1,22
34,2,21
34,0,23
34,-1,24
34,0,23
34,0,23
34,-2,25
34,0,23
34,-5,28
34,-3,26
34,1,22
34,-1,24
34,-1,24
34,-1,24
34,0,23
34,-2,25
34,1,22
34,-5,28
34,-1,24
34,-1,24
34,-4,27
34,0,23
34,0,23
34,0,23
34,0,23
34,1,22
34,2,21
34,0,23
34,-1,24
34,-1,24
34,3,20
34,0,23
34,1,22
34,-3,26
34,0,23
34,-1,24
34,-1,24
34,1,22
34,0,23
34,-3,26
34,2,21
34,-1,24
34,1,22
34,0,23
34,1,22
34,-2,25
34,-4,27
34,2,21
34,-1,24
34,0,23
34,-2,25
34,-1,24
34,0,23
34,-3,26
34,1,22
34,0,23
34,-2,25
34,0,23
34,0,23
34,0,23
34,2,21
34,0,23
34,1,22
34,1,22
34,-1,24
34,-3,26
34,-2,25
34,-1,24
34,0,23
34,-2,25
34,1,22
34,1,22
34,1,22
34,-1,24
34,-1,24
34,-2,25
34,-2,25
34,-2,25
34,0,23
34,7,16
34,0,23
34,0,23
34,0,23
34,2,21
34,1,22
34,-1,24
34,1,22
35,-2,13
35,0,11
35,0,11
35,-2,13
35,0,11
35,3,8
35,0,11
35,-1,12
35,1,10
35,0,11
35,4,7
35,0,11
35,0,11
35,2,9
35,0,11
35,1,10
35,2,9
35,2,9
35,2,9
35,-1,12
35,0,11
35,1,10
35,1,10
35,1,10
35,3,8
35,-1,12
35,1,10
35,0,11
35,-1,12
35,3,8
35,2,9
35,0,11
35,3,8
35,0,11
35,0,11
35,0,11
35,1,10
35,2,9
35,-2,13
35,0,11
35,2,9
35,1,10
35,-1,12
35,1,10
35,0,11
35,2,9
35,0,11
35,1,10
35,1,10
35,-1,12
35,1,10
35,1,10
35,2,9
35,1,10
35,4,7
35,1,10
35,-1,12
35,1,10
35,2,9
35,0,11
35,0,11
35,0,11
35,0,11
35,1,10
35,0,11
35,-2,13
35,3,8
35,1,10
35,1,10
35,-2,13
35,-1,12
35,4,7
35,2,9
35,-1,12
35,1,10
35,0,11
35,2,9
35,1,10
35,4,7
35,-1,12
35,-1,12
35,-2,13
35,0,11
35,0,11
35,1,10
35,2,9
35,1,10
35,0,11
35,0,11
35,1,10
35,-1,12
35,1,10
35,2,9
35,2,9
35,2,9
35,0,11
35,3,8
35,1,10
35,-1,12
35,0,11
35,-1,12
35,1,10
35,-2,13
35,1,10
35,-1,12
35,1,10
35,2,9
35,0,11
35,1,10
35,0,11
35,-1,12
35,0,11
35,1,10
35,1,10
35,1,10
35,1,10
35,0,11
35,1,10
35,0,11
35,0,11
35,1,10
35,0,11
35,0,11
35,0,11
35,1,10
35,1,10
35,0,11
35,-1,12
35,1,10
35,1,10
35,1,10
35,1,10
35,2,9
35,0,11
35,3,8
35,0,11
35,1,10
35,1,10
35,0,11
35,-1,12
35,0,11
35,1,10
35,1,10
35,2,9
35,-1,12
35,1,10
35,1,10
35,2,9
35,1,10
35,1,10
35,1,10
35,-1,12
35,0,11
35,1,10
35,0,11
35,-1,12
35,1,10
35,2,9
35,2,9
35,2,9
35,0,11
35,1,10
35,1,10
35,-1,12
35,2,9
35,-1,12
35,3,8
35,1,10
35,0,11
35,0,11
36,1,14
36,0,15
36,1,14
36,0,15
36,1,14
36,0,15
36,-3,18
36,0,15
36,0,15
36,0,15
36,-1,16
36,0,15
36,2,13
36,0,15
36,0,15
36,0,15
36,-1,16
36,-2,17
36,0,15
36,1,14
36,1,14
36,2,13
36,0,15
36,-3,18
36,-2,17
36,-2,17
36,0,15
36,-1,16
36,0,15
36,0,15
36,0,15
36,1,14
36,1,14
36,0,15
36,0,15
36,-3,18
36,0,15
36,1,14
36,-1,16
36,2,13
36,-1,16
36,1,14
36,-1,16
36,2,13
36,0,15
36,-1,16
36,0,15
36,-1,16
36,4,11
36,-1,16
36,-2,17
36,-1,16
36,0,15
36,2,13
36,0,15
36,1,14
36,0,15
36,-1,16
36,-2,17
36,1,14
36,-1,16
36,1,14
36,-2,17
36,-2,17
36,-1,16
36,1,14
36,0,15
36,-1,16
36,-2,17
36,0,15
36,1,14
36,0,15
36,1,14
36,-1,16
36,0,15
36,-2,17
36,0,15
36,1,14
36,1,14
36,-1,16
36,1,14
36,0,15
36,0,15
36,1,14
36,0,15
36,-1,16
36,0,15
36,-1,16
36,0,15
36,1,14
36,1,14
36,0,15
36,4,11
36,1,14
36,-1,16
36,0,15
36,-1,16
36,0,15
36,1,14
36,0,15
36,-1,16
36,0,15
36,-1,16
36,-3,18
36,1,14
36,0,15
36,1,14
36,0,15
36,0,15
36,1,14
36,0,15
36,1,14
36,3,12
36,-1,16
36,-1,16
36,-1,16
36,-1,16
36,2,13
36,0,15
36,-1,16
36,-1,16
36,1,14
36,1,14
36,0,15
36,0,15
36,2,13
36,-2,17
36,1,14
36,-1,16
36,-1,16
36,-1,16
36,0,15
36,0,15
36,0,15
36,1,14
36,1,14
36,-1,16
36,0,15
36,1,14
36,0,15
36,0,15
36,0,15
36,-2,17
36,1,14
36,-1,16
36,2,13
36,-2,17
36,-1,16
36,-1,16
36,-1,16
37,1,10
37,-3,14
37,0,11
37,2,9
37,-2,13
37,-1,12
37,0,11
37,1,10
37,-2,13
37,-1,12
37,-1,12
37,0,11
37,-1,12
37,-2,13
37,0,11
37,0,11
37,-2,13
37,-3,14
37,0,11
37,-1,12
37,0,11
37,-2,13
37,2,9
37,0,11
37,1,10
37,-1,12
37,1,10
37,-1,12
37,1,10
37,0,11
37,1,10
37,-1,12
37,0,11
37,1,10
37,0,11
37,0,11
37,0,11
37,-3,14
37,0,11
37,0,11
37,1,10
37,-2,13
37,0,11
37,0,11
37,0,11
37,2,9
37,-2,13
37,0,11
37,-2,13
37,-2,13
37,1,10
37,-1,12
37,-1,12
37,-2,13
37,-2,13
37,0,11
37,2,9
37,0,11
37,-1,12
37,-2,13
37,0,11
37,0,11
37,3,8
37,1,10
37,0,11
37,-1,12
37,-1,12
37,-1,12
37,1,10
37,-1,12
37,0,11
37,-3,14
37,0,11
37,-2,13
37,0,11
37,2,9
37,0,11
37,0,11
37,-1,12
37,0,11
37,0,11
37,-1,12
37,-2,13
37,-2,13
37,0,11
37,-1,12
37,-1,12
37,2,9
37,-1,12
37,0,11
37,2,9
37,-2,13
37,0,11
37,-1,12
37,-2,13
37,2,9
37,-1,12
37,1,10
37,1,10
37,2,9
37,0,11
37,-1,12
37,0,11
37,-2,13
37,-2,13
37,2,9
37,0,11
37,-2,13
37,-1,12
37,-1,12
37,-1,12
37,0,11
37,1,10
37,0,11
37,-2,13
37,-1,12
37,-1,12
37,-1,12
37,0,11
37,-2,13
37,1,10
37,0,11
37,-2,13
37,0,11
37,0,11
37,2,9
37,-1,12
37,-2,13
37,1,10
37,-1,12
37,-1,12
37,1,10
37,-1,12
37,1,10
37,-3,14
37,-2,13
37,-1,12
37,0,11
37,0,11
37,-2,13
37,0,11
37,-1,12
37,0,11
37,0,11
37,-1,12
37,-1,12
37,-1,12
37,0,11
37,0,11
37,-1,12
37,0,11
37,-2,13
37,-1,12
37,1,10
37,1,10
37,-1,12
37,-2,13
37,0,11
37,-4,15
37,-1,12
37,0,11
37,0,11
38,1,14
38,1,14
38,0,15
38,0,15
38,1,14
38,1,14
38,0,15
38,-1,16
38,1,14
38,1,14
38,1,14
38,0,15
38,0,15
38,-1,16
38,1,14
38,0,15
38,-1,16
38,-1,16
38,1,14
38,0,15
38,-1,16
38,1,14
38,0,15
38,1,14
38,0,15
38,-1,16
38,-2,17
38,0,15
38,-1,16
38,2,13
38,-2,17
38,0,15
38,1,14
38,-1,16
38,1,14
38,-2,17
38,-1,16
38,-1,16
38,0,15
38,-2,17
38,0,15
38,0,15
38,0,15
38,-1,16
38,0,15
38,2,13
38,1,14
38,-2,17
38,0,15
38,-1,16
38,0,15
38,-1,16
38,0,15
38,-1,16
38,0,15
38,1,14
38,0,15
38,1,14
38,2,13
38,0,15
38,1,14
38,1,14
38,2,13
38,2,13
38,1,14
38,1,14
38,1,14
38,0,15
38,1,14
38,1,14
38,-1,16
38,0,15
38,1,14
38,0,15
38,1,14
38,0,15
38,1,14
38,-1,16
38,0,15
38,0,15
38,-2,17
38,-1,16
38,0,15
38,1,14
38,1,14
38,2,13
38,1,14
38,1,14
38,1,14
38,1,14
38,0,15
38,0,15
38,-1,16
38,1,14
38,0,15
38,-2,17
38,0,15
38,-1,16
38,-1,16
38,0,15
38,-1,16
38,1,14
38,-1,16
38,0,15
38,-1,16
38,-1,16
38,1,14
38,0,15
38,-1,16
38,1,14
38,-1,16
38,1,14
38,1,14
38,-1,16
38,1,14
38,-1,16
38,-1,16
38,1,14
38,-1,16
38,1,14
38,-1,16
38,1,14
38,1,14
38,1,14
38,1,14
38,0,15
38,1,14
38,-2,17
38,1,14
38,2,13
38,-1,16
38,2,13
38,1,14
38,2,13
38,-1,16
38,-1,16
38,-1,16
38,-2,17
38,2,13
38,1,14
38,0,15
38,2,13
38,1,14
38,1,14
39,6,13
39,1,18
39,3,16
39,0,19
39,-2,21
39,4,15
39,-4,23
39,1,18
39,13,6
39,-2,21
39,4,15
39,2,17
39,8,11
39,3,16
39,6,13
39,-7,26
39,-1,20
39,-3,22
39,4,15
39,4,15
39,-8,27
39,5,14
39,2,17
39,4,15
39,0,19
39,5,14
39,-10,29
39,5,14
39,10,9
39,5,14
39,5,14
39,2,17
39,6,13
39,5,14
39,1,18
39,10,9
39,8,11
39,-1,20
39,17,2
39,-5,24
39,-4,23
39,-5,24
39,4,15
39,0,19
39,7,12
39,4,15
39,3,16
39,7,12
39,-2,21
39,2,17
39,6,13
39,6,13
39,4,15
39,-2,21
39,5,14
39,6,13
39,6,13
39,-8,27
39,2,17
39,-2,21
39,-3,22
39,6,13
39,5,14
39,1,18
39,3,16
39,-2,21
39,3,16
39,-4,23
39,4,15
39,9,10
39,3,16
39,12,7
39,4,15
39,10,9
39,8,11
39,3,16
39,-5,24
39,7,12
39,-7,26
39,8,11
39,4,15
39,5,14
39,7,12
39,3,16
39,8,11
39,-3,22
39,8,11
39,1,18
39,10,9
39,-8,27
39,7,12
39,3,16
39,-3,22
39,0,19
39,4,15
39,-1,20
39,-2,21
39,-6,25
39,5,14
39,2,17
39,14,5
39,5,14
39,-5,24
39,3,16
39,-6,25
39,4,15
39,4,15
39,0,19
39,4,15
39,13,6
39,2,17
39,3,16
39,-3,22
39,8,11
39,2,17
39,1,18
39,-3,22
39,-1,20
39,5,14
39,4,15
39,0,19
39,0,19
39,11,8
39,-2,21
39,-6,25
39,4,15
39,1,18
39,-3,22
39,-1,20
39,-7,26
39,2,17
39,1,18
39,-4,23
39,-1,20
39,8,11
39,3,16
39,0,19
39,-4,23
39,5,14
39,2,17
39,-5,24
39,3,16
39,5,14
39,-9,28
39,12,7
39,-1,20
39,4,15
39,9,10
39,-1,20
39,5,14
39,-2,21
39,3,16
39,3,16
39,2,17
39,-2,21
39,4,15
39,-10,29
39,3,16
39,2,17
39,4,15
39,9,10
39,-2,21
39,-2,21
39,-3,22
39,-2,21
39,2,17
39,-4,23
39,4,15
39,-2,21
39,5,14
39,1,18
39,6,13
39,-5,24
39,0,19
39,3,16
39,3,16
39,0,19
39,6,13
39,-1,20
39,-2,21
39,1,18
39,3,16
39,4,15
39,5,14
41,-4,19
41,-1,16
41,1,14
41,-3,18
41,2,13
41,2,13
41,2,13
41,-6,21
41,-9,24
41,-1,16
41,-8,23
41,-2,17
41,-4,19
41,-7,22
41,-5,20
41,-5,20
41,-7,22
41,-4,19
41,-9,24
41,-2,17
41,-5,20
41,-3,18
41,2,13
41,-1,16
41,-1,16
41,-3,18
41,-3,18
41,-3,18
41,-2,17
41,3,12
41,-2,17
41,6,9
41,0,15
41,-3,18
41,-6,21
41,2,13
41,1,14
41,-3,18
41,-5,20
41,0,15
41,-1,16
41,0,15
41,1,14
41,-1,16
41,-2,17
41,3,12
41,-5,20
41,-7,22
41,-7,22
41,-1,16
41,1,14
41,-3,18
41,-2,17
41,0,15
41,-2,17
41,-1,16
41,-5,20
41,-2,17
41,-3,18
41,-2,17
41,2,13
41,-5,20
41,-4,19
41,-3,18
41,-2,17
41,-6,21
41,-5,20
41,-1,16
41,0,15
41,-4,19
41,0,15
41,2,13
41,0,15
41,-3,18
41,-8,23
41,-2,17
41,2,13
41,-9,24
41,-7,22
41,-3,18
41,-3,18
41,0,15
41,1,14
41,-4,19
41,0,15
41,5,10
41,0,15
41,-1,16
41,-3,18
41,5,10
41,-2,17
41,0,15
41,2,13
41,0,15
41,-3,18
41,1,14
41,2,13
41,-3,18
41,-8,23
41,-4,19
41,0,15
41,1,14
41,0,15
41,-4,19
41,4,11
41,3,12
41,-5,20
41,-3,18
41,2,13
41,-1,16
41,4,11
41,-2,17
41,3,12
41,-2,17
41,-1,16
41,3,12
41,8,7
41,3,12
41,2,13
41,-1,16
41,-1,16
41,-3,18
41,-2,17
41,-1,16
41,-1,16
41,1,14
41,0,15
41,-2,17
41,3,12
41,-4,19
41,6,9
41,0,15
41,2,13
41,4,11
41,5,10
41,0,15
41,4,11
41,-2,17
41,-4,19
41,2,13
41,1,14
41,-1,16
41,1,14
41,7,8
41,-8,23
41,-2,17
41,2,13
41,4,11
41,4,11
41,4,11
41,-1,16
41,6,9
41,1,14
41,1,14
41,-1,16
41,4,11
41,0,15
41,2,13
41,0,15
41,-2,17
41,-1,16
41,-1,16
41,0,15
41,2,13
41,4,11
41,-1,16
41,-1,16
41,3,12
41,-2,17
41,-5,20
41,-4,19
41,1,14
41,2,13
41,-1,16
41,0,15
41,5,10
41,-1,16
41,2,13
41,1,14
41,2,13
41,0,15
41,5,10
41,-2,17
42,3,12
42,3,12
42,-8,23
42,13,2
42,1,14
42,4,11
42,2,13
42,4,11
42,3,12
42,0,15
42,4,11
42,-3,18
42,-5,20
42,2,13
42,-2,17
42,0,15
42,-1,16
42,7,8
42,-4,19
42,-2,17
42,8,7
42,-6,21
42,2,13
42,0,15
42,9,6
42,7,8
42,4,11
42,-4,19
42,-5,20
42,-3,18
42,2,13
42,-6,21
42,-7,22
42,-2,17
42,-2,17
42,-6,21
42,2,13
42,3,12
42,-3,18
42,3,12
42,-4,19
42,-4,19
42,4,11
42,-5,20
42,-4,19
42,-3,18
42,9,6
42,-1,16
42,5,10
42,0,15
42,-1,16
42,6,9
42,0,15
42,7,8
42,-3,18
42,4,11
42,4,11
42,5,10
42,-2,17
42,3,12
42,-6,21
42,5,10
42,4,11
42,-1,16
42,2,13
42,6,9
42,2,13
42,1,14
42,2,13
42,3,12
42,5,10
42,-2,17
42,-2,17
42,3,12
42,7,8
42,6,9
42,4,11
42,8,7
42,-2,17
42,0,15
42,-3,18
42,2,13
42,2,13
42,-2,17
42,11,4
42,5,10
42,4,11
42,-1,16
42,6,9
42,4,11
42,3,12
42,-1,16
42,2,13
42,4,11
42,-5,20
42,0,15
42,8,7
42,3,12
42,-2,17
42,4,11
42,-3,18
42,4,11
42,4,11
42,1,14
42,-1,16
42,4,11
42,1,14
42,-1,16
42,0,15
42,-2,17
42,0,15
42,-1,16
42,-4,19
42,3,12
42,-1,16
42,-3,18
42,-1,16
42,-5,20
42,1,14
42,3,12
42,0,15
42,2,13
42,-1,16
42,-6,21
42,2,13
42,-2,17
42,1,14
42,-7,22
42,-4,19
42,-2,17
42,-7,22
42,2,13
42,0,15
42,1,14
42,0,15
42,-2,17
42,-1,16
42,7,8
42,-1,16
42,3,12
42,2,13
42,0,15
42,-1,16
42,-4,19
42,0,15
42,1,14
42,3,12
42,4,11
42,8,7
42,1,14
42,-4,19
42,5,10
42,-1,16
42,4,11
42,-3,18
42,2,13
42,0,15
42,-1,16
42,3,12
42,3,12
42,5,10
42,-2,17
42,0,15
42,1,14
42,-2,17
42,1,14
42,-1,16
42,3,12
42,1,14
42,1,14
42,1,14
42,-1,16
42,0,15
42,1,14
42,7,8
42,-2,17
42,5,10
42,0,15
42,0,15
42,8,7
42,-1,16
42,1,14
42,5,10
42,-1,16
45,-1,16
45,2,13
45,-11,26
45,-5,20
45,-2,17
45,-2,17
45,-2,17
45,-4,19
45,3,12
45,1,14
45,-6,21
45,-1,16
45,-2,17
45,1,14
45,-4,19
45,3,12
45,7,8
45,2,13
45,-1,16
45,-7,22
45,5,10
45,-9,24
45,-5,20
45,-3,18
45,-7,22
45,-3,18
45,-2,17
45,-4,19
45,-4,19
45,-3,18
45,-5,20
45,-3,18
45,-2,17
45,-5,20
45,-4,19
45,-5,20
45,-3,18
45,-4,19
45,1,14
45,4,11
45,-1,16
45,-5,20
45,-1,16
45,-3,18
45,2,13
45,4,11
45,-1,16
45,-1,16
45,-1,16
45,-7,22
45,1,14
45,0,15
45,2,13
45,-2,17
45,-4,19
45,2,13
45,-1,16
45,4,11
45,-3,18
45,-4,19
45,0,15
45,-4,19
45,-5,20
45,1,14
45,1,14
45,0,15
45,1,14
45,-4,19
45,-4,19
45,2,13
45,-7,22
45,0,15
45,1,14
45,0,15
45,-7,22
45,-6,21
45,-9,24
45,-9,24
45,2,13
45,1,14
45,1,14
45,-11,26
45,-2,17
45,-7,22
45,-4,19
45,-5,20
45,-1,16
45,2,13
45,-6,21
45,-7,22
45,-4,19
45,-1,16
45,-5,20
45,-8,23
45,-6,21
45,-8,23
45,-6,21
45,0,15
45,1,14
45,-4,19
45,-1,16
45,-1,16
45,-1,16
45,-4,19
45,0,15
45,1,14
45,-5,20
45,2,13
45,1,14
45,-6,21
45,-1,16
45,-3,18
45,0,15
45,-4,19
45,0,15
45,1,14
45,-3,18
45,-1,16
45,3,12
45,3,12
45,-1,16
45,0,15
45,0,15
45,-4,19
45,-1,16
45,1,14
45,2,13
45,-1,16
45,-1,16
45,1,14
45,-10,25
45,-2,17
45,1,14
45,-1,16
45,-4,19
45,-4,19
45,-3,18
45,-6,21
45,-6,21
45,-10,25
45,0,15
45,-2,17
45,-2,17
45,1,14
45,-1,16
45,-7,22
45,1,14
45,-6,21
45,-3,18
45,-4,19
45,-4,19
45,-1,16
45,-1,16
45,2,13
45,-2,17
45,-4,19
45,4,11
45,-2,17
45,-4,19
45,-3,18
45,-1,16
45,-4,19
45,-2,17
45,-2,17
45,-1,16
45,-10,25
45,-2,17
45,-6,21
45,-2,17
45,-5,20
45,-5,20
45,-4,19
45,-2,17
45,3,12
45,0,15
45,0,15
45,1,14
45,-1,16
45,1,14
45,2,13
45,2,13
45,2,13
45,0,15
45,-6,21
46,6,9
46,1,14
46,13,2
46,3,12
46,-1,16
46,3,12
46,1,14
46,-3,18
46,0,15
46,-1,16
46,-3,18
46,4,11
46,7,8
46,2,13
46,-2,17
46,4,11
46,0,15
46,8,7
46,-1,16
46,3,12
46,-2,17
46,-2,17
46,-4,19
46,4,11
46,0,15
46,-2,17
46,-3,18
46,10,5
46,-3,18
46,4,11
46,1,14
46,6,9
46,5,10
46,2,13
46,0,15
46,0,15
46,10,5
46,-2,17
46,5,10
46,10,5
46,6,9
46,-2,17
46,3,12
46,-3,18
46,0,15
46,3,12
46,3,12
46,4,11
46,0,15
46,3,12
46,-6,21
46,-7,22
46,2,13
46,5,10
46,-1,16
46,4,11
46,3,12
46,-1,16
46,0,15
46,3,12
46,0,15
46,3,12
46,-15,30
46,1,14
46,-5,20
46,-5,20
46,4,11
46,4,11
46,-1,16
46,0,15
46,-5,20
46,1,14
46,-3,18
46,6,9
46,2,13
46,0,15
46,-7,22
46,-2,17
46,6,9
46,-2,17
46,6,9
46,7,8
46,6,9
46,3,12
46,-3,18
46,-4,19
46,1,14
46,-1,16
46,4,11
46,4,11
46,1,14
46,8,7
46,1,14
46,1,14
46,10,5
46,-2,17
46,1,14
46,5,10
46,3,12
46,-1,16
46,-4,19
46,5,10
46,3,12
46,6,9
46,2,13
46,4,11
46,9,6
46,-1,16
46,8,7
46,-5,20
46,0,15
46,7,8
46,-1,16
46,2,13
46,1,14
46,1,14
46,0,15
46,-1,16
46,2,13
46,6,9
46,-2,17
46,4,11
46,-2,17
46,6,9
46,1,14
46,1,14
46,2,13
46,0,15
46,4,11
46,1,14
46,2,13
46,1,14
46,4,11
46,3,12
46,2,13
46,5,10
46,2,13
46,5,10
46,6,9
46,3,12
46,4,11
46,-5,20
46,-6,21
46,3,12
46,1,14
46,2,13
46,6,9
46,11,4
46,-7,22
46,1,14
46,5,10
46,3,12
46,-2,17
46,2,13
46,-1,16
46,2,13
46,-2,17
46,8,7
46,4,11
46,3,12
46,3,12
46,5,10
46,1,14
46,-1,16
46,-2,17
46,3,12
46,3,12
46,2,13
46,3,12
46,1,14
46,1,14
46,-1,16
46,4,11
46,3,12
46,1,14
46,4,11
46,-2,17
46,-1,16
46,6,9
46,0,15
46,-1,16
46,8,7
46,2,13
47,-4,23
47,-6,25
47,0,19
47,-3,22
47,-4,23
47,-5,24
47,5,14
47,6,13
47,4,15
47,-5,24
47,-4,23
47,-11,30
47,-2,21
47,-3,22
47,-6,25
47,7,12
47,0,19
47,2,17
47,0,19
47,-5,24
47,0,19
47,2,17
47,2,17
47,-2,21
47,-1,20
47,1,18
47,-6,25
47,-6,25
47,-2,21
47,3,16
47,-4,23
47,-4,23
47,-4,23
47,2,17
47,-8,27
47,3,16
47,2,17
47,-7,26
47,-2,21
47,-8,27
47,-3,22
47,6,13
47,0,19
47,-2,21
47,-7,26
47,-4,23
47,3,16
47,-6,25
47,-7,26
47,-2,21
47,-1,20
47,-3,22
47,-6,25
47,2,17
47,4,15
47,-2,21
47,3,16
47,3,16
47,6,13
47,0,19
47,0,19
47,-2,21
47,-2,21
47,4,15
47,-2,21
47,-2,21
47,-1,20
47,0,19
47,-11,30
47,-11,30
47,-5,24
47,11,8
47,-4,23
47,-3,22
47,0,19
47,-6,25
47,-1,20
47,5,14
47,0,19
47,-3,22
47,-8,27
47,-3,22
47,3,16
47,-1,20
47,-3,22
47,7,12
47,4,15
47,-5,24
47,5,14
47,4,15
47,2,17
47,0,19
47,-3,22
47,-1,20
47,-1,20
47,-6,25
47,-1,20
47,-13,32
47,8,11
47,2,17
47,0,19
47,-5,24
47,2,17
47,0,19
47,-5,24
47,0,19
47,6,13
47,4,15
47,-8,27
47,5,14
47,2,17
47,-7,26
47,-1,20
47,-2,21
47,5,14
47,-9,28
47,1,18
47,-6,25
47,-5,24
47,-3,22
47,-3,22
47,2,17
47,1,18
47,0,19
47,0,19
47,2,17
47,3,16
47,-7,26
47,0,19
47,-4,23
47,1,18
47,-1,20
47,-10,29
47,5,14
47,0,19
47,1,18
47,-1,20
47,7,12
47,1,18
47,3,16
47,0,19
47,1,18
47,0,19
47,-1,20
47,-3,22
47,-9,28
47,-1,20
47,-3,22
47,-3,22
47,6,13
47,4,15
47,-8,27
47,2,17
47,-4,23
47,-4,23
47,1,18
47,-4,23
47,2,17
47,1,18
47,2,17
47,-3,22
47,-1,20
47,1,18
47,1,18
47,2,17
47,0,19
47,1,18
47,2,17
47,1,18
47,-3,22
47,7,12
47,-2,21
47,6,13
47,-1,20
47,-3,22
47,0,19
47,-3,22
47,0,19
47,-3,22
47,-5,24
47,-4,23
47,-5,24
47,-3,22
47,1,18
48,3,12
48,6,9
48,10,5
48,4,11
48,1,14
48,1,14
48,-1,16
48,10,5
48,-2,17
48,10,5
48,2,13
48,0,15
48,-5,20
48,-1,16
48,-6,21
48,-6,21
48,9,6
48,-3,18
48,-3,18
48,2,13
48,-1,16
48,12,3
48,7,8
48,1,14
48,3,12
48,-2,17
48,2,13
48,-6,21
48,0,15
48,0,15
48,0,15
48,3,12
48,0,15
48,1,14
48,3,12
48,-3,18
48,3,12
48,-3,18
48,-9,24
48,-5,20
48,2,13
48,-7,22
48,-5,20
48,-5,20
48,0,15
48,-5,20
48,0,15
48,8,7
48,-7,22
48,4,11
48,0,15
48,7,8
48,-3,18
48,1,14
48,-1,16
48,3,12
48,6,9
48,5,10
48,-3,18
48,-4,19
48,8,7
48,-3,18
48,1,14
48,10,5
48,3,12
48,8,7
48,-1,16
48,0,15
48,5,10
48,0,15
48,2,13
48,5,10
48,5,10
48,4,11
48,-9,24
48,-1,16
48,2,13
48,2,13
48,2,13
48,1,14
48,3,12
48,2,13
48,6,9
48,4,11
48,1,14
48,7,8
48,1,14
48,0,15
48,-2,17
48,8,7
48,4,11
48,-2,17
48,-6,21
48,-4,19
48,-2,17
48,3,12
48,-4,19
48,1,14
48,6,9
48,11,4
48,3,12
48,-3,18
48,-4,19
48,4,11
48,7,8
48,10,5
48,-4,19
48,-5,20
48,2,13
48,3,12
48,5,10
48,5,10
48,0,15
48,-8,23
48,5,10
48,-3,18
48,0,15
48,-3,18
48,4,11
48,1,14
48,-1,16
48,9,6
48,4,11
48,8,7
48,-1,16
48,7,8
48,-1,16
48,8,7
48,-2,17
48,1,14
48,4,11
48,4,11
48,-3,18
48,-4,19
48,1,14
48,0,15
48,1,14
48,1,14
48,-3,18
48,-1,16
48,-2,17
48,1,14
48,-2,17
48,3,12
48,-5,20
48,-4,19
48,4,11
48,2,13
48,-1,16
48,7,8
48,1,14
48,2,13
48,4,11
48,6,9
48,-3,18
48,-1,16
48,-1,16
48,4,11
48,0,15
48,-2,17
48,0,15
48,2,13
48,1,14
48,2,13
48,-5,20
48,4,11
48,3,12
48,1,14
48,-3,18
48,13,2
48,4,11
48,0,15
48,7,8
48,-4,19
48,6,9
48,1,14
48,5,10
48,4,11
48,-3,18
48,2,13
48,0,15
48,1,14
48,1,14
49,-7,26
49,-2,21
49,8,11
49,2,17
49,0,19
49,-2,21
49,7,12
49,2,17
49,5,14
49,1,18
49,3,16
49,2,17
49,-1,20
49,11,8
49,-2,21
49,7,12
49,0,19
49,-3,22
49,2,17
49,-3,22
49,7,12
49,7,12
49,1,18
49,-5,24
49,-3,22
49,2,17
49,12,7
49,1,18
49,4,15
49,1,18
49,-1,20
49,-10,29
49,2,17
49,-6,25
49,-5,24
49,14,5
49,2,17
49,4,15
49,6,13
49,5,14
49,1,18
49,-3,22
49,-5,24
49,8,11
49,-7,26
49,0,19
49,-6,25
49,-2,21
49,5,14
49,0,19
49,1,18
49,-7,26
49,3,16
49,-2,21
49,4,15
49,3,16
49,2,17
49,-3,22
49,1,18
49,5,14
49,4,15
49,6,13
49,2,17
49,5,14
49,4,15
49,-8,27
49,-1,20
49,2,17
49,3,16
49,2,17
49,-9,28
49,-5,24
49,9,10
49,-1,20
49,0,19
49,8,11
49,-9,28
49,0,19
49,-2,21
49,-1,20
49,-3,22
49,8,11
49,0,19
49,-4,23
49,-1,20
49,-2,21
49,-4,23
49,4,15
49,0,19
49,3,16
49,-4,23
49,3,16
49,-1,20
49,-3,22
49,-6,25
49,5,14
49,1,18
49,5,14
49,3,16
49,4,15
49,-2,21
49,4,15
49,5,14
49,-1,20
49,0,19
49,2,17
49,5,14
49,2,17
49,-2,21
49,2,17
49,5,14
49,2,17
49,1,18
49,8,11
49,-5,24
49,-2,21
49,4,15
49,4,15
49,0,19
49,-1,20
49,1,18
49,-7,26
49,3,16
49,-9,28
49,2,17
49,0,19
49,2,17
49,6,13
49,-1,20
49,0,19
49,-1,20
49,-2,21
49,-3,22
49,2,17
49,4,15
49,-3,22
49,-4,23
49,-2,21
49,0,19
49,0,19
49,3,16
49,0,19
49,1,18
49,-3,22
49,-5,24
49,4,15
49,2,17
49,-2,21
49,-2,21
49,-7,26
49,6,13
49,-4,23
49,2,17
49,1,18
49,-5,24
49,6,13
49,-1,20
49,0,19
49,0,19
49,13,6
49,9,10
49,-3,22
49,2,17
49,-1,20
49,-1,20
49,8,11
49,8,11
49,-2,21
49,-6,25
49,12,7
49,-9,28
49,-8,27
49,-9,28
49,4,15
49,9,10
49,3,16
49,4,15
49,-5,24
49,0,19
49,2,17
49,-1,20
49,3,16
49,-4,23
49,5,14
50,-3,26
50,3,20
50,4,19
50,-7,30
50,-3,26
50,7,16
50,0,23
50,0,23
50,-7,30
50,9,14
50,1,22
50,2,21
50,4,19
50,-1,24
50,-3,26
50,10,13
50,-14,37
50,-1,24
50,2,21
50,9,14
50,5,18
50,-7,30
50,-12,35
50,-3,26
50,-10,33
50,1,22
50,12,11
50,-2,25
50,-14,37
50,1,22
50,4,19
50,-1,24
50,3,20
50,2,21
50,4,19
50,8,15
50,-2,25
50,-8,31
50,2,21
50,-6,29
50,-4,27
50,-1,24
50,-2,25
50,1,22
50,13,10
50,0,23
50,7,16
50,4,19
50,15,8
50,0,23
50,-3,26
50,-9,32
50,-2,25
50,-3,26
50,-2,25
50,-6,29
50,-2,25
50,-7,30
50,8,15
50,4,19
50,3,20
50,4,19
50,-2,25
50,-3,26
50,-1,24
50,1,22
50,13,10
50,4,19
50,-1,24
50,0,23
50,-1,24
50,6,17
50,12,11
50,-8,31
50,6,17
50,0,23
50,3,20
50,-2,25
50,-5,28
50,5,18
50,3,20
50,-1,24
50,-3,26
50,3,20
50,8,15
50,-7,30
50,1,22
50,2,21
50,-4,27
50,2,21
50,-2,25
50,-8,31
50,-8,31
50,-3,26
50,-6,29
50,14,9
50,4,19
50,-4,27
50,-5,28
50,3,20
50,6,17
50,6,17
50,2,21
50,1,22
50,1,22
50,1,22
50,-3,26
50,2,21
50,9,14
50,6,17
50,-6,29
50,1,22
50,2,21
50,-4,27
50,4,19
50,7,16
50,-4,27
50,7,16
50,-8,31
50,1,22
50,-10,33
50,-1,24
50,-5,28
50,0,23
50,9,14
50,-4,27
50,2,21
50,-1,24
50,-1,24
50,1,22
50,3,20
50,7,16
50,4,19
50,2,21
50,-5,28
50,4,19
50,10,13
50,5,18
50,0,23
50,11,12
50,8,15
50,1,22
50,-1,24
50,9,14
50,3,20
50,6,17
50,0,23
50,-1,24
50,0,23
50,10,13
50,-2,25
50,-2,25
50,9,14
50,0,23
50,5,18
50,-9,32
50,13,10
50,1,22
50,2,21
50,3,20
50,-2,25
50,-6,29
50,-2,25
50,-1,24
50,2,21
50,3,20
50,-3,26
50,-8,31
50,-1,24
50,6,17
50,0,23
50,3,20
50,14,9
50,1,22
50,4,19
50,-12,35
50,14,9
50,-14,37
50,-4,27
50,8,15
50,-2,25
50,-16,39
50,2,21
50,5,18
50,1,22
51,-3,22
51,1,18
51,0,19
51,0,19
51,-4,23
51,-1,20
51,-2,21
51,-2,21
51,-2,21
51,-1,20
51,1,18
51,-7,26
51,0,19
51,-3,22
51,-2,21
51,-4,23
51,-2,21
51,1,18
51,-2,21
51,0,19
51,5,14
51,8,11
51,-6,25
51,0,19
51,-3,22
51,0,19
51,1,18
51,-3,22
51,1,18
51,1,18
51,-1,20
51,0,19
51,2,17
51,0,19
51,5,14
51,5,14
51,1,18
51,-1,20
51,3,16
51,-1,20
51,8,11
51,2,17
51,-4,23
51,-2,21
51,-2,21
51,-3,22
51,7,12
51,-7,26
51,-1,20
51,6,13
51,0,19
51,-2,21
51,-5,24
51,-3,22
51,-2,21
51,-1,20
51,-3,22
51,4,15
51,-8,27
51,-4,23
51,-1,20
51,-3,22
51,9,10
51,-3,22
51,3,16
51,3,16
51,-1,20
51,1,18
51,9,10
51,2,17
51,5,14
51,8,11
51,-1,20
51,0,19
51,2,17
51,-2,21
51,4,15
51,-1,20
51,1,18
51,-3,22
51,2,17
51,-3,22
51,2,17
51,-3,22
51,-2,21
51,3,16
51,0,19
51,0,19
51,2,17
51,5,14
51,-2,21
51,4,15
51,-5,24
51,1,18
51,2,17
51,5,14
51,2,17
51,-2,21
51,-1,20
51,1,18
51,2,17
51,1,18
51,2,17
51,-2,21
51,0,19
51,-3,22
51,-2,21
51,2,17
51,-6,25
51,0,19
51,-5,24
51,1,18
51,0,19
51,7,12
51,2,17
51,1,18
51,3,16
51,-2,21
51,-2,21
51,0,19
51,-5,24
51,-4,23
51,-5,24
51,2,17
51,1,18
51,1,18
51,-1,20
51,-4,23
51,1,18
51,-6,25
51,0,19
51,-2,21
51,3,16
51,-5,24
51,3,16
51,1,18
51,-1,20
51,-4,23
51,-7,26
51,-5,24
51,0,19
51,0,19
51,4,15
51,-2,21
51,-1,20
51,2,17
51,-5,24
51,-2,21
51,-6,25
51,0,19
51,0,19
51,1,18
51,1,18
51,-7,26
51,-2,21
51,-6,25
51,4,15
51,-4,23
51,0,19
51,1,18
51,2,17
51,-2,21
51,5,14
51,-1,20
51,0,19
51,-1,20
51,-3,22
51,0,19
51,-3,22
51,0,19
51,0,19
51,-3,22
51,2,17
51,-3,22
51,-4,23
51,-3,22
51,1,18
51,1,18
51,-2,21
51,2,17
51,0,19
51,1,18
51,0,19
51,-3,22
54,-4,19
54,-4,19
54,-5,20
54,-10,25
54,-2,17
54,2,13
54,1,14
54,1,14
54,-6,21
54,-2,17
54,-7,22
54,5,10
54,-6,21
54,2,13
54,-9,24
54,-6,21
54,6,9
54,-5,20
54,0,15
54,0,15
54,2,13
54,-1,16
54,-4,19
54,1,14
54,-4,19
54,2,13
54,-8,23
54,-1,16
54,-4,19
54,5,10
54,0,15
54,-3,18
54,-3,18
54,-1,16
54,4,11
54,-7,22
54,-6,21
54,-5,20
54,-7,22
54,-4,19
54,-5,20
54,-2,17
54,-8,23
54,-1,16
54,-13,28
54,-3,18
54,1,14
54,-7,22
54,4,11
54,-3,18
54,-5,20
54,-7,22
54,-4,19
54,4,11
54,-5,20
54,1,14
54,1,14
54,-10,25
54,-6,21
54,0,15
54,-1,16
54,-4,19
54,-3,18
54,-1,16
54,-5,20
54,-1,16
54,-9,24
54,-3,18
54,-5,20
54,2,13
54,-13,28
54,-4,19
54,-5,20
54,-6,21
54,4,11
54,-3,18
54,-5,20
54,-2,17
54,-10,25
54,-6,21
54,-3,18
54,1,14
54,-5,20
54,6,9
54,-1,16
54,0,15
54,-3,18
54,-3,18
54,1,14
54,-12,27
54,3,12
54,-2,17
54,0,15
54,1,14
54,2,13
54,1,14
54,-6,21
54,-3,18
54,5,10
54,-6,21
54,-1,16
54,0,15
54,-4,19
54,-5,20
54,0,15
54,-10,25
54,-7,22
54,-4,19
54,-6,21
54,6,9
54,-2,17
54,-18,33
54,-2,17
54,-3,18
54,-5,20
54,-2,17
54,3,12
54,0,15
54,0,15
54,0,15
54,2,13
54,-3,18
54,-2,17
54,-5,20
54,2,13
54,5,10
54,-14,29
54,-1,16
54,-3,18
54,8,7
54,0,15
54,0,15
54,-4,19
54,-4,19
54,-7,22
54,2,13
54,-1,16
54,-1,16
54,-8,23
54,-10,25
54,2,13
54,1,14
54,-1,16
54,-5,20
54,2,13
54,-3,18
54,4,11
54,-5,20
54,-1,16
54,-1,16
54,-3,18
54,1,14
54,-1,16
54,5,10
54,-2,17
54,-3,18
54,-5,20
54,-1,16
54,-4,19
54,-7,22
54,0,15
54,3,12
54,-1,16
54,1,14
54,-4,19
54,-3,18
54,5,10
54,1,14
54,2,13
54,-3,18
54,-6,21
54,-6,21
54,-3,18
54,3,12
54,-2,17
54,-3,18
54,-6,21
54,4,11
54,4,11
54,-2,17
54,4,11
54,-1,16
54,0,15
55,1,22
55,-4,27
55,-3,26
55,-6,29
55,-3,26
55,-3,26
55,-4,27
55,-11,34
55,-7,30
55,-4,27
55,-2,25
55,-9,32
55,-5,28
55,2,21
55,1,22
55,-2,25
55,-6,29
55,2,21
55,3,20
55,1,22
55,1,22
55,-1,24
55,-1,24
55,0,23
55,3,20
55,3,20
55,-5,28
55,2,21
55,-9,32
55,-6,29
55,-1,24
55,3,20
55,-1,24
55,2,21
55,4,19
55,-5,28
55,-11,34
55,-3,26
55,-3,26
55,2,21
55,-10,33
55,-11,34
55,-5,28
55,-4,27
55,2,21
55,-2,25
55,-5,28
55,-7,30
55,-13,36
55,-2,25
55,-14,37
55,1,22
55,6,17
55,-8,31
55,-8,31
55,-10,33
55,-3,26
55,-9,32
55,1,22
55,2,21
55,-5,28
55,-16,39
55,2,21
55,-12,35
55,-14,37
55,-3,26
55,-1,24
55,-13,36
55,-8,31
55,1,22
55,1,22
55,-6,29
55,-3,26
55,-1,24
55,-2,25
55,-14,37
55,-3,26
55,-5,28
55,-2,25
55,-1,24
55,0,23
55,-4,27
55,-7,30
55,3,20
55,-9,32
55,-3,26
55,1,22
55,-5,28
55,-6,29
55,-2,25
55,-2,25
55,-2,25
55,-5,28
55,-3,26
55,0,23
55,-6,29
55,-11,34
55,6,17
55,-10,33
55,4,19
55,-1,24
55,-2,25
55,2,21
55,-4,27
55,-8,31
55,-2,25
55,-7,30
55,-4,27
55,3,20
55,-2,25
55,-11,34
55,-5,28
55,-9,32
55,-2,25
55,-3,26
55,-1,24
55,-15,38
55,-7,30
55,-1,24
55,-2,25
55,-3,26
55,0,23
55,1,22
55,-4,27
55,-3,26
55,0,23
55,-9,32
55,-7,30
55,-6,29
55,-3,26
55,-2,25
55,-9,32
55,-9,32
55,-1,24
55,3,20
55,2,21
55,0,23
55,-14,37
55,-9,32
55,-1,24
55,-14,37
55,-3,26
55,3,20
55,-2,25
55,-14,37
55,-3,26
55,-13,36
55,-6,29
55,-10,33
55,-2,25
55,-3,26
55,-14,37
55,-14,37
55,-16,39
55,-2,25
55,-12,35
55,-1,24
55,-10,33
55,-4,27
55,-11,34
55,0,23
55,-3,26
55,-1,24
55,-1,24
55,-10,33
55,2,21
55,-16,39
55,3,20
55,-15,38
55,2,21
55,2,21
55,-2,25
55,-13,36
55,-9,32
55,2,21
55,-10,33
55,-3,26
55,0,23
55,-10,33
55,-10,33
55,-4,27
55,1,22
55,-6,29
56,1,18
56,-8,27
56,0,19
56,2,17
56,4,15
56,5,14
56,0,19
56,-2,21
56,-1,20
56,-11,30
56,0,19
56,3,16
56,-1,20
56,-12,31
56,-8,27
56,-8,27
56,-1,20
56,-5,24
56,-2,21
56,-3,22
56,-3,22
56,-9,28
56,-7,26
56,-5,24
56,1,18
56,0,19
56,-7,26
56,6,13
56,-11,30
56,-3,22
56,-7,26
56,-2,21
56,2,17
56,3,16
56,-8,27
56,-2,21
56,-3,22
56,5,14
56,-4,23
56,6,13
56,-8,27
56,-4,23
56,4,15
56,-1,20
56,-1,20
56,-7,26
56,-7,26
56,-4,23
56,2,17
56,1,18
56,1,18
56,-4,23
56,-2,21
56,3,16
56,2,17
56,-5,24
56,4,15
56,-6,25
56,-3,22
56,0,19
56,1,18
56,-5,24
56,5,14
56,1,18
56,-6,25
56,-1,20
56,-2,21
56,4,15
56,-3,22
56,-4,23
56,-4,23
56,-8,27
56,-3,22
56,-4,23
56,-2,21
56,1,18
56,4,15
56,-8,27
56,-3,22
56,2,17
56,3,16
56,-5,24
56,-4,23
56,-6,25
56,-6,25
56,-4,23
56,1,18
56,-2,21
56,-1,20
56,0,19
56,-6,25
56,-3,22
56,-3,22
56,8,11
56,4,15
56,-10,29
56,0,19
56,-1,20
56,-4,23
56,-6,25
56,-1,20
56,1,18
56,-6,25
56,-5,24
56,-7,26
56,-8,27
56,-1,20
56,-5,24
56,1,18
56,1,18
56,-1,20
56,-3,22
56,0,19
56,-14,33
56,-3,22
56,0,19
56,3,16
56,0,19
56,-5,24
56,-1,20
56,-3,22
56,0,19
56,1,18
56,-5,24
56,-8,27
56,-3,22
56,0,19
56,-3,22
56,0,19
56,0,19
56,-5,24
56,-3,22
56,3,16
56,-8,27
56,-10,29
56,3,16
56,-2,21
56,-5,24
56,0,19
56,-4,23
56,-9,28
56,-7,26
56,-5,24
56,-1,20
56,4,15
56,-6,25
56,-11,30
56,3,16
56,-5,24
56,5,14
56,-4,23
56,-10,29
56,-4,23
56,-5,24
56,-2,21
56,-5,24
56,-4,23
56,2,17
56,-2,21
56,-14,33
56,-10,29
56,-5,24
56,-1,20
56,-1,20
56,6,13
56,-12,31
56,-1,20
56,3,16
56,-6,25
56,-6,25
56,-7,26
56,0,19
56,-2,21
56,-9,28
56,-1,20
56,-8,27
56,-1,20
56,-2,21
56,-4,23
56,-8,27
56,-3,22
56,2,17
56,-5,24
57,-3,18
57,3,12
57,-1,16
57,6,9
57,-3,18
57,0,15
57,0,15
57,0,15
57,7,8
57,-4,19
57,2,13
57,0,15
57,5,10
57,6,9
57,7,8
57,6,9
57,-7,22
57,10,5
57,4,11
57,1,14
57,2,13
57,0,15
57,5,10
57,1,14
57,0,15
57,0,15
57,8,7
57,4,11
57,8,7
57,6,9
57,-6,21
57,1,14
57,3,12
57,6,9
57,9,6
57,9,6
57,-2,17
57,4,11
57,0,15
57,2,13
57,8,7
57,0,15
57,4,11
57,3,12
57,1,14
57,1,14
57,-2,17
57,6,9
57,2,13
57,0,15
57,3,12
57,5,10
57,1,14
57,9,6
57,1,14
57,0,15
57,3,12
57,1,14
57,1,14
57,1,14
57,6,9
57,7,8
57,5,10
57,4,11
57,6,9
57,3,12
57,-2,17
57,4,11
57,2,13
57,5,10
57,9,6
57,-2,17
57,4,11
57,1,14
57,-1,16
57,0,15
57,10,5
57,6,9
57,8,7
57,4,11
57,1,14
57,-2,17
57,-1,16
57,-7,22
57,-3,18
57,0,15
57,2,13
57,-1,16
57,0,15
57,2,13
57,-2,17
57,-4,19
57,6,9
57,3,12
57,1,14
57,-2,17
57,2,13
57,8,7
57,3,12
57,2,13
57,2,13
57,1,14
57,4,11
57,3,12
57,6,9
57,5,10
57,1,14
57,4,11
57,0,15
57,-1,16
57,3,12
57,2,13
57,8,7
57,5,10
57,0,15
57,1,14
57,-1,16
57,3,12
57,3,12
57,6,9
57,2,13
57,-2,17
57,-3,18
57,-1,16
57,1,14
57,-3,18
57,5,10
57,5,10
57,-2,17
57,2,13
57,1,14
57,2,13
57,2,13
57,2,13
57,-4,19
57,1,14
57,6,9
57,3,12
57,3,12
57,5,10
57,-6,21
57,1,14
57,-2,17
57,2,13
57,4,11
57,2,13
57,3,12
57,5,10
57,4,11
57,2,13
57,3,12
57,6,9
57,2,13
57,3,12
57,9,6
57,3,12
57,-2,17
57,0,15
57,3,12
57,8,7
57,3,12
57,4,11
57,3,12
57,0,15
57,3,12
57,-1,16
57,3,12
57,8,7
57,4,11
57,-5,20
57,3,12
57,5,10
57,7,8
57,7,8
57,4,11
57,-2,17
57,8,7
57,4,11
57,1,14
57,11,4
57,10,5
57,1,14
57,3,12
57,6,9
58,-4,23
58,-3,22
58,0,19
58,-5,24
58,1,18
58,-6,25
58,-6,25
58,-3,22
58,2,17
58,0,19
58,-2,21
58,-1,20
58,-5,24
58,-1,20
58,-1,20
58,3,16
58,3,16
58,-8,27
58,2,17
58,2,17
58,-6,25
58,-2,21
58,-5,24
58,3,16
58,1,18
58,-5,24
58,-1,20
58,-1,20
58,-6,25
58,-2,21
58,9,10
58,-1,20
58,-3,22
58,5,14
58,-4,23
58,-4,23
58,-7,26
58,-3,22
58,1,18
58,3,16
58,-3,22
58,-3,22
58,-5,24
58,-6,25
58,2,17
58,0,19
58,-1,20
58,-2,21
58,-2,21
58,2,17
58,-5,24
58,3,16
58,-1,20
58,-3,22
58,-1,20
58,-3,22
58,-1,20
58,0,19
58,-1,20
58,-1,20
58,-2,21
58,2,17
58,0,19
58,-4,23
58,-4,23
58,-1,20
58,2,17
58,-1,20
58,2,17
58,2,17
58,6,13
58,-2,21
58,-4,23
58,-1,20
58,-2,21
58,-2,21
58,-3,22
58,2,17
58,3,16
58,-8,27
58,4,15
58,1,18
58,-6,25
58,0,19
58,-3,22
58,3,16
58,-5,24
58,-5,24
58,1,18
58,-4,23
58,-1,20
58,-1,20
58,1,18
58,-2,21
58,-3,22
58,-4,23
58,1,18
58,2,17
58,-1,20
58,-9,28
58,-2,21
58,2,17
58,-3,22
58,1,18
58,0,19
58,-1,20
58,-4,23
58,4,15
58,-1,20
58,-5,24
58,-4,23
58,2,17
58,6,13
58,-1,20
58,-1,20
58,-5,24
58,-4,23
58,-1,20
58,-10,29
58,-1,20
58,2,17
58,-2,21
58,-4,23
58,-2,21
58,1,18
58,-5,24
58,0,19
58,0,19
58,2,17
58,0,19
58,-4,23
58,3,16
58,1,18
58,-3,22
58,-2,21
58,0,19
58,-4,23
58,-3,22
58,0,19
58,-3,22
58,4,15
58,7,12
58,0,19
58,1,18
58,1,18
58,-3,22
58,6,13
58,0,19
58,-4,23
58,-1,20
58,-6,25
58,-1,20
58,0,19
58,3,16
58,-2,21
58,0,19
58,2,17
58,-5,24
58,0,19
58,-4,23
58,-2,21
58,-1,20
58,0,19
58,-1,20
58,4,15
58,2,17
58,0,19
58,3,16
58,3,16
58,0,19
58,-4,23
58,0,19
58,2,17
58,0,19
58,-1,20
58,-2,21
58,0,19
58,-1,20
58,-4,23
58,0,19
58,-1,20
58,1,18
59,-1,24
59,-6,29
59,-2,25
59,-2,25
59,2,21
59,1,22
59,-1,24
59,-2,25
59,0,23
59,-3,26
59,2,21
59,-4,27
59,0,23
59,2,21
59,1,22
59,-2,25
59,2,21
59,0,23
59,1,22
59,1,22
59,2,21
59,-2,25
59,-4,27
59,2,21
59,2,21
59,-1,24
59,2,21
59,-3,26
59,-3,26
59,0,23
59,-5,28
59,-1,24
59,-4,27
59,0,23
59,-2,25
59,-2,25
59,-6,29
59,3,20
59,2,21
59,-4,27
59,1,22
59,-4,27
59,-6,29
59,2,21
59,-1,24
59,1,22
59,-3,26
59,-1,24
59,-5,28
59,-9,32
59,-4,27
59,-1,24
59,-4,27
59,-2,25
59,-6,29
59,0,23
59,0,23
59,1,22
59,-2,25
59,2,21
59,-7,30
59,-7,30
59,-9,32
59,6,17
59,-6,29
59,2,21
59,-2,25
59,-3,26
59,-5,28
59,1,22
59,-4,27
59,-1,24
59,6,17
59,0,23
59,1,22
59,-3,26
59,-2,25
59,5,18
59,-5,28
59,-4,27
59,-6,29
59,-3,26
59,-1,24
59,2,21
59,3,20
59,-3,26
59,-3,26
59,4,19
59,-2,25
59,-5,28
59,1,22
59,0,23
59,1,22
59,-2,25
59,-2,25
59,0,23
59,1,22
59,-5,28
59,0,23
59,-2,25
59,-2,25
59,-3,26
59,-5,28
59,-2,25
59,-2,25
59,-1,24
59,2,21
59,3,20
59,1,22
59,1,22
59,-7,30
59,0,23
59,-4,27
59,0,23
59,-1,24
59,-2,25
59,-1,24
59,0,23
59,1,22
59,-3,26
59,-1,24
59,-5,28
59,2,21
59,3,20
59,0,23
59,-5,28
59,-4,27
59,1,22
59,-3,26
59,-1,24
59,-1,24
59,-2,25
59,-2,25
59,2,21
59,2,21
59,4,19
59,4,19
59,-5,28
59,3,20
59,-1,24
59,2,21
59,0,23
59,1,22
59,-3,26
59,1,22
59,-3,26
59,-3,26
59,-4,27
59,-5,28
59,5,18
59,0,23
59,-2,25
59,3,20
59,-3,26
59,2,21
59,-1,24
59,-1,24
59,1,22
59,-1,24
59,-4,27
59,-1,24
59,-2,25
59,1,22
59,1,22
59,-1,24
59,-6,29
59,-8,31
59,-4,27
59,0,23
59,-2,25
59,0,23
59,-4,27
59,-4,27
59,-2,25
59,-3,26
59,-1,24
59,-2,25
59,0,23
59,-1,24
59,-3,26
59,5,18
59,-3,26
59,-1,24
60,1,14
60,3,12
60,11,4
60,18,-3
60,17,-2
60,3,12
60,4,11
60,6,9
60,-3,18
60,16,-1
60,20,-5
60,12,3
60,3,12
60,3,12
60,-9,24
60,5,10
60,9,6
60,0,15
60,7,8
60,9,6
60,0,15
60,19,-4
60,3,12
60,8,7
60,9,6
60,4,11
60,1,14
60,20,-5
60,12,3
60,11,4
60,9,6
60,16,-1
60,3,12
60,5,10
60,5,10
60,9,6
60,11,4
60,4,11
60,0,15
60,9,6
60,7,8
60,12,3
60,15,0
60,5,10
60,10,5
60,15,0
60,7,8
60,16,-1
60,17,-2
60,7,8
60,9,6
60,29,-14
60,8,7
60,1,14
60,11,4
60,9,6
60,13,2
60,10,5
60,0,15
60,5,10
60,11,4
60,14,1
60,3,12
60,-2,17
60,7,8
60,1,14
60,7,8
60,6,9
60,2,13
60,-1,16
60,2,13
60,14,1
60,10,5
60,8,7
60,1,14
60,5,10
60,-6,21
60,0,15
60,16,-1
60,9,6
60,8,7
60,5,10
60,-1,16
60,1,14
60,5,10
60,5,10
60,4,11
60,10,5
60,14,1
60,6,9
60,-2,17
60,8,7
60,14,1
60,1,14
60,6,9
60,-2,17
60,2,13
60,6,9
60,7,8
60,13,2
60,5,10
60,-1,16
60,-4,19
60,-1,16
60,3,12
60,1,14
60,9,6
60,0,15
60,4,11
60,2,13
60,9,6
60,4,11
60,2,13
60,-1,16
60,7,8
60,7,8
60,14,1
60,3,12
60,13,2
60,1,14
60,-8,23
60,15,0
60,5,10
60,9,6
60,6,9
60,-7,22
60,10,5
60,7,8
60,-3,18
60,2,13
60,4,11
60,1,14
60,6,9
60,9,6
60,8,7
60,-1,16
60,5,10
60,1,14
60,4,11
60,11,4
60,4,11
60,3,12
60,20,-5
60,0,15
60,6,9
60,5,10
60,-1,16
60,11,4
60,8,7
60,11,4
60,10,5
60,6,9
60,-3,18
60,4,11
60,7,8
60,5,10
60,9,6
60,0,15
60,5,10
60,-5,20
60,0,15
60,5,10
60,0,15
60,-1,16
60,-4,19
60,2,13
60,14,1
60,7,8
60,-4,19
60,8,7
60,6,9
60,-7,22
60,4,11
60,3,12
60,4,11
60,-2,17
60,2,13
60,12,3
60,4,11
60,5,10
60,4,11
60,4,11
60,-5,20
60,2,13
61,-2,29
61,-2,29
61,-5,32
61,1,26
61,3,24
61,4,23
61,-1,28
61,-3,30
61,9,18
61,0,27
61,3,24
61,4,23
61,11,16
61,1,26
61,4,23
61,-3,30
61,1,26
61,2,25
61,-4,31
61,1,26
61,2,25
61,6,21
61,7,20
61,3,24
61,-13,40
61,6,21
61,5,22
61,10,17
61,-2,29
61,-2,29
61,3,24
61,5,22
61,5,22
61,6,21
61,4,23
61,-1,28
61,-3,30
61,3,24
61,-1,28
61,5,22
61,-2,29
61,2,25
61,8,19
61,-1,28
61,5,22
61,5,22
61,-5,32
61,8,19
61,-1,28
61,15,12
61,8,19
61,6,21
61,1,26
61,5,22
61,3,24
61,9,18
61,12,15
61,13,14
61,-3,30
61,5,22
61,1,26
61,7,20
61,-4,31
61,18,9
61,5,22
61,9,18
61,6,21
61,18,9
61,5,22
61,10,17
61,6,21
61,10,17
61,6,21
61,2,25
61,2,25
61,11,16
61,-3,30
61,9,18
61,2,25
61,1,26
61,1,26
61,8,19
61,4,23
61,-2,29
61,0,27
61,9,18
61,6,21
61,-7,34
61,13,14
61,5,22
61,7,20
61,2,25
61,-2,29
61,6,21
61,3,24
61,-1,28
61,4,23
61,8,19
61,12,15
61,5,22
61,1,26
61,-5,32
61,9,18
61,-1,28
61,11,16
61,11,16
61,11,16
61,-2,29
61,9,18
61,5,22
61,1,26
61,5,22
61,2,25
61,13,14
61,2,25
61,1,26
61,4,23
61,0,27
61,1,26
61,1,26
61,12,15
61,4,23
61,4,23
61,1,26
61,7,20
61,2,25
61,5,22
61,-3,30
61,1,26
61,-1,28
61,0,27
61,6,21
61,10,17
61,8,19
61,3,24
61,-4,31
61,-4,31
61,16,11
61,5,22
61,6,21
61,2,25
61,2,25
61,0,27
61,3,24
61,10,17
61,10,17
61,12,15
61,6,21
61,7,20
61,-2,29
61,3,24
61,7,20
61,-2,29
61,1,26
61,5,22
61,5,22
61,3,24
61,1,26
61,-6,33
61,0,27
61,13,14
61,0,27
61,3,24
61,0,27
61,11,16
61,4,23
61,13,14
61,4,23
61,6,21
61,1,26
61,8,19
61,0,27
61,-5,32
61,1,26
61,12,15
61,6,21
61,3,24
61,-8,35
61,2,25
61,0,27
61,2,25
61,8,19
61,-7,34
62,-7,26
62,-1,20
62,-5,24
62,-6,25
62,-3,22
62,-2,21
62,-6,25
62,-5,24
62,-7,26
62,-4,23
62,-1,20
62,4,15
62,-4,23
62,-8,27
62,-6,25
62,-11,30
62,-5,24
62,-1,20
62,-5,24
62,-13,32
62,-6,25
62,-8,27
62,-7,26
62,-2,21
62,-5,24
62,-8,27
62,-14,33
62,-4,23
62,-8,27
62,-12,31
62,3,16
62,-5,24
62,-10,29
62,-10,29
62,-7,26
62,-15,34
62,-4,23
62,0,19
62,-1,20
62,-8,27
62,-11,30
62,-6,25
62,-13,32
62,-9,28
62,-10,29
62,-6,25
62,-6,25
62,-8,27
62,-10,29
62,-5,24
62,-5,24
62,-6,25
62,6,13
62,-3,22
62,-17,36
62,-5,24
62,-17,36
62,-7,26
62,1,18
62,-1,20
62,-6,25
62,-9,28
62,-16,35
62,-8,27
62,-14,33
62,-3,22
62,2,17
62,-13,32
62,-2,21
62,-10,29
62,-4,23
62,-14,33
62,-9,28
62,-4,23
62,-12,31
62,-9,28
62,-8,27
62,-8,27
62,-1,20
62,-8,27
62,-3,22
62,-7,26
62,-6,25
62,-7,26
62,-12,31
62,-17,36
62,-4,23
62,-4,23
62,-10,29
62,-16,35
62,-11,30
62,3,16
62,-2,21
62,1,18
62,3,16
62,-3,22
62,-13,32
62,-3,22
62,-14,33
62,1,18
62,0,19
62,0,19
62,-10,29
62,-11,30
62,-10,29
62,-8,27
62,-17,36
62,-1,20
62,-3,22
62,-18,37
62,-12,31
62,-11,30
62,-18,37
62,-8,27
62,-4,23
62,-3,22
62,-10,29
62,-5,24
62,-7,26
62,-3,22
62,1,18
62,-3,22
62,-6,25
62,-3,22
62,-4,23
62,-12,31
62,-12,31
62,2,17
62,-4,23
62,-11,30
62,-10,29
62,-14,33
62,-15,34
62,-10,29
62,-1,20
62,-1,20
62,-11,30
62,-15,34
62,-18,37
62,-14,33
62,-12,31
62,1,18
62,4,15
62,-8,27
62,-21,40
62,-14,33
62,-2,21
62,-8,27
62,0,19
62,-4,23
62,-13,32
62,-9,28
62,-9,28
62,-3,22
62,-9,28
62,0,19
62,-3,22
62,-19,38
62,-18,37
62,-11,30
62,0,19
62,-5,24
62,2,17
62,0,19
62,-9,28
62,-11,30
62,-11,30
62,-7,26
62,-14,33
62,2,17
62,-1,20
62,-7,26
62,-8,27
62,-11,30
62,-10,29
62,-10,29
62,5,14
62,-14,33
62,-13,32
62,-1,20
62,-11,30
62,-6,25
63,-6,25
63,3,16
63,-4,23
63,-2,21
63,0,19
63,-2,21
63,3,16
63,-2,21
63,-1,20
63,-4,23
63,-8,27
63,4,15
63,2,17
63,6,13
63,0,19
63,6,13
63,-2,21
63,-4,23
63,3,16
63,-9,28
63,-1,20
63,-5,24
63,5,14
63,-1,20
63,-5,24
63,2,17
63,-1,20
63,-2,21
63,2,17
63,4,15
63,-1,20
63,-2,21
63,-5,24
63,-4,23
63,3,16
63,3,16
63,6,13
63,0,19
63,-2,21
63,-4,23
63,-3,22
63,3,16
63,4,15
63,-3,22
63,0,19
63,-4,23
63,0,19
63,-6,25
63,-5,24
63,-2,21
63,3,16
63,-2,21
63,-2,21
63,-11,30
63,-7,26
63,-2,21
63,3,16
63,-7,26
63,-4,23
63,0,19
63,-6,25
63,9,10
63,3,16
63,-4,23
63,-1,20
63,-7,26
63,-3,22
63,5,14
63,-1,20
63,-12,31
63,-3,22
63,-2,21
63,-6,25
63,-1,20
63,0,19
63,-2,21
63,-1,20
63,4,15
63,-3,22
63,2,17
63,-2,21
63,0,19
63,8,11
63,-1,20
63,-1,20
63,3,16
63,2,17
63,-1,20
63,-8,27
63,4,15
63,1,18
63,-1,20
63,-2,21
63,-4,23
63,-1,20
63,7,12
63,0,19
63,-6,25
63,4,15
63,-1,20
63,0,19
63,1,18
63,2,17
63,4,15
63,-1,20
63,-1,20
63,-3,22
63,-9,28
63,2,17
63,1,18
63,2,17
63,2,17
63,1,18
63,0,19
63,-3,22
63,-1,20
63,-2,21
63,1,18
63,1,18
63,-1,20
63,-4,23
63,0,19
63,4,15
63,1,18
63,-3,22
63,-8,27
63,5,14
63,0,19
63,1,18
63,1,18
63,0,19
63,-7,26
63,5,14
63,-5,24
63,2,17
63,-1,20
63,2,17
63,6,13
63,-4,23
63,-3,22
63,5,14
63,6,13
63,-9,28
63,5,14
63,0,19
63,0,19
63,7,12
63,-3,22
63,-4,23
63,-6,25
63,2,17
63,-2,21
63,4,15
63,5,14
63,2,17
63,1,18
63,3,16
63,-1,20
63,5,14
63,3,16
63,9,10
63,-4,23
63,8,11
63,0,19
63,2,17
63,8,11
63,13,6
63,-1,20
63,-4,23
63,-4,23
63,0,19
63,3,16
63,5,14
63,-4,23
63,-1,20
63,1,18
63,-5,24
63,0,19
63,0,19
63,2,17
63,2,17
63,3,16
63,2,17
64,4,11
64,10,5
64,9,6
64,5,10
64,-2,17
64,1,14
64,6,9
64,4,11
64,-1,16
64,5,10
64,3,12
64,0,15
64,3,12
64,5,10
64,-4,19
64,-1,16
64,5,10
64,-2,17
64,-5,20
64,7,8
64,-3,18
64,2,13
64,2,13
64,6,9
64,1,14
64,-4,19
64,3,12
64,-1,16
64,5,10
64,4,11
64,-3,18
64,-1,16
64,2,13
64,4,11
64,4,11
64,0,15
64,0,15
64,-1,16
64,0,15
64,-7,22
64,0,15
64,-4,19
64,4,11
64,-2,17
64,9,6
64,0,15
64,5,10
64,-4,19
64,-2,17
64,6,9
64,1,14
64,-2,17
64,1,14
64,-3,18
64,1,14
64,4,11
64,1,14
64,4,11
64,-7,22
64,0,15
64,-4,19
64,-4,19
64,-1,16
64,-3,18
64,6,9
64,-4,19
64,0,15
64,-5,20
64,8,7
64,0,15
64,-12,27
64,1,14
64,-6,21
64,5,10
64,-5,20
64,2,13
64,2,13
64,-3,18
64,4,11
64,7,8
64,-4,19
64,-2,17
64,1,14
64,-1,16
64,-3,18
64,1,14
64,0,15
64,4,11
64,3,12
64,8,7
64,1,14
64,-1,16
64,0,15
64,-5,20
64,4,11
64,-4,19
64,2,13
64,-3,18
64,3,12
64,-5,20
64,6,9
64,-1,16
64,-5,20
64,1,14
64,-4,19
64,-4,19
64,0,15
64,-6,21
64,8,7
64,4,11
64,-3,18
64,5,10
64,2,13
64,-2,17
64,1,14
64,2,13
64,-8,23
64,3,12
64,0,15
64,-4,19
64,0,15
64,-5,20
64,0,15
64,-1,16
64,0,15
64,-3,18
64,-6,21
64,-11,26
64,-2,17
64,-1,16
64,1,14
64,5,10
64,2,13
64,-6,21
64,5,10
64,4,11
64,-2,17
64,-4,19
64,8,7
64,5,10
64,6,9
64,-10,25
64,-1,16
64,-4,19
64,-3,18
64,-3,18
64,-19,34
64,4,11
64,-14,29
64,2,13
64,3,12
64,7,8
64,5,10
64,-4,19
64,1,14
64,-7,22
64,-8,23
64,-1,16
64,-4,19
64,5,10
64,7,8
64,-8,23
64,-3,18
64,-2,17
64,2,13
64,-6,21
64,-3,18
64,-2,17
64,0,15
64,-2,17
64,-3,18
64,4,11
64,-3,18
64,2,13
64,0,15
64,2,13
64,0,15
64,0,15
64,0,15
64,-4,19
64,2,13
64,-11,26
64,-2,17
65,5,10
65,5,10
65,-3,18
65,0,15
65,5,10
65,3,12
65,-2,17
65,2,13
65,3,12
65,2,13
65,-3,18
65,-2,17
65,11,4
65,8,7
65,7,8
65,3,12
65,2,13
65,5,10
65,2,13
65,12,3
65,2,13
65,2,13
65,-1,16
65,-2,17
65,7,8
65,-1,16
65,6,9
65,-4,19
65,3,12
65,-2,17
65,0,15
65,0,15
65,7,8
65,4,11
65,9,6
65,6,9
65,12,3
65,-3,18
65,5,10
65,2,13
65,6,9
65,8,7
65,4,11
65,0,15
65,4,11
65,2,13
65,2,13
65,12,3
65,11,4
65,7,8
65,6,9
65,-3,18
65,-4,19
65,3,12
65,10,5
65,9,6
65,7,8
65,7,8
65,2,13
65,1,14
65,12,3
65,4,11
65,14,1
65,-1,16
65,9,6
65,3,12
65,5,10
65,11,4
65,5,10
65,9,6
65,22,-7
65,3,12
65,0,15
65,5,10
65,6,9
65,11,4
65,5,10
65,12,3
65,6,9
65,0,15
65,2,13
65,8,7
65,15,0
65,1,14
65,7,8
65,4,11
65,-2,17
65,-1,16
65,7,8
65,-1,16
65,-3,18
65,-1,16
65,-1,16
65,3,12
65,0,15
65,8,7
65,7,8
65,10,5
65,8,7
65,10,5
65,5,10
65,4,11
65,9,6
65,-1,16
65,3,12
65,6,9
65,8,7
65,2,13
65,-3,18
65,4,11
65,14,1
65,2,13
65,1,14
65,3,12
65,8,7
65,3,12
65,-3,18
65,4,11
65,0,15
65,1,14
65,2,13
65,3,12
65,4,11
65,-6,21
65,-1,16
65,2,13
65,5,10
65,8,7
65,0,15
65,2,13
65,1,14
65,-4,19
65,10,5
65,-7,22
65,-3,18
65,-1,16
65,-3,18
65,5,10
65,8,7
65,5,10
65,-2,17
65,-3,18
65,1,14
65,-2,17
65,2,13
65,-1,16
65,-3,18
65,5,10
65,5,10
65,3,12
65,0,15
65,3,12
65,1,14
65,4,11
65,2,13
65,4,11
65,-6,21
65,1,14
65,-1,16
65,7,8
65,7,8
65,4,11
65,4,11
65,-4,19
65,-1,16
65,-3,18
65,-6,21
65,0,15
65,5,10
65,0,15
65,4,11
65,0,15
65,-4,19
65,2,13
65,2,13
65,9,6
65,1,14
65,1,14
65,-2,17
65,0,15
65,5,10
65,5,10
65,-7,22
65,5,10
66,4,15
66,-10,29
66,0,19
66,1,18
66,1,18
66,2,17
66,-1,20
66,1,18
66,-14,33
66,2,17
66,0,19
66,-2,21
66,7,12
66,-9,28
66,2,17
66,-5,24
66,0,19
66,-5,24
66,5,14
66,5,14
66,-2,21
66,2,17
66,5,14
66,1,18
66,3,16
66,-2,21
66,1,18
66,-6,25
66,9,10
66,-1,20
66,1,18
66,0,19
66,1,18
66,-9,28
66,-1,20
66,-2,21
66,3,16
66,0,19
66,-1,20
66,3,16
66,-5,24
66,-10,29
66,4,15
66,-3,22
66,-4,23
66,1,18
66,-5,24
66,-3,22
66,3,16
66,-1,20
66,-12,31
66,-6,25
66,5,14
66,2,17
66,-3,22
66,2,17
66,-3,22
66,3,16
66,-2,21
66,-2,21
66,-7,26
66,-1,20
66,-2,21
66,0,19
66,-2,21
66,5,14
66,1,18
66,-3,22
66,5,14
66,0,19
66,-7,26
66,-10,29
66,-6,25
66,1,18
66,2,17
66,-8,27
66,-5,24
66,-13,32
66,-8,27
66,1,18
66,1,18
66,-11,30
66,-3,22
66,1,18
66,-8,27
66,-6,25
66,2,17
66,-4,23
66,0,19
66,-3,22
66,6,13
66,1,18
66,-4,23
66,5,14
66,1,18
66,-2,21
66,-8,27
66,-10,29
66,-5,24
66,0,19
66,0,19
66,-1,20
66,-4,23
66,1,18
66,-7,26
66,-2,21
66,-8,27
66,6,13
66,-5,24
66,2,17
66,-5,24
66,-5,24
66,-5,24
66,-3,22
66,4,15
66,-2,21
66,0,19
66,2,17
66,-2,21
66,-2,21
66,-5,24
66,0,19
66,2,17
66,0,19
66,-4,23
66,9,10
66,-5,24
66,3,16
66,-1,20
66,-2,21
66,-10,29
66,-4,23
66,-8,27
66,-7,26
66,-7,26
66,-1,20
66,-6,25
66,-2,21
66,-3,22
66,-4,23
66,-9,28
66,-4,23
66,3,16
66,6,13
66,6,13
66,-2,21
66,-9,28
66,-10,29
66,2,17
66,-10,29
66,0,19
66,-2,21
66,-11,30
66,-10,29
66,-3,22
66,-8,27
66,-2,21
66,2,17
66,-9,28
66,-8,27
66,-8,27
66,-1,20
66,0,19
66,-1,20
66,1,18
66,-2,21
66,-5,24
66,-7,26
66,-3,22
66,-9,28
66,3,16
66,-7,26
66,7,12
66,-8,27
66,-7,26
66,-2,21
66,0,19
66,-2,21
66,3,16
66,-9,28
66,-8,27
66,-1,20
66,-6,25
66,-5,24
67,-1,28
67,5,22
67,2,25
67,-7,34
67,0,27
67,-12,39
67,6,21
67,6,21
67,7,20
67,-6,33
67,-2,29
67,1,26
67,-2,29
67,1,26
67,-1,28
67,-2,29
67,-1,28
67,-1,28
67,-2,29
67,-6,33
67,-1,28
67,-8,35
67,-5,32
67,-8,35
67,-3,30
67,-6,33
67,-1,28
67,0,27
67,-2,29
67,3,24
67,6,21
67,-4,31
67,-11,38
67,3,24
67,4,23
67,0,27
67,-1,28
67,-4,31
67,-4,31
67,8,19
67,0,27
67,3,24
67,-6,33
67,4,23
67,3,24
67,0,27
67,1,26
67,-4,31
67,0,27
67,-2,29
67,1,26
67,-4,31
67,-3,30
67,1,26
67,-7,34
67,-6,33
67,6,21
67,8,19
67,4,23
67,3,24
67,9,18
67,-7,34
67,-10,37
67,-3,30
67,2,25
67,7,20
67,-2,29
67,-1,28
67,5,22
67,12,15
67,5,22
67,5,22
67,0,27
67,-3,30
67,-9,36
67,3,24
67,10,17
67,-4,31
67,3,24
67,9,18
67,1,26
67,4,23
67,-3,30
67,-3,30
67,-5,32
67,5,22
67,5,22
67,3,24
67,2,25
67,-2,29
67,-4,31
67,-4,31
67,-1,28
67,-2,29
67,3,24
67,6,21
67,-2,29
67,-5,32
67,0,27
67,-1,28
67,-2,29
67,-1,28
67,1,26
67,-9,36
67,1,26
67,-8,35
67,-8,35
67,0,27
67,0,27
67,-4,31
67,6,21
67,0,27
67,0,27
67,-7,34
67,1,26
67,-2,29
67,-5,32
67,-8,35
67,1,26
67,0,27
67,0,27
67,4,23
67,-3,30
67,-3,30
67,2,25
67,1,26
67,-2,29
67,1,26
67,-2,29
67,0,27
67,4,23
67,2,25
67,2,25
67,6,21
67,-11,38
67,3,24
67,-4,31
67,-3,30
67,2,25
67,1,26
67,5,22
67,-11,38
67,-3,30
67,0,27
67,-3,30
67,-1,28
67,0,27
67,-13,40
67,-1,28
67,-4,31
67,-5,32
67,-1,28
67,-3,30
67,7,20
67,5,22
67,8,19
67,-6,33
67,-2,29
67,3,24
67,-7,34
67,3,24
67,1,26
67,-3,30
67,-1,28
67,1,26
67,-3,30
67,0,27
67,-7,34
67,-4,31
67,4,23
67,-5,32
67,-3,30
67,4,23
67,-8,35
67,-7,34
67,-1,28
67,0,27
67,-4,31
67,3,24
67,-6,33
67,1,26
67,1,26
67,3,24
67,3,24
68,-8,27
68,6,13
68,-5,24
68,-1,20
68,-1,20
68,0,19
68,0,19
68,1,18
68,0,19
68,-6,25
68,0,19
68,0,19
68,-1,20
68,4,15
68,6,13
68,8,11
68,0,19
68,5,14
68,0,19
68,-1,20
68,0,19
68,0,19
68,2,17
68,5,14
68,7,12
68,3,16
68,4,15
68,3,16
68,5,14
68,-2,21
68,-3,22
68,0,19
68,4,15
68,-6,25
68,-1,20
68,-2,21
68,4,15
68,2,17
68,5,14
68,-4,23
68,-1,20
68,7,12
68,2,17
68,3,16
68,9,10
68,4,15
68,5,14
68,7,12
68,-1,20
68,1,18
68,-6,25
68,-1,20
68,3,16
68,3,16
68,8,11
68,-3,22
68,-1,20
68,-2,21
68,2,17
68,-2,21
68,4,15
68,9,10
68,7,12
68,-3,22
68,-1,20
68,-17,36
68,-3,22
68,-2,21
68,-2,21
68,-4,23
68,-5,24
68,-7,26
68,2,17
68,5,14
68,-1,20
68,5,14
68,3,16
68,-1,20
68,8,11
68,-2,21
68,2,17
68,0,19
68,-2,21
68,8,11
68,-1,20
68,1,18
68,-3,22
68,-4,23
68,0,19
68,-3,22
68,-1,20
68,-1,20
68,9,10
68,7,12
68,5,14
68,3,16
68,2,17
68,5,14
68,3,16
68,2,17
68,-7,26
68,4,15
68,-7,26
68,3,16
68,4,15
68,3,16
68,-3,22
68,-5,24
68,2,17
68,-5,24
68,0,19
68,5,14
68,-1,20
68,1,18
68,-8,27
68,-1,20
68,3,16
68,3,16
68,3,16
68,3,16
68,-2,21
68,-2,21
68,5,14
68,-1,20
68,6,13
68,7,12
68,9,10
68,1,18
68,1,18
68,0,19
68,6,13
68,-1,20
68,-5,24
68,4,15
68,1,18
68,-4,23
68,-1,20
68,-2,21
68,0,19
68,2,17
68,-1,20
68,-3,22
68,2,17
68,2,17
68,6,13
68,2,17
68,6,13
68,-3,22
68,4,15
68,-2,21
68,-2,21
68,6,13
68,-3,22
68,-2,21
68,1,18
68,0,19
68,-1,20
68,5,14
68,6,13
68,3,16
68,-9,28
68,0,19
68,0,19
68,-2,21
68,0,19
68,2,17
68,-2,21
68,3,16
68,0,19
68,-1,20
68,0,19
68,5,14
68,-1,20
68,-6,25
68,-5,24
68,5,14
68,-1,20
68,-5,24
68,-3,22
68,-4,23
68,-8,27
68,-4,23
68,-1,20
69,1,22
69,2,21
69,2,21
69,2,21
69,4,19
69,8,15
69,7,16
69,-1,24
69,2,21
69,-2,25
69,0,23
69,0,23
69,-6,29
69,-8,31
69,12,11
69,1,22
69,6,17
69,1,22
69,9,14
69,-4,27
69,-7,30
69,-8,31
69,1,22
69,-4,27
69,1,22
69,0,23
69,3,20
69,15,8
69,-9,32
69,3,20
69,-2,25
69,1,22
69,-3,26
69,0,23
69,3,20
69,-1,24
69,-3,26
69,-6,29
69,-2,25
69,-4,27
69,13,10
69,-3,26
69,5,18
69,4,19
69,-5,28
69,-3,26
69,5,18
69,2,21
69,1,22
69,2,21
69,6,17
69,3,20
69,-1,24
69,-2,25
69,3,20
69,8,15
69,6,17
69,4,19
69,-2,25
69,0,23
69,-9,32
69,8,15
69,1,22
69,0,23
69,-4,27
69,1,22
69,-3,26
69,1,22
69,-6,29
69,2,21
69,-2,25
69,10,13
69,1,22
69,-3,26
69,-7,30
69,-9,32
69,-1,24
69,-10,33
69,-4,27
69,0,23
69,-1,24
69,-3,26
69,1,22
69,10,13
69,-2,25
69,4,19
69,3,20
69,6,17
69,-14,37
69,14,9
69,4,19
69,-2,25
69,-6,29
69,-7,30
69,5,18
69,0,23
69,5,18
69,8,15
69,0,23
69,1,22
69,-8,31
69,0,23
69,-7,30
69,8,15
69,5,18
69,-1,24
69,2,21
69,-3,26
69,7,16
69,-13,36
69,-1,24
69,3,20
69,11,12
69,10,13
69,-8,31
69,-1,24
69,7,16
69,0,23
69,-2,25
69,-1,24
69,1,22
69,-1,24
69,-2,25
69,0,23
69,-3,26
69,3,20
69,4,19
69,-4,27
69,6,17
69,3,20
69,0,23
69,-5,28
69,0,23
69,5,18
69,-2,25
69,-1,24
69,-5,28
69,2,21
69,1,22
69,-1,24
69,16,7
69,-7,30
69,5,18
69,-1,24
69,-4,27
69,5,18
69,7,16
69,19,4
69,-1,24
69,2,21
69,5,18
69,6,17
69,2,21
69,4,19
69,-6,29
69,12,11
69,1,22
69,0,23
69,3,20
69,5,18
69,5,18
69,-4,27
69,9,14
69,0,23
69,0,23
69,8,15
69,-3,26
69,0,23
69,-11,34
69,-2,25
69,-9,32
69,3,20
69,-6,29
69,4,19
69,-7,30
69,7,16
69,7,16
69,-5,28
69,-2,25
69,-4,27
69,-2,25
69,2,21
69,15,8
69,-3,26
70,8,11
70,-9,28
70,6,13
70,-2,21
70,8,11
70,0,19
70,-1,20
70,5,14
70,-8,27
70,6,13
70,1,18
70,7,12
70,0,19
70,10,9
70,9,10
70,0,19
70,2,17
70,0,19
70,5,14
70,5,14
70,5,14
70,16,3
70,8,11
70,1,18
70,14,5
70,0,19
70,3,16
70,10,9
70,11,8
70,12,7
70,6,13
70,1,18
70,14,5
70,5,14
70,3,16
70,3,16
70,10,9
70,3,16
70,-3,22
70,20,-1
70,3,16
70,8,11
70,9,10
70,13,6
70,-1,20
70,-1,20
70,-1,20
70,-2,21
70,14,5
70,2,17
70,1,18
70,1,18
70,7,12
70,19,0
70,14,5
70,-2,21
70,6,13
70,-1,20
70,3,16
70,-1,20
70,14,5
70,-1,20
70,22,-3
70,18,1
70,9,10
70,3,16
70,4,15
70,10,9
70,23,-4
70,8,11
70,23,-4
70,11,8
70,-3,22
70,-8,27
70,15,4
70,37,-18
70,7,12
70,27,-8
70,10,9
70,3,16
70,5,14
70,8,11
70,-1,20
70,21,-2
70,20,-1
70,3,16
70,-5,24
70,4,15
70,21,-2
70,-6,25
70,16,3
70,8,11
70,7,12
70,1,18
70,-4,23
70,1,18
70,14,5
70,5,14
70,4,15
70,8,11
70,7,12
70,6,13
70,30,-11
70,15,4
70,23,-4
70,27,-8
70,29,-10
70,5,14
70,4,15
70,11,8
70,11,8
70,22,-3
70,21,-2
70,-1,20
70,2,17
70,5,14
70,6,13
70,0,19
70,0,19
70,2,17
70,5,14
70,-4,23
70,3,16
70,18,1
70,9,10
70,5,14
70,12,7
70,17,2
70,3,16
70,2,17
70,19,0
70,21,-2
70,33,-14
70,36,-17
70,32,-13
70,1,18
70,5,14
70,1,18
70,27,-8
70,13,6
70,21,-2
70,41,-22
70,0,19
70,-3,22
70,15,4
70,15,4
70,16,3
70,14,5
70,20,-1
70,0,19
70,2,17
70,23,-4
70,23,-4
70,19,0
70,27,-8
70,28,-9
70,3,16
70,11,8
70,20,-1
70,15,4
70,15,4
70,42,-23
70,-5,24
70,5,14
70,2,17
70,14,5
70,21,-2
70,23,-4
70,21,-2
70,27,-8
70,11,8
70,4,15
70,9,10
70,32,-13
70,30,-11
70,21,-2
70,4,15
70,3,16
70,5,14
70,26,-7
70,22,-3
70,15,4
70,8,11
70,4,15
71,3,16
71,-1,20
71,0,19
71,-4,23
71,-3,22
71,5,14
71,4,15
71,-4,23
71,4,15
71,0,19
71,1,18
71,1,18
71,1,18
71,-5,24
71,-1,20
71,-5,24
71,-1,20
71,-4,23
71,-3,22
71,-4,23
71,-3,22
71,-6,25
71,-8,27
71,-1,20
71,-10,29
71,-10,29
71,-3,22
71,-4,23
71,-2,21
71,-3,22
71,-1,20
71,-8,27
71,-10,29
71,-4,23
71,-3,22
71,-4,23
71,-2,21
71,12,7
71,-3,22
71,-10,29
71,7,12
71,-5,24
71,-5,24
71,1,18
71,-5,24
71,-1,20
71,-2,21
71,3,16
71,-6,25
71,-4,23
71,7,12
71,-5,24
71,0,19
71,-3,22
71,-8,27
71,-2,21
71,-12,31
71,1,18
71,10,9
71,-4,23
71,-4,23
71,-1,20
71,-4,23
71,-7,26
71,8,11
71,-3,22
71,8,11
71,-1,20
71,-7,26
71,4,15
71,-2,21
71,-11,30
71,-2,21
71,9,10
71,-4,23
71,-3,22
71,-5,24
71,0,19
71,5,14
71,-6,25
71,-7,26
71,-2,21
71,-5,24
71,-6,25
71,-5,24
71,-6,25
71,-1,20
71,0,19
71,-7,26
71,-6,25
71,-2,21
71,3,16
71,3,16
71,2,17
71,-1,20
71,-2,21
71,-6,25
71,-6,25
71,-9,28
71,-13,32
71,2,17
71,-7,26
71,-4,23
71,-1,20
71,-15,34
71,-4,23
71,-1,20
71,11,8
71,-9,28
71,-6,25
71,-5,24
71,-5,24
71,-10,29
71,2,17
71,2,17
71,-9,28
71,-7,26
71,0,19
71,-2,21
71,-5,24
71,3,16
71,1,18
71,-2,21
71,7,12
71,-9,28
71,4,15
71,1,18
71,-1,20
71,5,14
71,2,17
71,-11,30
71,-7,26
71,-8,27
71,-10,29
71,-5,24
71,-4,23
71,3,16
71,-4,23
71,-3,22
71,-5,24
71,-15,34
71,2,17
71,0,19
71,7,12
71,-4,23
71,-4,23
71,-15,34
71,-5,24
71,-6,25
71,-7,26
71,-1,20
71,-12,31
71,-6,25
71,-8,27
71,-14,33
71,-9,28
71,-7,26
71,0,19
71,-2,21
71,-6,25
71,-7,26
71,-2,21
71,-5,24
71,1,18
71,-2,21
71,0,19
71,-5,24
71,-4,23
71,-2,21
71,-10,29
71,0,19
71,-3,22
71,-11,30
71,-5,24
71,-3,22
71,-11,30
71,-9,28
71,-4,23
71,-2,21
71,0,19
71,-2,21
71,-9,28
71,-3,22
71,3,16
72,7,16
72,-3,26
72,-8,31
72,5,18
72,-4,27
72,-6,29
72,4,19
72,1,22
72,3,20
72,-2,25
72,-1,24
72,6,17
72,-1,24
72,2,21
72,4,19
72,-2,25
72,2,21
72,8,15
72,-1,24
72,-6,29
72,9,14
72,-7,30
72,8,15
72,-2,25
72,4,19
72,12,11
72,1,22
72,2,21
72,-3,26
72,-4,27
72,3,20
72,0,23
72,-2,25
72,3,20
72,-4,27
72,4,19
72,-3,26
72,-5,28
72,3,20
72,-4,27
72,-7,30
72,10,13
72,8,15
72,1,22
72,1,22
72,0,23
72,-1,24
72,5,18
72,5,18
72,-1,24
72,4,19
72,5,18
72,1,22
72,2,21
72,2,21
72,0,23
72,-10,33
72,2,21
72,4,19
72,-4,27
72,2,21
72,-6,29
72,3,20
72,7,16
72,-7,30
72,8,15
72,-7,30
72,1,22
72,3,20
72,-7,30
72,-11,34
72,-4,27
72,7,16
72,0,23
72,2,21
72,-4,27
72,-1,24
72,1,22
72,-10,33
72,-4,27
72,-1,24
72,3,20
72,-9,32
72,8,15
72,-3,26
72,-5,28
72,5,18
72,5,18
72,4,19
72,8,15
72,-4,27
72,-2,25
72,0,23
72,0,23
72,1,22
72,10,13
72,-6,29
72,7,16
72,0,23
72,-10,33
72,-3,26
72,-4,27
72,0,23
72,2,21
72,0,23
72,0,23
72,0,23
72,-1,24
72,0,23
72,-2,25
72,5,18
72,2,21
72,-2,25
72,1,22
72,5,18
72,0,23
72,9,14
72,0,23
72,8,15
72,0,23
72,-2,25
72,0,23
72,-5,28
72,5,18
72,-11,34
72,1,22
72,1,22
72,-6,29
72,1,22
72,2,21
72,1,22
72,4,19
72,5,18
72,4,19
72,-5,28
72,0,23
72,8,15
72,5,18
72,5,18
72,3,20
72,5,18
72,1,22
72,-8,31
72,0,23
72,-4,27
72,6,17
72,5,18
72,-3,26
72,-2,25
72,1,22
72,-1,24
72,2,21
72,-2,25
72,-4,27
72,9,14
72,1,22
72,4,19
72,3,20
72,5,18
72,0,23
72,-3,26
72,3,20
72,-6,29
72,1,22
72,3,20
72,0,23
72,11,12
72,0,23
72,-5,28
72,-4,27
72,4,19
72,1,22
72,-2,25
72,5,18
72,-1,24
72,-4,27
72,4,19
72,1,22
72,-6,29
72,12,11
72,1,22
72,10,13
72,0,23
73,-1,16
73,11,4
73,-7,22
73,7,8
73,-9,24
73,0,15
73,-4,19
73,-9,24
73,2,13
73,7,8
73,0,15
73,-4,19
73,-5,20
73,-19,34
73,7,8
73,1,14
73,-6,21
73,7,8
73,-2,17
73,-5,20
73,-10,25
73,2,13
73,-14,29
73,0,15
73,6,9
73,-7,22
73,-2,17
73,-13,28
73,-5,20
73,-16,31
73,-2,17
73,-1,16
73,-4,19
73,-4,19
73,-6,21
73,-20,35
73,-18,33
73,-14,29
73,2,13
73,-4,19
73,-13,28
73,-7,22
73,-15,30
73,-8,23
73,2,13
73,2,13
73,-7,22
73,-2,17
73,-13,28
73,-14,29
73,-8,23
73,-6,21
73,9,6
73,-8,23
73,-8,23
73,-10,25
73,-11,26
73,-7,22
73,1,14
73,0,15
73,-9,24
73,-1,16
73,-14,29
73,-6,21
73,-2,17
73,-12,27
73,-2,17
73,-12,27
73,-13,28
73,-4,19
73,-17,32
73,-19,34
73,-12,27
73,-6,21
73,1,14
73,-10,25
73,-10,25
73,-9,24
73,-13,28
73,-6,21
73,0,15
73,-6,21
73,-7,22
73,-9,24
73,-4,19
73,-6,21
73,-13,28
73,2,13
73,-14,29
73,-10,25
73,-5,20
73,-2,17
73,7,8
73,-5,20
73,-6,21
73,-11,26
73,-12,27
73,-10,25
73,-17,32
73,-13,28
73,-8,23
73,-5,20
73,-14,29
73,-11,26
73,-15,30
73,-18,33
73,-12,27
73,-7,22
73,-12,27
73,-17,32
73,-12,27
73,-7,22
73,-14,29
73,-9,24
73,-4,19
73,-1,16
73,-9,24
73,-2,17
73,-2,17
73,0,15
73,-8,23
73,2,13
73,-9,24
73,3,12
73,-14,29
73,-2,17
73,-17,32
73,-6,21
73,-3,18
73,-1,16
73,-10,25
73,-6,21
73,-8,23
73,-11,26
73,-15,30
73,-5,20
73,-5,20
73,-12,27
73,-10,25
73,-14,29
73,-13,28
73,-12,27
73,-3,18
73,-2,17
73,-7,22
73,-6,21
73,-17,32
73,-17,32
73,-10,25
73,-4,19
73,-7,22
73,-9,24
73,-9,24
73,-12,27
73,-12,27
73,-14,29
73,-1,16
73,0,15
73,-19,34
73,-13,28
73,-18,33
73,-7,22
73,-11,26
73,-2,17
73,3,12
73,-17,32
73,-13,28
73,-20,35
73,-18,33
73,-12,27
73,-2,17
73,-6,21
73,-8,23
73,-23,38
73,-17,32
73,-12,27
73,-20,35
73,7,8
73,5,10
73,-18,33
73,-9,24
73,-5,20
73,-18,33
73,-2,17
73,2,13
73,1,14
74,4,19
74,1,22
74,8,15
74,-7,30
74,-1,24
74,0,23
74,-3,26
74,-9,32
74,7,16
74,2,21
74,-3,26
74,1,22
74,-2,25
74,-1,24
74,-9,32
74,8,15
74,4,19
74,1,22
74,0,23
74,9,14
74,-1,24
74,-2,25
74,-7,30
74,-1,24
74,0,23
74,7,16
74,-12,35
74,-10,33
74,6,17
74,-10,33
74,1,22
74,7,16
74,7,16
74,0,23
74,2,21
74,5,18
74,4,19
74,10,13
74,4,19
74,2,21
74,6,17
74,-2,25
74,8,15
74,2,21
74,-4,27
74,4,19
74,-4,27
74,9,14
74,6,17
74,-1,24
74,-1,24
74,13,10
74,-3,26
74,-4,27
74,1,22
74,-7,30
74,-11,34
74,-12,35
74,8,15
74,-4,27
74,8,15
74,-9,32
74,-5,28
74,3,20
74,8,15
74,4,19
74,-5,28
74,10,13
74,1,22
74,-9,32
74,-8,31
74,2,21
74,3,20
74,8,15
74,2,21
74,-8,31
74,19,4
74,-5,28
74,2,21
74,-7,30
74,-1,24
74,1,22
74,-1,24
74,-2,25
74,0,23
74,5,18
74,-2,25
74,3,20
74,0,23
74,7,16
74,0,23
74,-1,24
74,4,19
74,4,19
74,0,23
74,-3,26
74,10,13
74,-1,24
74,2,21
74,-14,37
74,-6,29
74,3,20
74,3,20
74,8,15
74,3,20
74,-9,32
74,3,20
74,5,18
74,-2,25
74,6,17
74,3,20
74,-6,29
74,7,16
74,-5,28
74,-2,25
74,6,17
74,-4,27
74,1,22
74,-3,26
74,-1,24
74,2,21
74,8,15
74,2,21
74,0,23
74,16,7
74,-7,30
74,-5,28
74,10,13
74,0,23
74,3,20
74,10,13
74,-6,29
74,-4,27
74,7,16
74,-1,24
74,-4,27
74,-2,25
74,5,18
74,5,18
74,-1,24
74,-2,25
74,2,21
74,1,22
74,3,20
74,4,19
74,7,16
74,8,15
74,-10,33
74,-2,25
74,4,19
74,-1,24
74,-1,24
74,1,22
74,2,21
74,-10,33
74,-2,25
74,-1,24
74,0,23
74,5,18
74,-1,24
74,-3,26
74,7,16
74,-1,24
74,-1,24
74,1,22
74,6,17
74,1,22
74,-13,36
74,5,18
74,2,21
74,6,17
74,8,15
74,1,22
74,-4,27
74,8,15
74,-1,24
74,6,17
74,12,11
74,0,23
74,3,20
74,7,16
74,4,19
74,2,21
74,5,18
75,1,18
75,2,17
75,4,15
75,-8,27
75,2,17
75,-1,20
75,-3,22
75,3,16
75,-4,23
75,-14,33
75,-2,21
75,-2,21
75,-5,24
75,-7,26
75,0,19
75,3,16
75,-1,20
75,-3,22
75,-1,20
75,-3,22
75,3,16
75,1,18
75,5,14
75,5,14
75,-4,23
75,-6,25
75,7,12
75,3,16
75,-6,25
75,3,16
75,-7,26
75,8,11
75,-2,21
75,-4,23
75,-4,23
75,-3,22
75,-3,22
75,9,10
75,2,17
75,-8,27
75,4,15
75,2,17
75,7,12
75,1,18
75,-2,21
75,-3,22
75,-1,20
75,6,13
75,2,17
75,2,17
75,5,14
75,-4,23
75,-2,21
75,3,16
75,7,12
75,-2,21
75,8,11
75,-1,20
75,-3,22
75,-3,22
75,-9,28
75,-1,20
75,2,17
75,-8,27
75,-4,23
75,0,19
75,0,19
75,-2,21
75,2,17
75,-3,22
75,9,10
75,-5,24
75,-10,29
75,4,15
75,-7,26
75,4,15
75,-4,23
75,-1,20
75,-1,20
75,-6,25
75,-1,20
75,-1,20
75,8,11
75,-4,23
75,5,14
75,-5,24
75,-5,24
75,-4,23
75,-3,22
75,-5,24
75,-1,20
75,-2,21
75,-5,24
75,-2,21
75,-1,20
75,-1,20
75,-3,22
75,6,13
75,-4,23
75,1,18
75,0,19
75,0,19
75,1,18
75,2,17
75,5,14
75,1,18
75,-2,21
75,-5,24
75,-1,20
75,-1,20
75,-1,20
75,2,17
75,6,13
75,-2,21
75,-2,21
75,-2,21
75,1,18
75,1,18
75,-10,29
75,-6,25
75,9,10
75,0,19
75,-7,26
75,-2,21
75,-6,25
75,-7,26
75,-4,23
75,6,13
75,3,16
75,-4,23
75,5,14
75,5,14
75,0,19
75,-7,26
75,6,13
75,2,17
75,2,17
75,3,16
75,2,17
75,-2,21
75,0,19
75,-5,24
75,-5,24
75,-2,21
75,-4,23
75,7,12
75,3,16
75,-1,20
75,-5,24
75,-6,25
75,-3,22
75,-3,22
75,-4,23
75,2,17
75,-11,30
75,-2,21
75,3,16
75,-4,23
75,-4,23
75,-4,23
75,2,17
75,1,18
75,-1,20
75,-2,21
75,-4,23
75,0,19
75,0,19
75,1,18
75,2,17
75,1,18
75,1,18
75,-4,23
75,5,14
75,-7,26
75,-2,21
75,-3,22
75,-1,20
75,1,18
75,-7,26
75,4,15
75,-2,21
75,-2,21
76,0,19
76,2,17
76,-2,21
76,2,17
76,-9,28
76,6,13
76,-8,27
76,4,15
76,-7,26
76,8,11
76,8,11
76,-3,22
76,-2,21
76,8,11
76,7,12
76,5,14
76,3,16
76,4,15
76,-6,25
76,5,14
76,-2,21
76,0,19
76,17,2
76,8,11
76,-4,23
76,9,10
76,11,8
76,1,18
76,4,15
76,-4,23
76,-3,22
76,7,12
76,-6,25
76,-6,25
76,-3,22
76,-1,20
76,-12,31
76,-4,23
76,1,18
76,-5,24
76,2,17
76,9,10
76,-7,26
76,-3,22
76,8,11
76,-1,20
76,7,12
76,-14,33
76,-13,32
76,1,18
76,-2,21
76,0,19
76,-3,22
76,-14,33
76,2,17
76,4,15
76,-9,28
76,-5,24
76,3,16
76,4,15
76,-1,20
76,-2,21
76,-7,26
76,0,19
76,3,16
76,11,8
76,6,13
76,-5,24
76,-7,26
76,-5,24
76,-1,20
76,2,17
76,1,18
76,-2,21
76,7,12
76,2,17
76,-3,22
76,5,14
76,6,13
76,10,9
76,9,10
76,-3,22
76,4,15
76,-8,27
76,-1,20
76,-3,22
76,0,19
76,-4,23
76,-14,33
76,-6,25
76,-1,20
76,12,7
76,-7,26
76,2,17
76,3,16
76,-6,25
76,10,9
76,4,15
76,-1,20
76,2,17
76,-1,20
76,-2,21
76,0,19
76,2,17
76,-5,24
76,9,10
76,3,16
76,3,16
76,6,13
76,-5,24
76,0,19
76,0,19
76,-1,20
76,5,14
76,2,17
76,13,6
76,9,10
76,-4,23
76,13,6
76,4,15
76,8,11
76,-1,20
76,0,19
76,0,19
76,6,13
76,-1,20
76,2,17
76,6,13
76,7,12
76,6,13
76,-6,25
76,-2,21
76,-4,23
76,-8,27
76,-1,20
76,5,14
76,3,16
76,2,17
76,-6,25
76,-5,24
76,-4,23
76,-4,23
76,4,15
76,0,19
76,-13,32
76,-1,20
76,8,11
76,2,17
76,3,16
76,1,18
76,3,16
76,-1,20
76,-7,26
76,5,14
76,5,14
76,-9,28
76,7,12
76,-1,20
76,-6,25
76,10,9
76,0,19
76,-3,22
76,-7,26
76,0,19
76,3,16
76,1,18
76,1,18
76,10,9
76,-1,20
76,1,18
76,-2,21
76,0,19
76,-2,21
76,6,13
76,2,17
76,3,16
76,4,15
76,0,19
76,1,18
76,-2,21
76,3,16
76,-6,25
76,-8,27
76,-3,22
77,-3,30
77,-13,40
77,-1,28
77,-3,30
77,-4,31
77,-5,32
77,-5,32
77,4,23
77,4,23
77,0,27
77,-2,29
77,4,23
77,7,20
77,-2,29
77,1,26
77,-9,36
77,-6,33
77,-3,30
77,-11,38
77,4,23
77,-1,28
77,3,24
77,0,27
77,-7,34
77,-4,31
77,0,27
77,-9,36
77,-1,28
77,7,20
77,5,22
77,-2,29
77,-2,29
77,5,22
77,3,24
77,3,24
77,3,24
77,18,9
77,2,25
77,1,26
77,10,17
77,4,23
77,10,17
77,-3,30
77,8,19
77,-7,34
77,-1,28
77,-6,33
77,-6,33
77,-1,28
77,-4,31
77,0,27
77,-4,31
77,-2,29
77,7,20
77,3,24
77,3,24
77,-7,34
77,10,17
77,-10,37
77,7,20
77,-7,34
77,10,17
77,-1,28
77,3,24
77,0,27
77,-4,31
77,-3,30
77,-10,37
77,-14,41
77,2,25
77,17,10
77,5,22
77,2,25
77,-6,33
77,5,22
77,-9,36
77,11,16
77,3,24
77,3,24
77,0,27
77,0,27
77,6,21
77,-1,28
77,-2,29
77,9,18
77,6,21
77,6,21
77,1,26
77,7,20
77,6,21
77,1,26
77,-6,33
77,1,26
77,1,26
77,-5,32
77,2,25
77,7,20
77,-4,31
77,2,25
77,7,20
77,-2,29
77,2,25
77,3,24
77,0,27
77,3,24
77,-11,38
77,6,21
77,-4,31
77,-6,33
77,7,20
77,9,18
77,4,23
77,-5,32
77,12,15
77,0,27
77,-3,30
77,4,23
77,9,18
77,-6,33
77,8,19
77,5,22
77,-11,38
77,-6,33
77,9,18
77,-3,30
77,5,22
77,7,20
77,-1,28
77,0,27
77,0,27
77,8,19
77,9,18
77,-4,31
77,1,26
77,5,22
77,-1,28
77,-6,33
77,11,16
77,-9,36
77,11,16
77,8,19
77,9,18
77,-6,33
77,3,24
77,-1,28
77,10,17
77,13,14
77,2,25
77,15,12
77,5,22
77,2,25
77,1,26
77,11,16
77,5,22
77,-2,29
77,17,10
77,6,21
77,-3,30
77,6,21
77,7,20
77,2,25
77,-5,32
77,16,11
77,4,23
77,-3,30
77,1,26
77,14,13
77,-1,28
77,12,15
77,8,19
77,0,27
77,11,16
77,3,24
77,13,14
77,3,24
77,5,22
77,0,27
77,-2,29
77,-1,28
77,2,25
77,18,9
77,0,27
77,2,25
77,3,24
80,1,14
80,0,15
80,0,15
80,-1,16
80,-1,16
80,-1,16
80,0,15
80,0,15
80,1,14
80,1,14
80,1,14
80,-1,16
80,0,15
80,0,15
80,0,15
80,0,15
82,0,15
82,1,14
82,-1,16
82,-3,18
82,1,14
82,-1,16
82,4,11
82,4,11
82,0,15
82,1,14
82,1,14
82,1,14
82,-1,16
82,-2,17
82,1,14
82,1,14
82,1,14
82,-1,16
82,-3,18
82,-2,17
82,0,15
82,3,12
82,-3,18
82,1,14
82,6,9
82,-1,16
82,4,11
82,-2,17
82,1,14
82,-5,20
82,-2,17
82,0,15
82,3,12
82,-5,20
82,-1,16
82,1,14
82,2,13
83,0,15
83,1,14
83,0,15
83,1,14
